2026-07-27 04:23:44 | INFO     | __main__ | ============================================================
2026-07-27 04:23:44 | INFO     | __main__ | Amazon Product Search Scraper — Starting
2026-07-27 04:23:44 | INFO     | __main__ | ============================================================
2026-07-27 04:23:44 | INFO     | __main__ | Keyword:    laptop stand
2026-07-27 04:23:44 | INFO     | __main__ | Pages:      1
2026-07-27 04:23:44 | INFO     | __main__ | Headless:   False
2026-07-27 04:23:44 | INFO     | __main__ | Resume:     False
2026-07-27 04:23:44 | INFO     | __main__ | ------------------------------------------------------------
2026-07-27 04:23:44 | INFO     | scraper.driver | Initializing Chrome WebDriver (headless=False)...
2026-07-27 04:24:10 | INFO     | scraper.driver | Chrome WebDriver initialized successfully.
2026-07-27 04:24:10 | INFO     | scraper.search | Starting scrape: keyword='laptop stand', pages 1 to 1
2026-07-27 04:24:10 | INFO     | scraper.search | ━━━ Scraping page 1 of 1 ━━━
2026-07-27 04:24:10 | INFO     | scraper.search | Navigating to Amazon homepage...
2026-07-27 04:24:13 | DEBUG    | scraper.search | Search input found. Typing keyword: 'laptop stand'
2026-07-27 04:24:14 | INFO     | scraper.search | Search submitted for keyword: 'laptop stand'
2026-07-27 04:24:16 | INFO     | scraper.parser | Found 0 product cards on the page.
2026-07-27 04:24:16 | WARNING  | scraper.search | Page 1: No products found. This may indicate the end of search results.
2026-07-27 04:24:16 | DEBUG    | utils.resume | Progress saved: keyword='laptop stand', last_completed_page=1
2026-07-27 04:24:16 | INFO     | scraper.search | Scraping complete. Total products extracted: 0
2026-07-27 04:24:16 | WARNING  | __main__ | No products were scraped. Exiting.
2026-07-27 04:24:18 | INFO     | scraper.driver | Chrome WebDriver closed successfully.
2026-07-27 04:30:48 | INFO     | __main__ | ============================================================
2026-07-27 04:30:48 | INFO     | __main__ | Amazon Product Search Scraper — Starting
2026-07-27 04:30:48 | INFO     | __main__ | ============================================================
2026-07-27 04:30:48 | INFO     | __main__ | Keyword:    laptop stand
2026-07-27 04:30:48 | INFO     | __main__ | Pages:      1
2026-07-27 04:30:48 | INFO     | __main__ | Headless:   False
2026-07-27 04:30:48 | INFO     | __main__ | Resume:     False
2026-07-27 04:30:48 | INFO     | __main__ | ------------------------------------------------------------
2026-07-27 04:30:48 | INFO     | scraper.driver | Initializing Chrome WebDriver (headless=False)...
2026-07-27 04:30:57 | INFO     | scraper.driver | Chrome WebDriver initialized successfully.
2026-07-27 04:30:57 | INFO     | scraper.search | Starting scrape: keyword='laptop stand', pages 1 to 1
2026-07-27 04:30:57 | INFO     | scraper.search | ━━━ Scraping page 1 of 1 ━━━
2026-07-27 04:30:57 | INFO     | scraper.search | Navigating to Amazon homepage...
2026-07-27 04:31:00 | DEBUG    | scraper.search | Search input found. Typing keyword: 'laptop stand'
2026-07-27 04:31:07 | INFO     | scraper.search | Search submitted for keyword: 'laptop stand'
2026-07-27 04:31:09 | INFO     | scraper.parser | Found 22 product cards on the page.
2026-07-27 04:31:09 | DEBUG    | scraper.parser | Product 1 parsed: Lifelong Aluminum Adjustable Laptop Stand, Extra Tall 20" Ri
2026-07-27 04:31:09 | DEBUG    | scraper.parser | Product 2 parsed: OMOTON LA10 360° Rotating Laptop Stand Riser for Desk, Ergon
2026-07-27 04:31:09 | DEBUG    | scraper.parser | Product 3 parsed: Nulaxy Ergonomic Adjustable Laptop Stand for Desk, Dual Fold
2026-07-27 04:31:10 | DEBUG    | scraper.parser | Product 4 parsed: LOXP Adjustable Laptop Stand, Computer Stand with 360 Rotati
2026-07-27 04:31:10 | DEBUG    | scraper.parser | Product 5 parsed: No Drilling Under Desk Laptop Mount, Fits Devices Up to 15" 
2026-07-27 04:31:10 | DEBUG    | scraper.parser | Product 6 parsed: Amazon Basics Sturdy and Portable Ergonomic Laptop Stand for
2026-07-27 04:31:10 | DEBUG    | scraper.parser | Product 7 parsed: Laptop Stand for Desk Adjustable Computer Stand with 360 Rot
2026-07-27 04:31:10 | DEBUG    | scraper.parser | Product 8 parsed: Lamicall Adjustable Laptop Stand for Desk for MacBook Air Pr
2026-07-27 04:31:11 | DEBUG    | scraper.parser | Product 9 parsed: LOXP Adjustable Laptop Stand for Desk, Portable Airflow Lapt
2026-07-27 04:31:11 | DEBUG    | scraper.parser | Product 10 parsed: 3-in-1 Foldable Magnetic Stand for Laptop, Tablet & Phone - 
2026-07-27 04:31:11 | DEBUG    | scraper.parser | Product 11 parsed: Laptop Stand for Desk Portable Computer Riser Metal Notebook
2026-07-27 04:31:11 | DEBUG    | scraper.parser | Product 12 parsed: LOXP Laptop Stand for Desk, Aluminum Laptop Riser Holder wit
2026-07-27 04:31:11 | DEBUG    | scraper.parser | Product 13 parsed: Laptop Stand for Desk, Adjustable Laptop Riser Holder | Meta
2026-07-27 04:31:12 | DEBUG    | scraper.parser | Product 14 parsed: JOYEKY Laptop Stand for Desk, Adjustable Computer Stand with
2026-07-27 04:31:12 | DEBUG    | scraper.parser | Product 15 parsed: OMOTON LA10 360° Rotating Laptop Stand Riser for Desk, Ergon
2026-07-27 04:31:12 | DEBUG    | scraper.parser | Product 16 parsed: Adjustable Laptop Stand for Desk, Metal Laptop Riser Holder 
2026-07-27 04:31:12 | DEBUG    | scraper.parser | Product 17 parsed: JCZT Clear Acrylic Laptop Stand for Desk, Laptop Riser with 
2026-07-27 04:31:12 | DEBUG    | scraper.parser | Product 18 parsed: Lamicall Adjustable Laptop Stand for Desk 360° Rotating Base
2026-07-27 04:31:13 | DEBUG    | scraper.parser | Product 19 parsed: Adjustable Laptop Stand, Portable Laptop Riser for Desk | AB
2026-07-27 04:31:13 | DEBUG    | scraper.parser | Product 20 parsed: Nulaxy Fully Adjustable Laptop Stand for Desk, Dual Foldable
2026-07-27 04:31:13 | DEBUG    | scraper.parser | Product 21 parsed: HUANUO Laptop Lap Desk - Portable Lap Desk with Pillow Cushi
2026-07-27 04:31:13 | DEBUG    | scraper.parser | Product 22 parsed: Moallia N86 360 Rotating Laptop Stand, Adjustable Height & A
2026-07-27 04:31:13 | INFO     | scraper.search | Page 1: Extracted 22 products (total: 22)
2026-07-27 04:31:13 | DEBUG    | utils.resume | Progress saved: keyword='laptop stand', last_completed_page=1
2026-07-27 04:31:13 | INFO     | scraper.search | Scraping complete. Total products extracted: 22
2026-07-27 04:31:13 | INFO     | __main__ | Scraping finished: 22 products extracted.
2026-07-27 04:31:13 | INFO     | filters.product_filter | No filters applied. All 22 products kept.
2026-07-27 04:31:13 | INFO     | exporters.csv_exporter | CSV export complete: 22 products saved to 'E:\Anas\internship\Week3\Amazon_Automation\output\results.csv'
2026-07-27 04:31:13 | INFO     | exporters.json_exporter | JSON export complete: 22 products saved to 'E:\Anas\internship\Week3\Amazon_Automation\output\results.json'
2026-07-27 04:31:13 | INFO     | exporters.sqlite_exporter | SQLite export complete: 22 products saved to 'E:\Anas\internship\Week3\Amazon_Automation\output\results.db' (0 skipped — no ASIN)
2026-07-27 04:31:13 | DEBUG    | utils.resume | Progress file cleared.
2026-07-27 04:31:13 | INFO     | __main__ | ------------------------------------------------------------
2026-07-27 04:31:13 | INFO     | __main__ | SCRAPE SUMMARY
2026-07-27 04:31:13 | INFO     | __main__ | ------------------------------------------------------------
2026-07-27 04:31:13 | INFO     | __main__ | Keyword:          laptop stand
2026-07-27 04:31:13 | INFO     | __main__ | Pages scraped:    1
2026-07-27 04:31:13 | INFO     | __main__ | Products found:   22
2026-07-27 04:31:13 | INFO     | __main__ | After filtering:  22
2026-07-27 04:31:13 | INFO     | __main__ | Time elapsed:     25.3 seconds
2026-07-27 04:31:13 | INFO     | __main__ | CSV output:       E:\Anas\internship\Week3\Amazon_Automation\output\results.csv
2026-07-27 04:31:13 | INFO     | __main__ | JSON output:      E:\Anas\internship\Week3\Amazon_Automation\output\results.json
2026-07-27 04:31:13 | INFO     | __main__ | SQLite output:    E:\Anas\internship\Week3\Amazon_Automation\output\results.db
2026-07-27 04:31:13 | INFO     | __main__ | ============================================================
2026-07-27 04:31:13 | INFO     | __main__ | Scraping completed successfully!
2026-07-27 04:31:13 | INFO     | __main__ | ============================================================
2026-07-27 04:31:16 | INFO     | scraper.driver | Chrome WebDriver closed successfully.
2026-07-27 04:35:55 | INFO     | __main__ | ============================================================
2026-07-27 04:35:55 | INFO     | __main__ | Amazon Product Search Scraper — Starting
2026-07-27 04:35:55 | INFO     | __main__ | ============================================================
2026-07-27 04:35:55 | INFO     | __main__ | Keyword:    laptop stand
2026-07-27 04:35:55 | INFO     | __main__ | Pages:      1
2026-07-27 04:35:55 | INFO     | __main__ | Headless:   False
2026-07-27 04:35:55 | INFO     | __main__ | Resume:     False
2026-07-27 04:35:55 | INFO     | __main__ | ------------------------------------------------------------
2026-07-27 04:35:55 | INFO     | scraper.driver | Initializing Chrome WebDriver (headless=False)...
2026-07-27 04:36:04 | INFO     | scraper.driver | Chrome WebDriver initialized successfully.
2026-07-27 04:36:04 | INFO     | scraper.search | Starting scrape: keyword='laptop stand', pages 1 to 1
2026-07-27 04:36:04 | INFO     | scraper.search | ━━━ Scraping page 1 of 1 ━━━
2026-07-27 04:36:04 | INFO     | scraper.search | Navigating to Amazon homepage...
2026-07-27 04:36:08 | DEBUG    | scraper.search | Search input found. Typing keyword: 'laptop stand'
2026-07-27 04:36:14 | INFO     | scraper.search | Search submitted for keyword: 'laptop stand'
2026-07-27 04:36:17 | INFO     | scraper.parser | Found 22 product cards on the page.
2026-07-27 04:36:17 | DEBUG    | scraper.parser | Product 1 parsed: YICOSUN Adjustable Laptop Cooling Stand with 2 Quiet Fans & 
2026-07-27 04:36:18 | DEBUG    | scraper.parser | Product 2 parsed: Lifelong Aluminum Adjustable Laptop Stand, Extra Tall 20" Ri
2026-07-27 04:36:18 | DEBUG    | scraper.parser | Product 3 parsed: Nulaxy Ergonomic Adjustable Laptop Stand for Desk, Dual Fold
2026-07-27 04:36:18 | DEBUG    | scraper.parser | Product 4 parsed: LOXP Adjustable Laptop Stand, Computer Stand with 360 Rotati
2026-07-27 04:36:18 | DEBUG    | scraper.parser | Product 5 parsed: No Drilling Under Desk Laptop Mount, Fits Devices Up to 15" 
2026-07-27 04:36:18 | DEBUG    | scraper.parser | Product 6 parsed: Amazon Basics Sturdy and Portable Ergonomic Laptop Stand for
2026-07-27 04:36:19 | DEBUG    | scraper.parser | Product 7 parsed: Laptop Stand for Desk Adjustable Computer Stand with 360 Rot
2026-07-27 04:36:19 | DEBUG    | scraper.parser | Product 8 parsed: Lamicall Adjustable Laptop Stand for Desk for MacBook Air Pr
2026-07-27 04:36:19 | DEBUG    | scraper.parser | Product 9 parsed: LOXP Adjustable Laptop Stand for Desk, Portable Airflow Lapt
2026-07-27 04:36:19 | DEBUG    | scraper.parser | Product 10 parsed: 3-in-1 Foldable Magnetic Stand for Laptop, Tablet & Phone - 
2026-07-27 04:36:19 | DEBUG    | scraper.parser | Product 11 parsed: Laptop Stand for Desk Portable Computer Riser Metal Notebook
2026-07-27 04:36:20 | DEBUG    | scraper.parser | Product 12 parsed: LOXP Laptop Stand for Desk, Aluminum Laptop Riser Holder wit
2026-07-27 04:36:20 | DEBUG    | scraper.parser | Product 13 parsed: Laptop Stand for Desk, Adjustable Laptop Riser Holder | Meta
2026-07-27 04:36:20 | DEBUG    | scraper.parser | Product 14 parsed: JOYEKY Laptop Stand for Desk, Adjustable Computer Stand with
2026-07-27 04:36:20 | DEBUG    | scraper.parser | Product 15 parsed: OMOTON LA10 360° Rotating Laptop Stand Riser for Desk, Ergon
2026-07-27 04:36:20 | DEBUG    | scraper.parser | Product 16 parsed: Lamicall Adjustable Laptop Stand for Desk 360° Rotating Base
2026-07-27 04:36:21 | DEBUG    | scraper.parser | Product 17 parsed: muso wood Laptop Stand for Desk, Laptop Riser with Walnut St
2026-07-27 04:36:21 | DEBUG    | scraper.parser | Product 18 parsed: Nulaxy Fully Adjustable Laptop Stand for Desk, Dual Foldable
2026-07-27 04:36:21 | DEBUG    | scraper.parser | Product 19 parsed: Nulaxy All-Aluminum Laptop Stand for Desk, Ergonomic Detacha
2026-07-27 04:36:21 | DEBUG    | scraper.parser | Product 20 parsed: OMOTON Laptop Stand, Detachable Mount for MacBook Air/Pro De
2026-07-27 04:36:21 | DEBUG    | scraper.parser | Product 21 parsed: OMOTON LA10 360° Rotating Laptop Stand Riser Foldable for De
2026-07-27 04:36:22 | DEBUG    | scraper.parser | Product 22 parsed: Moallia N86 360 Rotating Laptop Stand, Adjustable Height & A
2026-07-27 04:36:22 | INFO     | scraper.search | Page 1: Extracted 22 products (total: 22)
2026-07-27 04:36:22 | DEBUG    | utils.resume | Progress saved: keyword='laptop stand', last_completed_page=1
2026-07-27 04:36:22 | INFO     | scraper.search | Scraping complete. Total products extracted: 22
2026-07-27 04:36:22 | INFO     | __main__ | Scraping finished: 22 products extracted.
2026-07-27 04:36:22 | INFO     | filters.product_filter | No filters applied. All 22 products kept.
2026-07-27 04:36:22 | INFO     | exporters.csv_exporter | CSV export complete: 22 products saved to 'E:\Anas\internship\Week3\Amazon_Automation\output\results.csv'
2026-07-27 04:36:22 | INFO     | exporters.json_exporter | JSON export complete: 22 products saved to 'E:\Anas\internship\Week3\Amazon_Automation\output\results.json'
2026-07-27 04:36:22 | INFO     | exporters.sqlite_exporter | SQLite export complete: 22 products saved to 'E:\Anas\internship\Week3\Amazon_Automation\output\results.db' (0 skipped — no ASIN)
2026-07-27 04:36:22 | DEBUG    | utils.resume | Progress file cleared.
2026-07-27 04:36:22 | INFO     | __main__ | ------------------------------------------------------------
2026-07-27 04:36:22 | INFO     | __main__ | SCRAPE SUMMARY
2026-07-27 04:36:22 | INFO     | __main__ | ------------------------------------------------------------
2026-07-27 04:36:22 | INFO     | __main__ | Keyword:          laptop stand
2026-07-27 04:36:22 | INFO     | __main__ | Pages scraped:    1
2026-07-27 04:36:22 | INFO     | __main__ | Products found:   22
2026-07-27 04:36:22 | INFO     | __main__ | After filtering:  22
2026-07-27 04:36:22 | INFO     | __main__ | Time elapsed:     26.8 seconds
2026-07-27 04:36:22 | INFO     | __main__ | CSV output:       E:\Anas\internship\Week3\Amazon_Automation\output\results.csv
2026-07-27 04:36:22 | INFO     | __main__ | JSON output:      E:\Anas\internship\Week3\Amazon_Automation\output\results.json
2026-07-27 04:36:22 | INFO     | __main__ | SQLite output:    E:\Anas\internship\Week3\Amazon_Automation\output\results.db
2026-07-27 04:36:22 | INFO     | __main__ | ============================================================
2026-07-27 04:36:22 | INFO     | __main__ | Scraping completed successfully!
2026-07-27 04:36:22 | INFO     | __main__ | ============================================================
2026-07-27 04:36:24 | INFO     | scraper.driver | Chrome WebDriver closed successfully.
2026-07-27 04:37:42 | INFO     | __main__ | ============================================================
2026-07-27 04:37:42 | INFO     | __main__ | Amazon Product Search Scraper — Starting
2026-07-27 04:37:42 | INFO     | __main__ | ============================================================
2026-07-27 04:37:42 | INFO     | __main__ | Keyword:    laptop stand
2026-07-27 04:37:42 | INFO     | __main__ | Pages:      2
2026-07-27 04:37:42 | INFO     | __main__ | Headless:   False
2026-07-27 04:37:42 | INFO     | __main__ | Resume:     False
2026-07-27 04:37:42 | INFO     | __main__ | ------------------------------------------------------------
2026-07-27 04:37:42 | INFO     | scraper.driver | Initializing Chrome WebDriver (headless=False)...
2026-07-27 04:37:51 | INFO     | scraper.driver | Chrome WebDriver initialized successfully.
2026-07-27 04:37:51 | INFO     | scraper.search | Starting scrape: keyword='laptop stand', pages 1 to 2
2026-07-27 04:37:51 | INFO     | scraper.search | ━━━ Scraping page 1 of 2 ━━━
2026-07-27 04:37:51 | INFO     | scraper.search | Navigating to Amazon homepage...
2026-07-27 04:37:54 | DEBUG    | scraper.search | Search input found. Typing keyword: 'laptop stand'
2026-07-27 04:38:01 | INFO     | scraper.search | Search submitted for keyword: 'laptop stand'
2026-07-27 04:38:04 | INFO     | scraper.parser | Found 22 product cards on the page.
2026-07-27 04:38:04 | DEBUG    | scraper.parser | Product 1 parsed: Lifelong Aluminum Adjustable Laptop Stand, Extra Tall 20" Ri
2026-07-27 04:38:05 | DEBUG    | scraper.parser | Product 2 parsed: YICOSUN Adjustable Laptop Cooling Stand with 2 Quiet Fans & 
2026-07-27 04:38:05 | DEBUG    | scraper.parser | Product 3 parsed: Nulaxy Ergonomic Adjustable Laptop Stand for Desk, Dual Fold
2026-07-27 04:38:05 | DEBUG    | scraper.parser | Product 4 parsed: LOXP Adjustable Laptop Stand, Computer Stand with 360 Rotati
2026-07-27 04:38:05 | DEBUG    | scraper.parser | Product 5 parsed: 3-in-1 Foldable Magnetic Stand for Laptop, Tablet & Phone - 
2026-07-27 04:38:05 | DEBUG    | scraper.parser | Product 6 parsed: Amazon Basics Sturdy and Portable Ergonomic Laptop Stand for
2026-07-27 04:38:06 | DEBUG    | scraper.parser | Product 7 parsed: Laptop Stand for Desk Adjustable Computer Stand with 360 Rot
2026-07-27 04:38:06 | DEBUG    | scraper.parser | Product 8 parsed: Lamicall Adjustable Laptop Stand for Desk for MacBook Air Pr
2026-07-27 04:38:06 | DEBUG    | scraper.parser | Product 9 parsed: LOXP Adjustable Laptop Stand for Desk, Portable Airflow Lapt
2026-07-27 04:38:06 | DEBUG    | scraper.parser | Product 10 parsed: Laptop Stand for Desk Portable Computer Riser Metal Notebook
2026-07-27 04:38:06 | DEBUG    | scraper.parser | Product 11 parsed: Laptop Stand for Desk, Adjustable Laptop Riser Holder | Meta
2026-07-27 04:38:06 | DEBUG    | scraper.parser | Product 12 parsed: LOXP Laptop Stand for Desk, Aluminum Laptop Riser Holder wit
2026-07-27 04:38:07 | DEBUG    | scraper.parser | Product 13 parsed: JOYEKY Laptop Stand for Desk, Adjustable Computer Stand with
2026-07-27 04:38:07 | DEBUG    | scraper.parser | Product 14 parsed: OMOTON LA10 360° Rotating Laptop Stand Riser for Desk, Ergon
2026-07-27 04:38:07 | DEBUG    | scraper.parser | Product 15 parsed: Adjustable Laptop Stand for Desk, Metal Laptop Riser Holder 
2026-07-27 04:38:07 | DEBUG    | scraper.parser | Product 16 parsed: Lamicall Adjustable Laptop Stand for Desk 360° Rotating Base
2026-07-27 04:38:08 | DEBUG    | scraper.parser | Product 17 parsed: muso wood Laptop Stand for Desk, Laptop Riser with Walnut St
2026-07-27 04:38:08 | DEBUG    | scraper.parser | Product 18 parsed: Adjustable Laptop Stand, Portable Laptop Riser for Desk | AB
2026-07-27 04:38:08 | DEBUG    | scraper.parser | Product 19 parsed: Nulaxy Fully Adjustable Laptop Stand for Desk, Dual Foldable
2026-07-27 04:38:08 | DEBUG    | scraper.parser | Product 20 parsed: BUYIFY 23.4" Foldable Lap Desk Bed Table with Cup Holder Tra
2026-07-27 04:38:08 | DEBUG    | scraper.parser | Product 21 parsed: Tonmom Laptop Stand for Desk, Aluminum Laptop Riser Holder |
2026-07-27 04:38:08 | DEBUG    | scraper.parser | Product 22 parsed: Portable Laptop Stand, OMOTON Laptop Stand for Desk Ergonomi
2026-07-27 04:38:08 | INFO     | scraper.search | Page 1: Extracted 22 products (total: 22)
2026-07-27 04:38:08 | DEBUG    | utils.resume | Progress saved: keyword='laptop stand', last_completed_page=1
2026-07-27 04:38:08 | INFO     | scraper.search | ━━━ Scraping page 2 of 2 ━━━
2026-07-27 04:38:08 | INFO     | scraper.search | Navigating to page 2: https://www.amazon.com/s?k=laptop stand&page=2
2026-07-27 04:38:13 | DEBUG    | scraper.search | Page 2 loaded successfully.
2026-07-27 04:38:13 | INFO     | scraper.parser | Found 22 product cards on the page.
2026-07-27 04:38:13 | DEBUG    | scraper.parser | Product 1 parsed: OMOTON LA10 360° Rotating Laptop Stand Riser for Desk, Ergon
2026-07-27 04:38:14 | DEBUG    | scraper.parser | Product 2 parsed: Tossbiss Laptop Tripod on Wheels with 2 Shelves | Portable P
2026-07-27 04:38:14 | DEBUG    | scraper.parser | Product 3 parsed: HUANUO Laptop Lap Desk - Portable Lap Desk with Pillow Cushi
2026-07-27 04:38:15 | DEBUG    | scraper.parser | Product 4 parsed: Projector Stand Tripod Adjustable, Laptop Height from 23.5 t
2026-07-27 04:38:15 | DEBUG    | scraper.parser | Product 5 parsed: Tonmom Laptop Stand for Desk, Adjustable Laptop Riser, Black
2026-07-27 04:38:16 | DEBUG    | scraper.parser | Product 6 parsed: havit HV-F2056 15.6"-17" Laptop Cooler Cooling Pad - Slim Po
2026-07-27 04:38:16 | DEBUG    | scraper.parser | Product 7 parsed: SOUNDANCE Laptop Stand, Aluminum Computer Riser, Ergonomic L
2026-07-27 04:38:17 | DEBUG    | scraper.parser | Product 8 parsed: Nulaxy All-Aluminum Laptop Stand for Desk, Ergonomic Detacha
2026-07-27 04:38:17 | DEBUG    | scraper.parser | Product 9 parsed: WALI Computer Monitor Stand for Desk, Adjustable Laptop Rise
2026-07-27 04:38:17 | DEBUG    | scraper.parser | Product 10 parsed: RIWUCT 2026 Laptop Stand for Desk Ultra-Slim Portable & Heig
2026-07-27 04:38:18 | DEBUG    | scraper.parser | Product 11 parsed: OMOTON LA15 Foldable & Portable Laptop Stand for Desk, [360°
2026-07-27 04:38:18 | DEBUG    | scraper.parser | Product 12 parsed: Orlian Foldable Aluminum Laptop Stand for 10-17.3" Laptops, 
2026-07-27 04:38:18 | DEBUG    | scraper.parser | Product 13 parsed: WALI Laptop Desk Mount for 17 inch Notebook, Adjustable Sing
2026-07-27 04:38:18 | DEBUG    | scraper.parser | Product 14 parsed: UGREEN Vertical Laptop Stand Holder for Desk Compatible with
2026-07-27 04:38:19 | DEBUG    | scraper.parser | Product 15 parsed: RIWUCT Foldable Aluminum Alloy Laptop Stand for Desk, Height
2026-07-27 04:38:19 | DEBUG    | scraper.parser | Product 16 parsed: JCZT Adjustable Laptop Stand for Desk, Metal Foldable Laptop
2026-07-27 04:38:20 | DEBUG    | scraper.parser | Product 17 parsed: Laptop Stand for Desk Adjustable Computer Stand with 360 Rot
2026-07-27 04:38:20 | DEBUG    | scraper.parser | Product 18 parsed: HUANUO Monitor Riser for Desk, Desk Organizer,Laptop Shelf w
2026-07-27 04:38:20 | DEBUG    | scraper.parser | Product 19 parsed: Moallia N86 360 Rotating Laptop Stand for Desk with Locking 
2026-07-27 04:38:21 | DEBUG    | scraper.parser | Product 20 parsed: LOXP Laptop Stand for Desk, Aluminum Laptop Riser Holder wit
2026-07-27 04:38:21 | DEBUG    | scraper.parser | Product 21 parsed: Moallia N86 360 Rotating Laptop Stand, Adjustable Height & A
2026-07-27 04:38:22 | DEBUG    | scraper.parser | Product 22 parsed: OMOTON Adjustable Laptop Stand for Desk 360° Rotating Base u
2026-07-27 04:38:22 | INFO     | scraper.search | Page 2: Extracted 22 products (total: 44)
2026-07-27 04:38:22 | DEBUG    | utils.resume | Progress saved: keyword='laptop stand', last_completed_page=2
2026-07-27 04:38:22 | INFO     | scraper.search | Scraping complete. Total products extracted: 44
2026-07-27 04:38:22 | INFO     | __main__ | Scraping finished: 44 products extracted.
2026-07-27 04:38:22 | INFO     | filters.product_filter | No filters applied. All 44 products kept.
2026-07-27 04:38:22 | INFO     | exporters.csv_exporter | CSV export complete: 44 products saved to 'E:\Anas\internship\Week3\Amazon_Automation\output\results.csv'
2026-07-27 04:38:22 | INFO     | exporters.json_exporter | JSON export complete: 44 products saved to 'E:\Anas\internship\Week3\Amazon_Automation\output\results.json'
2026-07-27 04:38:22 | INFO     | exporters.sqlite_exporter | SQLite export complete: 44 products saved to 'E:\Anas\internship\Week3\Amazon_Automation\output\results.db' (0 skipped — no ASIN)
2026-07-27 04:38:22 | DEBUG    | utils.resume | Progress file cleared.
2026-07-27 04:38:22 | INFO     | __main__ | ------------------------------------------------------------
2026-07-27 04:38:22 | INFO     | __main__ | SCRAPE SUMMARY
2026-07-27 04:38:22 | INFO     | __main__ | ------------------------------------------------------------
2026-07-27 04:38:22 | INFO     | __main__ | Keyword:          laptop stand
2026-07-27 04:38:22 | INFO     | __main__ | Pages scraped:    2
2026-07-27 04:38:22 | INFO     | __main__ | Products found:   44
2026-07-27 04:38:22 | INFO     | __main__ | After filtering:  44
2026-07-27 04:38:22 | INFO     | __main__ | Time elapsed:     40.2 seconds
2026-07-27 04:38:22 | INFO     | __main__ | CSV output:       E:\Anas\internship\Week3\Amazon_Automation\output\results.csv
2026-07-27 04:38:22 | INFO     | __main__ | JSON output:      E:\Anas\internship\Week3\Amazon_Automation\output\results.json
2026-07-27 04:38:22 | INFO     | __main__ | SQLite output:    E:\Anas\internship\Week3\Amazon_Automation\output\results.db
2026-07-27 04:38:22 | INFO     | __main__ | ============================================================
2026-07-27 04:38:22 | INFO     | __main__ | Scraping completed successfully!
2026-07-27 04:38:22 | INFO     | __main__ | ============================================================
2026-07-27 04:38:24 | INFO     | scraper.driver | Chrome WebDriver closed successfully.
2026-07-27 04:39:49 | INFO     | __main__ | ============================================================
2026-07-27 04:39:49 | INFO     | __main__ | Amazon Product Search Scraper — Starting
2026-07-27 04:39:49 | INFO     | __main__ | ============================================================
2026-07-27 04:39:49 | INFO     | __main__ | Keyword:    laptop stand
2026-07-27 04:39:49 | INFO     | __main__ | Pages:      3
2026-07-27 04:39:49 | INFO     | __main__ | Headless:   False
2026-07-27 04:39:49 | INFO     | __main__ | Resume:     False
2026-07-27 04:39:49 | INFO     | __main__ | ------------------------------------------------------------
2026-07-27 04:39:49 | INFO     | scraper.driver | Initializing Chrome WebDriver (headless=False)...
2026-07-27 04:39:58 | INFO     | scraper.driver | Chrome WebDriver initialized successfully.
2026-07-27 04:39:58 | INFO     | scraper.search | Starting scrape: keyword='laptop stand', pages 1 to 3
2026-07-27 04:39:58 | INFO     | scraper.search | ━━━ Scraping page 1 of 3 ━━━
2026-07-27 04:39:58 | INFO     | scraper.search | Navigating to Amazon homepage...
2026-07-27 04:40:02 | DEBUG    | scraper.search | Search input found. Typing keyword: 'laptop stand'
2026-07-27 04:40:07 | INFO     | scraper.search | Search submitted for keyword: 'laptop stand'
2026-07-27 04:40:10 | INFO     | scraper.parser | Found 22 product cards on the page.
2026-07-27 04:40:10 | DEBUG    | scraper.parser | Product 1 parsed: Lifelong Aluminum Adjustable Laptop Stand, Extra Tall 20" Ri
2026-07-27 04:40:10 | DEBUG    | scraper.parser | Product 2 parsed: OMOTON LA10 360° Rotating Laptop Stand Riser for Desk, Ergon
2026-07-27 04:40:10 | DEBUG    | scraper.parser | Product 3 parsed: Nulaxy Ergonomic Adjustable Laptop Stand for Desk, Dual Fold
2026-07-27 04:40:11 | DEBUG    | scraper.parser | Product 4 parsed: LOXP Adjustable Laptop Stand, Computer Stand with 360 Rotati
2026-07-27 04:40:11 | DEBUG    | scraper.parser | Product 5 parsed: Amazon Basics Sturdy and Portable Ergonomic Laptop Stand for
2026-07-27 04:40:11 | DEBUG    | scraper.parser | Product 6 parsed: Lamicall Adjustable Laptop Stand for Desk for MacBook Air Pr
2026-07-27 04:40:12 | DEBUG    | scraper.parser | Product 7 parsed: Laptop Stand for Desk Adjustable Computer Stand with 360 Rot
2026-07-27 04:40:12 | DEBUG    | scraper.parser | Product 8 parsed: LOXP Adjustable Laptop Stand for Desk, Portable Airflow Lapt
2026-07-27 04:40:12 | DEBUG    | scraper.parser | Product 9 parsed: Laptop Stand for Desk Portable Computer Riser Metal Notebook
2026-07-27 04:40:12 | DEBUG    | scraper.parser | Product 10 parsed: Laptop Bed Desk, 5-Angle Adjustable Bed Laptop Table with Cu
2026-07-27 04:40:13 | DEBUG    | scraper.parser | Product 11 parsed: Laptop Stand for Desk, Adjustable Laptop Riser Holder | Meta
2026-07-27 04:40:13 | DEBUG    | scraper.parser | Product 12 parsed: LOXP Laptop Stand for Desk, Aluminum Laptop Riser Holder wit
2026-07-27 04:40:13 | DEBUG    | scraper.parser | Product 13 parsed: JOYEKY Laptop Stand for Desk, Adjustable Computer Stand with
2026-07-27 04:40:13 | DEBUG    | scraper.parser | Product 14 parsed: OMOTON LA10 360° Rotating Laptop Stand Riser for Desk, Ergon
2026-07-27 04:40:13 | DEBUG    | scraper.parser | Product 15 parsed: Adjustable Laptop Stand for Desk, Metal Laptop Riser Holder 
2026-07-27 04:40:14 | DEBUG    | scraper.parser | Product 16 parsed: Lamicall Adjustable Laptop Stand for Desk 360° Rotating Base
2026-07-27 04:40:14 | DEBUG    | scraper.parser | Product 17 parsed: muso wood Laptop Stand for Desk, Laptop Riser with Walnut St
2026-07-27 04:40:14 | DEBUG    | scraper.parser | Product 18 parsed: Adjustable Laptop Stand, Portable Laptop Riser for Desk | AB
2026-07-27 04:40:14 | DEBUG    | scraper.parser | Product 19 parsed: Nulaxy Fully Adjustable Laptop Stand for Desk, Dual Foldable
2026-07-27 04:40:14 | DEBUG    | scraper.parser | Product 20 parsed: HUANUO Laptop Lap Desk - Portable Lap Desk with Pillow Cushi
2026-07-27 04:40:14 | DEBUG    | scraper.parser | Product 21 parsed: UGREEN Vertical Laptop Stand Holder for Desk Compatible with
2026-07-27 04:40:15 | DEBUG    | scraper.parser | Product 22 parsed: muso wood Laptop Stand for Desk, Laptop Riser with 360 Rotat
2026-07-27 04:40:15 | INFO     | scraper.search | Page 1: Extracted 22 products (total: 22)
2026-07-27 04:40:15 | DEBUG    | utils.resume | Progress saved: keyword='laptop stand', last_completed_page=1
2026-07-27 04:40:15 | INFO     | scraper.search | ━━━ Scraping page 2 of 3 ━━━
2026-07-27 04:40:15 | INFO     | scraper.search | Navigating to page 2: https://www.amazon.com/s?k=laptop stand&page=2
2026-07-27 04:40:20 | DEBUG    | scraper.search | Page 2 loaded successfully.
2026-07-27 04:40:20 | INFO     | scraper.parser | Found 22 product cards on the page.
2026-07-27 04:40:20 | DEBUG    | scraper.parser | Product 1 parsed: OMOTON LA10 360° Rotating Laptop Stand Riser for Desk, Ergon
2026-07-27 04:40:21 | DEBUG    | scraper.parser | Product 2 parsed: Lifelong Aluminum Adjustable Laptop Stand, Extra Tall 20" Ri
2026-07-27 04:40:21 | DEBUG    | scraper.parser | Product 3 parsed: WALI Laptop Desk Mount for 17 inch Notebook, Adjustable Sing
2026-07-27 04:40:21 | DEBUG    | scraper.parser | Product 4 parsed: Projector Stand Tripod Adjustable, Laptop Height from 23.5 t
2026-07-27 04:40:21 | DEBUG    | scraper.parser | Product 5 parsed: BUYIFY 23.4" Foldable Lap Desk Bed Table with Cup Holder Tra
2026-07-27 04:40:22 | DEBUG    | scraper.parser | Product 6 parsed: Tonmom Laptop Stand for Desk, Adjustable Laptop Riser, Black
2026-07-27 04:40:22 | DEBUG    | scraper.parser | Product 7 parsed: Tonmom Laptop Stand for Desk, Aluminum Laptop Riser Holder |
2026-07-27 04:40:22 | DEBUG    | scraper.parser | Product 8 parsed: SOUNDANCE Laptop Stand, Aluminum Computer Riser, Ergonomic L
2026-07-27 04:40:22 | DEBUG    | scraper.parser | Product 9 parsed: havit HV-F2056 15.6"-17" Laptop Cooler Cooling Pad - Slim Po
2026-07-27 04:40:23 | DEBUG    | scraper.parser | Product 10 parsed: Nulaxy All-Aluminum Laptop Stand for Desk, Ergonomic Detacha
2026-07-27 04:40:23 | DEBUG    | scraper.parser | Product 11 parsed: MOKURU Laptop Stand for Desk, Aluminum Computer Stand for La
2026-07-27 04:40:23 | DEBUG    | scraper.parser | Product 12 parsed: OMOTON LA15 Foldable & Portable Laptop Stand for Desk, [360°
2026-07-27 04:40:23 | DEBUG    | scraper.parser | Product 13 parsed: WALI Computer Monitor Stand for Desk, Adjustable Laptop Rise
2026-07-27 04:40:24 | DEBUG    | scraper.parser | Product 14 parsed: RIWUCT 2026 Laptop Stand for Desk Ultra-Slim Portable & Heig
2026-07-27 04:40:24 | DEBUG    | scraper.parser | Product 15 parsed: RIWUCT Foldable Aluminum Alloy Laptop Stand for Desk, Height
2026-07-27 04:40:24 | DEBUG    | scraper.parser | Product 16 parsed: HUANUO Monitor Riser for Desk, Desk Organizer,Laptop Shelf w
2026-07-27 04:40:24 | DEBUG    | scraper.parser | Product 17 parsed: Moallia N86 360 Rotating Laptop Stand for Desk with Locking 
2026-07-27 04:40:25 | DEBUG    | scraper.parser | Product 18 parsed: Laptop Stand for Desk Adjustable Computer Stand with 360 Rot
2026-07-27 04:40:25 | DEBUG    | scraper.parser | Product 19 parsed: JCZT Adjustable Laptop Stand for Desk, Metal Foldable Laptop
2026-07-27 04:40:25 | DEBUG    | scraper.parser | Product 20 parsed: LOXP Laptop Stand for Desk, Aluminum Laptop Riser Holder wit
2026-07-27 04:40:25 | DEBUG    | scraper.parser | Product 21 parsed: Moallia N86 360 Rotating Laptop Stand, Adjustable Height & A
2026-07-27 04:40:26 | DEBUG    | scraper.parser | Product 22 parsed: Laptop Stand for Desk Adjustable Computer Stand with 360 Rot
2026-07-27 04:40:26 | INFO     | scraper.search | Page 2: Extracted 22 products (total: 44)
2026-07-27 04:40:26 | DEBUG    | utils.resume | Progress saved: keyword='laptop stand', last_completed_page=2
2026-07-27 04:40:26 | INFO     | scraper.search | ━━━ Scraping page 3 of 3 ━━━
2026-07-27 04:40:26 | INFO     | scraper.search | Navigating to page 3: https://www.amazon.com/s?k=laptop stand&page=3
2026-07-27 04:40:30 | DEBUG    | scraper.search | Page 3 loaded successfully.
2026-07-27 04:40:30 | INFO     | scraper.parser | Found 22 product cards on the page.
2026-07-27 04:40:30 | DEBUG    | scraper.parser | Product 1 parsed: OMOTON Adjustable Laptop Stand for Desk 360° Rotating Base u
2026-07-27 04:40:30 | DEBUG    | scraper.parser | Product 2 parsed: Kensington Adjustable Aluminum Laptop Stand for Desk, Ultra-
2026-07-27 04:40:31 | DEBUG    | scraper.parser | Product 3 parsed: Moallia N86 360 Rotating Laptop Stand, Adjustable Height & A
2026-07-27 04:40:31 | DEBUG    | scraper.parser | Product 4 parsed: OMOTON Laptop Stand, Detachable Mount for MacBook Air/Pro De
2026-07-27 04:40:31 | DEBUG    | scraper.parser | Product 5 parsed: RIWUCT 360° Rotatable Laptop Stand for Desk Adjustable Heigh
2026-07-27 04:40:31 | DEBUG    | scraper.parser | Product 6 parsed: Lifelong Aluminum Adjustable Laptop Stand, Extra Tall 20" Ri
2026-07-27 04:40:31 | DEBUG    | scraper.parser | Product 7 parsed: ivoler Laptop Stand, Laptop Holder Riser Computer Tablet Sta
2026-07-27 04:40:32 | DEBUG    | scraper.parser | Product 8 parsed: Rain Design 10032 mStand Laptop Stand, Silver (Patented)
2026-07-27 04:40:32 | DEBUG    | scraper.parser | Product 9 parsed: SAIJI Height & Angle Adjustable Laptop Stand for Bed, Lap De
2026-07-27 04:40:32 | DEBUG    | scraper.parser | Product 10 parsed: OMOTON LA10 360° Rotating Laptop Stand Riser Foldable for De
2026-07-27 04:40:32 | DEBUG    | scraper.parser | Product 11 parsed: muso wood Laptop Stand for Desk, Laptop Riser with Walnut St
2026-07-27 04:40:32 | DEBUG    | scraper.parser | Product 12 parsed: Pyle Portable Folding Laptop Stand - Foldable Laptop Stand w
2026-07-27 04:40:32 | DEBUG    | scraper.parser | Product 13 parsed: JCZT Clear Acrylic Laptop Stand for Desk, Laptop Riser with 
2026-07-27 04:40:33 | DEBUG    | scraper.parser | Product 14 parsed: SOUNDANCE Laptop Stand, Aluminum Computer Riser, Ergonomic L
2026-07-27 04:40:33 | DEBUG    | scraper.parser | Product 15 parsed: Amazon Basics Height Adjustable Monitor Stand Riser with Sto
2026-07-27 04:40:33 | DEBUG    | scraper.parser | Product 16 parsed: Roost V3 Laptop Stand – Adjustable and Extremely Portable La
2026-07-27 04:40:33 | DEBUG    | scraper.parser | Product 17 parsed: LOXP Adjustable Laptop Stand, Computer Stand with 360 Rotati
2026-07-27 04:40:33 | DEBUG    | scraper.parser | Product 18 parsed: WALI Computer Monitor Stand for Desk, Adjustable Laptop Rise
2026-07-27 04:40:33 | DEBUG    | scraper.parser | Product 19 parsed: OMOTON Adjustable Laptop Stand for Desk 360° Rotating Base u
2026-07-27 04:40:34 | DEBUG    | scraper.parser | Product 20 parsed: BUYIFY 23" Foldable Lap Desk for Laptop Writing w/Cup Holder
2026-07-27 04:40:34 | DEBUG    | scraper.parser | Product 21 parsed: OMOTON LA15 Foldable & Portable Laptop Stand for Desk, [360°
2026-07-27 04:40:34 | DEBUG    | scraper.parser | Product 22 parsed: Leeboom Laptop Stand for Desk, Adjustable Foldable Aluminum 
2026-07-27 04:40:34 | INFO     | scraper.search | Page 3: Extracted 22 products (total: 66)
2026-07-27 04:40:34 | DEBUG    | utils.resume | Progress saved: keyword='laptop stand', last_completed_page=3
2026-07-27 04:40:34 | INFO     | scraper.search | Scraping complete. Total products extracted: 66
2026-07-27 04:40:34 | INFO     | __main__ | Scraping finished: 66 products extracted.
2026-07-27 04:40:34 | INFO     | filters.product_filter | No filters applied. All 66 products kept.
2026-07-27 04:40:34 | INFO     | exporters.csv_exporter | CSV export complete: 66 products saved to 'E:\Anas\internship\Week3\Amazon_Automation\output\results.csv'
2026-07-27 04:40:34 | INFO     | exporters.json_exporter | JSON export complete: 66 products saved to 'E:\Anas\internship\Week3\Amazon_Automation\output\results.json'
2026-07-27 04:40:34 | INFO     | exporters.sqlite_exporter | SQLite export complete: 66 products saved to 'E:\Anas\internship\Week3\Amazon_Automation\output\results.db' (0 skipped — no ASIN)
2026-07-27 04:40:34 | DEBUG    | utils.resume | Progress file cleared.
2026-07-27 04:40:34 | INFO     | __main__ | ------------------------------------------------------------
2026-07-27 04:40:34 | INFO     | __main__ | SCRAPE SUMMARY
2026-07-27 04:40:34 | INFO     | __main__ | ------------------------------------------------------------
2026-07-27 04:40:34 | INFO     | __main__ | Keyword:          laptop stand
2026-07-27 04:40:34 | INFO     | __main__ | Pages scraped:    3
2026-07-27 04:40:34 | INFO     | __main__ | Products found:   66
2026-07-27 04:40:34 | INFO     | __main__ | After filtering:  66
2026-07-27 04:40:34 | INFO     | __main__ | Time elapsed:     44.6 seconds
2026-07-27 04:40:34 | INFO     | __main__ | CSV output:       E:\Anas\internship\Week3\Amazon_Automation\output\results.csv
2026-07-27 04:40:34 | INFO     | __main__ | JSON output:      E:\Anas\internship\Week3\Amazon_Automation\output\results.json
2026-07-27 04:40:34 | INFO     | __main__ | SQLite output:    E:\Anas\internship\Week3\Amazon_Automation\output\results.db
2026-07-27 04:40:34 | INFO     | __main__ | ============================================================
2026-07-27 04:40:34 | INFO     | __main__ | Scraping completed successfully!
2026-07-27 04:40:34 | INFO     | __main__ | ============================================================
2026-07-27 04:40:36 | INFO     | scraper.driver | Chrome WebDriver closed successfully.
2026-07-27 04:43:01 | INFO     | __main__ | ============================================================
2026-07-27 04:43:01 | INFO     | __main__ | Amazon Product Search Scraper — Starting
2026-07-27 04:43:01 | INFO     | __main__ | ============================================================
2026-07-27 04:43:01 | INFO     | __main__ | Keyword:    laptop stand
2026-07-27 04:43:01 | INFO     | __main__ | Pages:      10
2026-07-27 04:43:01 | INFO     | __main__ | Headless:   False
2026-07-27 04:43:01 | INFO     | __main__ | Resume:     False
2026-07-27 04:43:01 | INFO     | __main__ | ------------------------------------------------------------
2026-07-27 04:43:01 | INFO     | scraper.driver | Initializing Chrome WebDriver (headless=False)...
2026-07-27 04:43:10 | INFO     | scraper.driver | Chrome WebDriver initialized successfully.
2026-07-27 04:43:10 | INFO     | scraper.search | Starting scrape: keyword='laptop stand', pages 1 to 10
2026-07-27 04:43:10 | INFO     | scraper.search | ━━━ Scraping page 1 of 10 ━━━
2026-07-27 04:43:10 | INFO     | scraper.search | Navigating to Amazon homepage...
2026-07-27 04:43:13 | DEBUG    | scraper.search | Search input found. Typing keyword: 'laptop stand'
2026-07-27 04:43:21 | INFO     | scraper.search | Search submitted for keyword: 'laptop stand'
2026-07-27 04:43:22 | INFO     | scraper.parser | Found 22 product cards on the page.
2026-07-27 04:43:23 | DEBUG    | scraper.parser | Product 1 parsed: 3-in-1 Portable Laptop Stand, Magnetic Tablet Phone Holder M
2026-07-27 04:43:23 | DEBUG    | scraper.parser | Product 2 parsed: Adjustable Laptop Stand with Magnetic Phone Holder, 3-in-1 F
2026-07-27 04:43:23 | DEBUG    | scraper.parser | Product 3 parsed: Nulaxy Ergonomic Adjustable Laptop Stand for Desk, Dual Fold
2026-07-27 04:43:23 | DEBUG    | scraper.parser | Product 4 parsed: LOXP Adjustable Laptop Stand, Computer Stand with 360 Rotati
2026-07-27 04:43:23 | DEBUG    | scraper.parser | Product 5 parsed: Amazon Basics Sturdy and Portable Ergonomic Laptop Stand for
2026-07-27 04:43:23 | DEBUG    | scraper.parser | Product 6 parsed: Lamicall Adjustable Laptop Stand for Desk for MacBook Air Pr
2026-07-27 04:43:24 | DEBUG    | scraper.parser | Product 7 parsed: LOXP Laptop Stand for Desk, Aluminum Laptop Riser Holder wit
2026-07-27 04:43:24 | DEBUG    | scraper.parser | Product 8 parsed: LOXP Adjustable Laptop Stand for Desk, Portable Airflow Lapt
2026-07-27 04:43:24 | DEBUG    | scraper.parser | Product 9 parsed: Laptop Stand for Desk Portable Computer Riser Metal Notebook
2026-07-27 04:43:24 | DEBUG    | scraper.parser | Product 10 parsed: Laptop Stand for Desk, Adjustable Laptop Riser Holder | Meta
2026-07-27 04:43:24 | DEBUG    | scraper.parser | Product 11 parsed: JOYEKY Laptop Stand for Desk, Adjustable Computer Stand with
2026-07-27 04:43:24 | DEBUG    | scraper.parser | Product 12 parsed: MOKURU Laptop Stand for Desk, Aluminum Computer Stand for La
2026-07-27 04:43:25 | DEBUG    | scraper.parser | Product 13 parsed: OMOTON LA10 360° Rotating Laptop Stand Riser for Desk, Ergon
2026-07-27 04:43:25 | DEBUG    | scraper.parser | Product 14 parsed: Adjustable Laptop Stand for Desk, Metal Laptop Riser Holder 
2026-07-27 04:43:25 | DEBUG    | scraper.parser | Product 15 parsed: Lamicall Adjustable Laptop Stand for Desk 360° Rotating Base
2026-07-27 04:43:25 | DEBUG    | scraper.parser | Product 16 parsed: Nulaxy Fully Adjustable Laptop Stand for Desk, Dual Foldable
2026-07-27 04:43:25 | DEBUG    | scraper.parser | Product 17 parsed: SOUNDANCE Adjustable Laptop Stand for Desk, Computer Stand, 
2026-07-27 04:43:26 | DEBUG    | scraper.parser | Product 18 parsed: Nulaxy All-Aluminum Laptop Stand for Desk, Ergonomic Detacha
2026-07-27 04:43:26 | DEBUG    | scraper.parser | Product 19 parsed: OMOTON Laptop Stand, Detachable Mount for MacBook Air/Pro De
2026-07-27 04:43:26 | DEBUG    | scraper.parser | Product 20 parsed: OMOTON LA10 360° Rotating Laptop Stand Riser Foldable for De
2026-07-27 04:43:26 | DEBUG    | scraper.parser | Product 21 parsed: OMOTON Vertical Laptop Stand [Updated Double Version], Deskt
2026-07-27 04:43:26 | DEBUG    | scraper.parser | Product 22 parsed: Laptop Stand for Desk Adjustable Computer Stand with 360 Rot
2026-07-27 04:43:26 | INFO     | scraper.search | Page 1: Extracted 22 products (total: 22)
2026-07-27 04:43:26 | DEBUG    | utils.resume | Progress saved: keyword='laptop stand', last_completed_page=1
2026-07-27 04:43:26 | INFO     | scraper.search | ━━━ Scraping page 2 of 10 ━━━
2026-07-27 04:43:26 | INFO     | scraper.search | Navigating to page 2: https://www.amazon.com/s?k=laptop stand&page=2
2026-07-27 04:43:31 | DEBUG    | scraper.search | Page 2 loaded successfully.
2026-07-27 04:43:31 | INFO     | scraper.parser | Found 22 product cards on the page.
2026-07-27 04:43:32 | DEBUG    | scraper.parser | Product 1 parsed: Laptop Stand for Desk Adjustable Computer Stand with 360 Rot
2026-07-27 04:43:32 | DEBUG    | scraper.parser | Product 2 parsed: LOXP Laptop Stand for Desk, Aluminum Laptop Riser Holder wit
2026-07-27 04:43:32 | DEBUG    | scraper.parser | Product 3 parsed: Projector Stand Tripod Adjustable, Laptop Height from 23.5 t
2026-07-27 04:43:32 | DEBUG    | scraper.parser | Product 4 parsed: Adjustable Laptop Stand, Portable Laptop Riser for Desk | AB
2026-07-27 04:43:33 | DEBUG    | scraper.parser | Product 5 parsed: BUYIFY 23.4" Foldable Lap Desk Bed Table with Cup Holder Tra
2026-07-27 04:43:33 | DEBUG    | scraper.parser | Product 6 parsed: Tonmom Laptop Stand for Desk, Adjustable Laptop Riser, Black
2026-07-27 04:43:33 | DEBUG    | scraper.parser | Product 7 parsed: Tonmom Laptop Stand for Desk, Aluminum Laptop Riser Holder |
2026-07-27 04:43:34 | DEBUG    | scraper.parser | Product 8 parsed: SOUNDANCE Laptop Stand, Aluminum Computer Riser, Ergonomic L
2026-07-27 04:43:34 | DEBUG    | scraper.parser | Product 9 parsed: HUANUO Laptop Lap Desk - Portable Lap Desk with Pillow Cushi
2026-07-27 04:43:34 | DEBUG    | scraper.parser | Product 10 parsed: UGREEN Vertical Laptop Stand Holder for Desk Compatible with
2026-07-27 04:43:34 | DEBUG    | scraper.parser | Product 11 parsed: Techni Mobili Adjustable Height Rolling Laptop Cart with Sto
2026-07-27 04:43:35 | DEBUG    | scraper.parser | Product 12 parsed: MOKURU Laptop Stand for Desk, Aluminum Computer Stand for La
2026-07-27 04:43:35 | DEBUG    | scraper.parser | Product 13 parsed: RIWUCT 2026 Laptop Stand for Desk Ultra-Slim Portable & Heig
2026-07-27 04:43:35 | DEBUG    | scraper.parser | Product 14 parsed: RIWUCT Foldable Aluminum Alloy Laptop Stand for Desk, Height
2026-07-27 04:43:35 | DEBUG    | scraper.parser | Product 15 parsed: WALI Computer Monitor Stand for Desk, Adjustable Laptop Rise
2026-07-27 04:43:36 | DEBUG    | scraper.parser | Product 16 parsed: havit HV-F2056 15.6"-17" Laptop Cooler Cooling Pad - Slim Po
2026-07-27 04:43:36 | DEBUG    | scraper.parser | Product 17 parsed: WALI Laptop Desk Mount for 17 inch Notebook, Adjustable Sing
2026-07-27 04:43:36 | DEBUG    | scraper.parser | Product 18 parsed: Laptop Stand for Desk Adjustable Computer Stand with 360 Rot
2026-07-27 04:43:37 | DEBUG    | scraper.parser | Product 19 parsed: Moallia N86 360 Rotating Laptop Stand, Adjustable Height & A
2026-07-27 04:43:37 | DEBUG    | scraper.parser | Product 20 parsed: LOXP Laptop Stand for Desk, Aluminum Laptop Riser Holder wit
2026-07-27 04:43:37 | DEBUG    | scraper.parser | Product 21 parsed: JOIOT Adjustable Aluminum Laptop Stand, Ergonomic Riser for 
2026-07-27 04:43:37 | DEBUG    | scraper.parser | Product 22 parsed: TECKNET Laptop Stand for Desk, 360° Rotating Laptop Stand fo
2026-07-27 04:43:37 | INFO     | scraper.search | Page 2: Extracted 22 products (total: 44)
2026-07-27 04:43:37 | DEBUG    | utils.resume | Progress saved: keyword='laptop stand', last_completed_page=2
2026-07-27 04:43:37 | INFO     | scraper.search | ━━━ Scraping page 3 of 10 ━━━
2026-07-27 04:43:37 | INFO     | scraper.search | Navigating to page 3: https://www.amazon.com/s?k=laptop stand&page=3
2026-07-27 04:43:42 | DEBUG    | scraper.search | Page 3 loaded successfully.
2026-07-27 04:43:42 | INFO     | scraper.parser | Found 22 product cards on the page.
2026-07-27 04:43:42 | DEBUG    | scraper.parser | Product 1 parsed: LOXP Laptop Stand for Desk, Aluminum Laptop Riser Holder wit
2026-07-27 04:43:42 | DEBUG    | scraper.parser | Product 2 parsed: Laptop Stand for Desk Adjustable Computer Stand with 360 Rot
2026-07-27 04:43:43 | DEBUG    | scraper.parser | Product 3 parsed: RIWUCT 360° Rotatable Laptop Stand for Desk Adjustable Heigh
2026-07-27 04:43:43 | DEBUG    | scraper.parser | Product 4 parsed: JCZT Adjustable Laptop Stand for Desk, Metal Foldable Laptop
2026-07-27 04:43:43 | DEBUG    | scraper.parser | Product 5 parsed: HUANUO Monitor Riser for Desk, Desk Organizer,Laptop Shelf w
2026-07-27 04:43:43 | DEBUG    | scraper.parser | Product 6 parsed: Lifelong Aluminum Adjustable Laptop Stand, Extra Tall 20" Ri
2026-07-27 04:43:44 | DEBUG    | scraper.parser | Product 7 parsed: ivoler Laptop Stand, Laptop Holder Riser Computer Tablet Sta
2026-07-27 04:43:44 | DEBUG    | scraper.parser | Product 8 parsed: Rain Design 10032 mStand Laptop Stand, Silver (Patented)
2026-07-27 04:43:44 | DEBUG    | scraper.parser | Product 9 parsed: JCZT Clear Acrylic Laptop Stand for Desk, Laptop Riser with 
2026-07-27 04:43:44 | DEBUG    | scraper.parser | Product 10 parsed: SAIJI Height & Angle Adjustable Laptop Stand for Bed, Lap De
2026-07-27 04:43:45 | DEBUG    | scraper.parser | Product 11 parsed: MOKURU Laptop Stand for Desk, Aluminum Computer Stand for La
2026-07-27 04:43:45 | DEBUG    | scraper.parser | Product 12 parsed: Techni Mobili Adjustable Height Rolling Laptop Cart with Sto
2026-07-27 04:43:45 | DEBUG    | scraper.parser | Product 13 parsed: Amazon Basics Height Adjustable Monitor Stand Riser with Sto
2026-07-27 04:43:46 | DEBUG    | scraper.parser | Product 14 parsed: Roost V3 Laptop Stand – Adjustable and Extremely Portable La
2026-07-27 04:43:46 | DEBUG    | scraper.parser | Product 15 parsed: OMOTON Adjustable Laptop Stand for Desk 360° Rotating Base u
2026-07-27 04:43:46 | DEBUG    | scraper.parser | Product 16 parsed: BUYIFY 23" Foldable Lap Desk for Laptop Writing w/Cup Holder
2026-07-27 04:43:46 | DEBUG    | scraper.parser | Product 17 parsed: Wooden Laptop Stand Vertical Laptop for 13-18.6in Laptop,Bam
2026-07-27 04:43:47 | DEBUG    | scraper.parser | Product 18 parsed: HUANUO 2 in 1 Function Laptop Mount with Tray, Fits 13-34″ M
2026-07-27 04:43:47 | DEBUG    | scraper.parser | Product 19 parsed: Laptop Stand Adjustable Portable Aluminum for 10" - 17" Lapt
2026-07-27 04:43:47 | DEBUG    | scraper.parser | Product 20 parsed: Ergonomic Aluminum Laptop Mount - Adjustable Computer Stand 
2026-07-27 04:43:47 | DEBUG    | scraper.parser | Product 21 parsed: OMOTON More Stable Laptop Stand, Aluminum Adjustable Laptop 
2026-07-27 04:43:48 | DEBUG    | scraper.parser | Product 22 parsed: LOXP Adjustable Laptop Stand, Computer Stand with 360 Rotati
2026-07-27 04:43:48 | INFO     | scraper.search | Page 3: Extracted 22 products (total: 66)
2026-07-27 04:43:48 | DEBUG    | utils.resume | Progress saved: keyword='laptop stand', last_completed_page=3
2026-07-27 04:43:48 | INFO     | scraper.search | ━━━ Scraping page 4 of 10 ━━━
2026-07-27 04:43:48 | INFO     | scraper.search | Navigating to page 4: https://www.amazon.com/s?k=laptop stand&page=4
2026-07-27 04:43:52 | DEBUG    | scraper.search | Page 4 loaded successfully.
2026-07-27 04:43:52 | INFO     | scraper.parser | Found 22 product cards on the page.
2026-07-27 04:43:52 | DEBUG    | scraper.parser | Product 1 parsed: LOXP Laptop Stand for Desk, Aluminum Laptop Riser Holder wit
2026-07-27 04:43:53 | DEBUG    | scraper.parser | Product 2 parsed: Laptop Stand for Desk Adjustable Computer Stand with 360 Rot
2026-07-27 04:43:53 | DEBUG    | scraper.parser | Product 3 parsed: Uncaged Ergonomics Swivel Laptop Stand for Desk, Adjustable 
2026-07-27 04:43:53 | DEBUG    | scraper.parser | Product 4 parsed: Laptop Bed Tray Desk, SAIJI X-Large Adjustable Laptop Table,
2026-07-27 04:43:53 | DEBUG    | scraper.parser | Product 5 parsed: Urmust Adjustable Laptop Stand for Desk, 10-15.6“ Laptop Ris
2026-07-27 04:43:54 | DEBUG    | scraper.parser | Product 6 parsed: JOIOT Ergonomic Laptop Stand,Adjustable Riser for 10-17.3” C
2026-07-27 04:43:54 | DEBUG    | scraper.parser | Product 7 parsed: OMOTON Vertical Laptop Stand Holder, Adjustable Dock for Mac
2026-07-27 04:43:54 | DEBUG    | scraper.parser | Product 8 parsed: Nulaxy 18" Height Telescopic 360 Rotating Aluminum Laptop St
2026-07-27 04:43:54 | DEBUG    | scraper.parser | Product 9 parsed: Ekisemio Metal Monitor Stand Riser with Fabric Drawer, 2-Tie
2026-07-27 04:43:55 | DEBUG    | scraper.parser | Product 10 parsed: AOEVI Adjustable Computer Stand with 360 Rotating Base, Ergo
2026-07-27 04:43:55 | DEBUG    | scraper.parser | Product 11 parsed: muso wood Laptop Stand for Desk, Laptop Riser with 360 Rotat
2026-07-27 04:43:55 | DEBUG    | scraper.parser | Product 12 parsed: Nulaxy Pull-Out Height Adjustable Laptop Stand for Desk, 22 
2026-07-27 04:43:56 | DEBUG    | scraper.parser | Product 13 parsed: tounee Telescopic Laptop Stand for Desk with 360° Swivel Bas
2026-07-27 04:43:56 | DEBUG    | scraper.parser | Product 14 parsed: LAPGEAR Home Office Lap Desk – Pink, Fits 15.6” Laptops
2026-07-27 04:43:56 | DEBUG    | scraper.parser | Product 15 parsed: Model-X 2.0 Laptop Stand, Laptop Stand for Desk Adjustable H
2026-07-27 04:43:56 | DEBUG    | scraper.parser | Product 16 parsed: SOUNDANCE Laptop Stand for Desk, Ergonomic Metal Computer Ri
2026-07-27 04:43:57 | DEBUG    | scraper.parser | Product 17 parsed: BENFEI Laptop Stand with USB C 7in1 Docking Station,HDMI 4K@
2026-07-27 04:43:57 | DEBUG    | scraper.parser | Product 18 parsed: SOUNDANCE Adjustable Laptop Stand, Ergonomic Aluminum Riser 
2026-07-27 04:43:57 | DEBUG    | scraper.parser | Product 19 parsed: HumanCentric Vertical Laptop Stand for Desks in Matte Black,
2026-07-27 04:43:57 | DEBUG    | scraper.parser | Product 20 parsed: ALASHI Laptop Stand for Desk with 360° Rotating Base, Multi-
2026-07-27 04:43:58 | DEBUG    | scraper.parser | Product 21 parsed: MOKURU Laptop Stand for Desk, Aluminum Computer Stand for La
2026-07-27 04:43:58 | DEBUG    | scraper.parser | Product 22 parsed: Laptop Stand for Desk, Ergonomic Sitting and Standing Laptop
2026-07-27 04:43:58 | INFO     | scraper.search | Page 4: Extracted 22 products (total: 88)
2026-07-27 04:43:58 | DEBUG    | utils.resume | Progress saved: keyword='laptop stand', last_completed_page=4
2026-07-27 04:43:58 | INFO     | scraper.search | ━━━ Scraping page 5 of 10 ━━━
2026-07-27 04:43:58 | INFO     | scraper.search | Navigating to page 5: https://www.amazon.com/s?k=laptop stand&page=5
2026-07-27 04:44:03 | DEBUG    | scraper.search | Page 5 loaded successfully.
2026-07-27 04:44:03 | INFO     | scraper.parser | Found 22 product cards on the page.
2026-07-27 04:44:03 | DEBUG    | scraper.parser | Product 1 parsed: LOXP Laptop Stand for Desk, Aluminum Laptop Riser Holder wit
2026-07-27 04:44:04 | DEBUG    | scraper.parser | Product 2 parsed: Laptop Stand for Desk, Ergonomic Sitting and Standing Laptop
2026-07-27 04:44:04 | DEBUG    | scraper.parser | Product 3 parsed: UGREEN 3-Slot Vertical Laptop Stand Holder Desk Compatible w
2026-07-27 04:44:04 | DEBUG    | scraper.parser | Product 4 parsed: Pyle Portable Folding Laptop Stand - Standing Table with Adj
2026-07-27 04:44:04 | DEBUG    | scraper.parser | Product 5 parsed: Simple Houseware Laptop Stand, 11-Level Adjustable Computer 
2026-07-27 04:44:05 | DEBUG    | scraper.parser | Product 6 parsed: Rain Design mStand360 Laptop Stand with Swivel Base, Silver 
2026-07-27 04:44:05 | DEBUG    | scraper.parser | Product 7 parsed: Rain Design mStand Laptop Stand - Space Gray (10072)
2026-07-27 04:44:05 | DEBUG    | scraper.parser | Product 8 parsed: AXA AXCESSABLES DJ Laptop Stand with Travel Bag | Portable F
2026-07-27 04:44:05 | DEBUG    | scraper.parser | Product 9 parsed: Laptop Stand Aluminum Cooling Computer Stand Holder for Appl
2026-07-27 04:44:06 | DEBUG    | scraper.parser | Product 10 parsed: Adjustable Laptop Projector Stand with Wheels, Phone Holder 
2026-07-27 04:44:06 | DEBUG    | scraper.parser | Product 11 parsed: Pyle Portable Folding Laptop Stand - Foldable Laptop Stand w
2026-07-27 04:44:06 | DEBUG    | scraper.parser | Product 12 parsed: Notebook Stand, Computer Keyboard Bracket Mini Portable Heig
2026-07-27 04:44:06 | DEBUG    | scraper.parser | Product 13 parsed: Tossbiss Laptop Tripod on Wheels with 2 Shelves | Portable P
2026-07-27 04:44:07 | DEBUG    | scraper.parser | Product 14 parsed: HUANUO Laptop Desk Mount - 17' to 32' Monitor Arm, Ventilate
2026-07-27 04:44:07 | DEBUG    | scraper.parser | Product 15 parsed: OImaster Laptop Stand for Desk, Phone Stand, Extended Laptop
2026-07-27 04:44:07 | DEBUG    | scraper.parser | Product 16 parsed: Rain Design 10075 mStand Laptop Stand (Black)
2026-07-27 04:44:08 | DEBUG    | scraper.parser | Product 17 parsed: Laptop Stand with Docking Station, 8 in 1 USB C Hub HDMI Por
2026-07-27 04:44:08 | DEBUG    | scraper.parser | Product 18 parsed: OMOTON LA10 360° Rotating Laptop Stand Riser Foldable for De
2026-07-27 04:44:08 | DEBUG    | scraper.parser | Product 19 parsed: Livilord ALASHI Laptop Stand for Desk with 360° Rotating Bas
2026-07-27 04:44:08 | DEBUG    | scraper.parser | Product 20 parsed: JARLINK Vertical Laptop Stand, Adjustable Aluminum Desktop H
2026-07-27 04:44:09 | DEBUG    | scraper.parser | Product 21 parsed: Laptop Stand for Desk Adjustable Computer Stand with 360 Rot
2026-07-27 04:44:09 | DEBUG    | scraper.parser | Product 22 parsed: MOKURU Laptop Stand for Desk, Aluminum Computer Stand for La
2026-07-27 04:44:09 | INFO     | scraper.search | Page 5: Extracted 22 products (total: 110)
2026-07-27 04:44:09 | DEBUG    | utils.resume | Progress saved: keyword='laptop stand', last_completed_page=5
2026-07-27 04:44:09 | INFO     | scraper.search | ━━━ Scraping page 6 of 10 ━━━
2026-07-27 04:44:09 | INFO     | scraper.search | Navigating to page 6: https://www.amazon.com/s?k=laptop stand&page=6
2026-07-27 04:44:13 | DEBUG    | scraper.search | Page 6 loaded successfully.
2026-07-27 04:44:13 | INFO     | scraper.parser | Found 22 product cards on the page.
2026-07-27 04:44:13 | DEBUG    | scraper.parser | Product 1 parsed: LOXP Laptop Stand for Desk, Aluminum Laptop Riser Holder wit
2026-07-27 04:44:13 | DEBUG    | scraper.parser | Product 2 parsed: MOKURU Laptop Stand for Desk, Aluminum Computer Stand for La
2026-07-27 04:44:14 | DEBUG    | scraper.parser | Product 3 parsed: tounee Laptop Stand for Desk, Adjustable Computer Stand Hold
2026-07-27 04:44:14 | DEBUG    | scraper.parser | Product 4 parsed: HUANUO Monitor Stand, Monitor Stand Riser 3 Height Adjustabl
2026-07-27 04:44:14 | DEBUG    | scraper.parser | Product 5 parsed: Orionstar Ergonomic Laptop Stand, Premium 5mm Aluminum Riser
2026-07-27 04:44:14 | DEBUG    | scraper.parser | Product 6 parsed: SODI Vertical Laptop Stand for Desk, Gravity Auto Lock MacBo
2026-07-27 04:44:15 | DEBUG    | scraper.parser | Product 7 parsed: SAMDI Wood Laptop Stand for Desk,Laptop Holder Stand,Wooden 
2026-07-27 04:44:15 | DEBUG    | scraper.parser | Product 8 parsed: Pyle Portable Folding Laptop Stand - Foldable Laptop Stand w
2026-07-27 04:44:15 | DEBUG    | scraper.parser | Product 9 parsed: Razer Adjustable Laptop Stand, Supports Phones/Tablets up to
2026-07-27 04:44:15 | DEBUG    | scraper.parser | Product 10 parsed: Aluminum Laptop Stand for Desk, Heavy Duty Computer Stand wi
2026-07-27 04:44:16 | DEBUG    | scraper.parser | Product 11 parsed: 3 in 1 Laptop Stand for Desk, Book Stand & Phone Holder, Sky
2026-07-27 04:44:16 | DEBUG    | scraper.parser | Product 12 parsed: Nulaxy Pull-Out Height Adjustable Laptop Stand for Desk, 22 
2026-07-27 04:44:16 | DEBUG    | scraper.parser | Product 13 parsed: Native Union Desk Laptop Stand – Height Adjustable Ergonomic
2026-07-27 04:44:16 | DEBUG    | scraper.parser | Product 14 parsed: TigerDad Mobile Adjustable Height Laptop Stand PC Computer P
2026-07-27 04:44:17 | DEBUG    | scraper.parser | Product 15 parsed: Lap Desk for Bed, Adjustable Laptop Desk with USB Charging P
2026-07-27 04:44:17 | DEBUG    | scraper.parser | Product 16 parsed: JCZT 360° Rotating Laptop Stand for Desk, Metal Foldable Lap
2026-07-27 04:44:17 | DEBUG    | scraper.parser | Product 17 parsed: OMOTON Laptop Stand, Adjustable Metal Foldable Riser 10-17.2
2026-07-27 04:44:17 | DEBUG    | scraper.parser | Product 18 parsed: tounee Laptop Stand with Detachable USB-C Hub, 100W PD Charg
2026-07-27 04:44:18 | DEBUG    | scraper.parser | Product 19 parsed: Acrylic Vertical Laptop Stand for Desk,Acrylic Invisible Des
2026-07-27 04:44:18 | DEBUG    | scraper.parser | Product 20 parsed: Egchi Clear Acrylic Monitor Stand Riser 2 Tier, 5.12 Inches 
2026-07-27 04:44:18 | DEBUG    | scraper.parser | Product 21 parsed: Laptop Stand for Desk Adjustable Computer Stand with 360 Rot
2026-07-27 04:44:19 | DEBUG    | scraper.parser | Product 22 parsed: JOIOT Adjustable Aluminum Laptop Stand, Ergonomic Riser for 
2026-07-27 04:44:19 | INFO     | scraper.search | Page 6: Extracted 22 products (total: 132)
2026-07-27 04:44:19 | DEBUG    | utils.resume | Progress saved: keyword='laptop stand', last_completed_page=6
2026-07-27 04:44:19 | INFO     | scraper.search | ━━━ Scraping page 7 of 10 ━━━
2026-07-27 04:44:19 | INFO     | scraper.search | Navigating to page 7: https://www.amazon.com/s?k=laptop stand&page=7
2026-07-27 04:44:23 | DEBUG    | scraper.search | Page 7 loaded successfully.
2026-07-27 04:44:23 | INFO     | scraper.parser | Found 22 product cards on the page.
2026-07-27 04:44:23 | DEBUG    | scraper.parser | Product 1 parsed: LOXP Laptop Stand for Desk, Aluminum Laptop Riser Holder wit
2026-07-27 04:44:24 | DEBUG    | scraper.parser | Product 2 parsed: Laptop Stand for Desk Adjustable Computer Stand with 360 Rot
2026-07-27 04:44:24 | DEBUG    | scraper.parser | Product 3 parsed: Lpoake Acrylic Laptop Stand for Desk, Adjustable Ergonomic L
2026-07-27 04:44:24 | DEBUG    | scraper.parser | Product 4 parsed: Leeboom Laptop Stand for Desk, Adjustable Foldable Aluminum 
2026-07-27 04:44:24 | DEBUG    | scraper.parser | Product 5 parsed: Laptop Stand for Desk, Ergonomic Aluminum Laptop Stand Adjus
2026-07-27 04:44:25 | DEBUG    | scraper.parser | Product 6 parsed: KOOV Projector Stand Adjustable Height 20" to 61" | Foldable
2026-07-27 04:44:25 | DEBUG    | scraper.parser | Product 7 parsed: RockJam RJLP1 Adjustable DJ Laptop Stand, Anti Slip Desktop 
2026-07-27 04:44:25 | DEBUG    | scraper.parser | Product 8 parsed: MOKURU Laptop Stand for Desk, Aluminum Laptop Riser, Ergonom
2026-07-27 04:44:25 | DEBUG    | scraper.parser | Product 9 parsed: Facilife Projector Stand Tripod - Laptop Tripod Projector St
2026-07-27 04:44:26 | DEBUG    | scraper.parser | Product 10 parsed: Portable Laptop Stand, OMOTON Laptop Stand for Desk Ergonomi
2026-07-27 04:44:26 | DEBUG    | scraper.parser | Product 11 parsed: MOKURU Laptop Stand for Desk, Aluminum Computer Stand for La
2026-07-27 04:44:26 | DEBUG    | scraper.parser | Product 12 parsed: muso wood Laptop Stand for Desk, Laptop Riser with Walnut St
2026-07-27 04:44:26 | DEBUG    | scraper.parser | Product 13 parsed: Adjustable Vertical Laptop Stand, MacBook Holder with Wood, 
2026-07-27 04:44:27 | DEBUG    | scraper.parser | Product 14 parsed: JOIOT Adjustable Aluminum Laptop Stand, Ergonomic Riser for 
2026-07-27 04:44:27 | DEBUG    | scraper.parser | Product 15 parsed: Elestoria Aluminum Vertical Laptop Stand with Gravity Auto-L
2026-07-27 04:44:27 | DEBUG    | scraper.parser | Product 16 parsed: SOUNDANCE 360 Rotating Laptop Stand, Ergonomic Computer Rise
2026-07-27 04:44:27 | DEBUG    | scraper.parser | Product 17 parsed: Tonmom Adjustable Laptop Stand for Desk, Metal Foldable Lapt
2026-07-27 04:44:28 | DEBUG    | scraper.parser | Product 18 parsed: VIVO Black Fully Adjustable Curved Laptop, Notebook and Moni
2026-07-27 04:44:28 | DEBUG    | scraper.parser | Product 19 parsed: WorkEZ Adjustable Laptop Stand for Desk, Adjustable Height L
2026-07-27 04:44:28 | DEBUG    | scraper.parser | Product 20 parsed: JOKItech Aluminum Laptop Vertical Stand Organizer, Sturdy La
2026-07-27 04:44:29 | DEBUG    | scraper.parser | Product 21 parsed: JOIOT Adjustable Aluminum Laptop Stand, Ergonomic Riser for 
2026-07-27 04:44:29 | DEBUG    | scraper.parser | Product 22 parsed: tounee Laptop Stand for Desk, Adjustable Computer Stand Hold
2026-07-27 04:44:29 | INFO     | scraper.search | Page 7: Extracted 22 products (total: 154)
2026-07-27 04:44:29 | DEBUG    | utils.resume | Progress saved: keyword='laptop stand', last_completed_page=7
2026-07-27 04:44:29 | INFO     | scraper.search | ━━━ Scraping page 8 of 10 ━━━
2026-07-27 04:44:29 | INFO     | scraper.search | Navigating to page 8: https://www.amazon.com/s?k=laptop stand&page=8
2026-07-27 04:44:32 | DEBUG    | scraper.search | Page 8 loaded successfully.
2026-07-27 04:44:32 | INFO     | scraper.parser | Found 22 product cards on the page.
2026-07-27 04:44:33 | DEBUG    | scraper.parser | Product 1 parsed: LOXP Laptop Stand for Desk, Aluminum Laptop Riser Holder wit
2026-07-27 04:44:33 | DEBUG    | scraper.parser | Product 2 parsed: Laptop Stand for Desk Adjustable Computer Stand with 360 Rot
2026-07-27 04:44:33 | DEBUG    | scraper.parser | Product 3 parsed: SODI [Ultra Compact] Foldable & Portable Laptop Stand for De
2026-07-27 04:44:33 | DEBUG    | scraper.parser | Product 4 parsed: Ergonomic Adjustable Laptop Stand for Desk with Phone Holder
2026-07-27 04:44:34 | DEBUG    | scraper.parser | Product 5 parsed: OPTIXCELL Lap Desk with Arm Rest, Ergonomic 17" Laptop Desk 
2026-07-27 04:44:34 | DEBUG    | scraper.parser | Product 6 parsed: YICOSUN Aluminum Vertical Laptop Stand for Desk - Adjustable
2026-07-27 04:44:34 | DEBUG    | scraper.parser | Product 7 parsed: Kootek Laptop Cooling Pad, Laptop Cooler with 5 Quiet Fans f
2026-07-27 04:44:35 | DEBUG    | scraper.parser | Product 8 parsed: TAVR Monitor Stand Riser, Office Desktop Organizer Stand for
2026-07-27 04:44:35 | DEBUG    | scraper.parser | Product 9 parsed: Thibault Aluminum Laptop Stand for Desk - Cooling Ergonomic 
2026-07-27 04:44:35 | DEBUG    | scraper.parser | Product 10 parsed: Laptop Stand for Desk, Ventilated Aluminum Laptop Riser, Sil
2026-07-27 04:44:35 | DEBUG    | scraper.parser | Product 11 parsed: OMOTON LA15 Foldable & Portable Laptop Stand for Desk, [360°
2026-07-27 04:44:35 | DEBUG    | scraper.parser | Product 12 parsed: Lifelong Aluminum Adjustable Laptop Stand, Extra Tall 20" Ri
2026-07-27 04:44:36 | DEBUG    | scraper.parser | Product 13 parsed: Adjustable Laptop Stand for Desk, DJ Laptop Stand Adjustable
2026-07-27 04:44:36 | DEBUG    | scraper.parser | Product 14 parsed: Laptop Stand for Desk - Adjustable, Foldable Clear Acrylic R
2026-07-27 04:44:36 | DEBUG    | scraper.parser | Product 15 parsed: MOFT Laptop Stand for Desk, Adhesive MacBook Computer Stand 
2026-07-27 04:44:36 | DEBUG    | scraper.parser | Product 16 parsed: Orlian Adjustable Laptop Stand for Desk,11-16" Aluminum Port
2026-07-27 04:44:37 | DEBUG    | scraper.parser | Product 17 parsed: Simple Trending 2-Tier Metal Monitor Stand with Drawer & Pen
2026-07-27 04:44:37 | DEBUG    | scraper.parser | Product 18 parsed: Zimilar Monitor Stand Riser with Metal Mesh Drawer, Height A
2026-07-27 04:44:37 | DEBUG    | scraper.parser | Product 19 parsed: Targus Laptop Cooling Pad for Laptops up to 17-inches, Dual 
2026-07-27 04:44:37 | DEBUG    | scraper.parser | Product 20 parsed: Adjustable Laptop Stand, Aluminum Laptop Riser | Portable No
2026-07-27 04:44:38 | DEBUG    | scraper.parser | Product 21 parsed: MOKURU Laptop Stand for Desk, Aluminum Computer Stand for La
2026-07-27 04:44:38 | DEBUG    | scraper.parser | Product 22 parsed: JOIOT Adjustable Aluminum Laptop Stand, Ergonomic Riser for 
2026-07-27 04:44:38 | INFO     | scraper.search | Page 8: Extracted 22 products (total: 176)
2026-07-27 04:44:38 | DEBUG    | utils.resume | Progress saved: keyword='laptop stand', last_completed_page=8
2026-07-27 04:44:38 | INFO     | scraper.search | ━━━ Scraping page 9 of 10 ━━━
2026-07-27 04:44:38 | INFO     | scraper.search | Navigating to page 9: https://www.amazon.com/s?k=laptop stand&page=9
2026-07-27 04:44:42 | DEBUG    | scraper.search | Page 9 loaded successfully.
2026-07-27 04:44:42 | INFO     | scraper.parser | Found 22 product cards on the page.
2026-07-27 04:44:43 | DEBUG    | scraper.parser | Product 1 parsed: LOXP Laptop Stand for Desk, Aluminum Laptop Riser Holder wit
2026-07-27 04:44:43 | DEBUG    | scraper.parser | Product 2 parsed: Laptop Stand for Desk Adjustable Computer Stand with 360 Rot
2026-07-27 04:44:43 | DEBUG    | scraper.parser | Product 3 parsed: LORYERGO Adjustable Laptop Stand, Portable for 17.3inch Lapt
2026-07-27 04:44:43 | DEBUG    | scraper.parser | Product 4 parsed: UGREEN Laptop Stand for Desk Laptop Riser Holder Foldable Po
2026-07-27 04:44:44 | DEBUG    | scraper.parser | Product 5 parsed: Ergonomic 2-in-1 Purple Laptop Phone Stand for Desk, Adjusta
2026-07-27 04:44:44 | DEBUG    | scraper.parser | Product 6 parsed: Laptop Stand for Desk – 2.5mm Aluminum Ergonomic Riser, Adju
2026-07-27 04:44:44 | DEBUG    | scraper.parser | Product 7 parsed: Laptop Cooling Pad, Hagibis Ergonomic Laptop Stand Small Inv
2026-07-27 04:44:45 | DEBUG    | scraper.parser | Product 8 parsed: Projector Stand, 33LB Load Bearing & 22-55" Height Adjustabl
2026-07-27 04:44:45 | DEBUG    | scraper.parser | Product 9 parsed: SOUNDANCE Laptop Stand for Desk with Stable Heavy Base, Adju
2026-07-27 04:44:45 | DEBUG    | scraper.parser | Product 10 parsed: Viozon Portable Laptop Stand for Desk, Foldable Adjustable C
2026-07-27 04:44:45 | DEBUG    | scraper.parser | Product 11 parsed: Aluminum Fold & Laptop Riser Stand 3-in-1 Adjustable, Foldab
2026-07-27 04:44:46 | DEBUG    | scraper.parser | Product 12 parsed: Nulaxy Pull-Out Height Adjustable Laptop Stand for Desk, 22 
2026-07-27 04:44:46 | DEBUG    | scraper.parser | Product 13 parsed: MOFT Laptop Stand for Desk, Adhesive Airflow Laptop Cooling 
2026-07-27 04:44:46 | DEBUG    | scraper.parser | Product 14 parsed: Aluminum Vertical Laptop Stand Dock Holder, Adjustable Slot 
2026-07-27 04:44:46 | DEBUG    | scraper.parser | Product 15 parsed: HUANUO Adjustable Monitor Arm with Laptop Tray, Single Desk 
2026-07-27 04:44:47 | DEBUG    | scraper.parser | Product 16 parsed: Amazon Basics Adjustable Height Portable Laptop Tripod Stand
2026-07-27 04:44:47 | DEBUG    | scraper.parser | Product 17 parsed: Portable Laptop Stand, Adjustable Laptop Holder Riser Comput
2026-07-27 04:44:47 | DEBUG    | scraper.parser | Product 18 parsed: MOKURU Laptop Stand for Desk, Aluminum Computer Stand for La
2026-07-27 04:44:47 | DEBUG    | scraper.parser | Product 19 parsed: PYLE Laptop & Projector Stand, Tripod Stand With Adjustable 
2026-07-27 04:44:48 | DEBUG    | scraper.parser | Product 20 parsed: MCHOSE Laptop Stand, H-Design Stable Computer Stand, Ergonom
2026-07-27 04:44:48 | DEBUG    | scraper.parser | Product 21 parsed: MOKURU Laptop Stand for Desk, Aluminum Computer Stand for La
2026-07-27 04:44:49 | DEBUG    | scraper.parser | Product 22 parsed: Leeboom Laptop Stand for Desk, Adjustable Foldable Aluminum 
2026-07-27 04:44:49 | INFO     | scraper.search | Page 9: Extracted 22 products (total: 198)
2026-07-27 04:44:49 | DEBUG    | utils.resume | Progress saved: keyword='laptop stand', last_completed_page=9
2026-07-27 04:44:49 | INFO     | scraper.search | ━━━ Scraping page 10 of 10 ━━━
2026-07-27 04:44:49 | INFO     | scraper.search | Navigating to page 10: https://www.amazon.com/s?k=laptop stand&page=10
2026-07-27 04:44:52 | DEBUG    | scraper.search | Page 10 loaded successfully.
2026-07-27 04:44:52 | INFO     | scraper.parser | Found 22 product cards on the page.
2026-07-27 04:44:53 | DEBUG    | scraper.parser | Product 1 parsed: LOXP Laptop Stand for Desk, Aluminum Laptop Riser Holder wit
2026-07-27 04:44:53 | DEBUG    | scraper.parser | Product 2 parsed: Notebook Invisible Stand, Computer Keyboard Stand for Desk ,
2026-07-27 04:44:53 | DEBUG    | scraper.parser | Product 3 parsed: Laptop Stand for Desk Stable Foldable Adjustable Multi-Angle
2026-07-27 04:44:53 | DEBUG    | scraper.parser | Product 4 parsed: VIVO Single Laptop Notebook Desk Mount Stand, Fully Adjustab
2026-07-27 04:44:54 | DEBUG    | scraper.parser | Product 5 parsed: Nuvograin Laptop Stand, Wooden Vertical Laptop Stand for Des
2026-07-27 04:44:54 | DEBUG    | scraper.parser | Product 6 parsed: AMT Premium Acrylic Clear Monitor Riser Laptop/PC/Multimedia
2026-07-27 04:44:54 | DEBUG    | scraper.parser | Product 7 parsed: Ergonomic and Foldable Laptop Stand for Desk, Adjustable Ris
2026-07-27 04:44:55 | DEBUG    | scraper.parser | Product 8 parsed: SenseAGE Laptop Stand for Desk, Office, Ergonomic Notebook S
2026-07-27 04:44:55 | DEBUG    | scraper.parser | Product 9 parsed: Simple Trending Metal Monitor Stand Riser and Computer Desk 
2026-07-27 04:44:55 | DEBUG    | scraper.parser | Product 10 parsed: BoYata Laptop Stand, Height Adjustable Laptop Riser for 11-1
2026-07-27 04:44:55 | DEBUG    | scraper.parser | Product 11 parsed: Tossbiss Laptop Tripod on Wheels with 2 Shelves | Portable P
2026-07-27 04:44:56 | DEBUG    | scraper.parser | Product 12 parsed: Laptop Stand for Desk Adjustable Computer Stand with 360 Rot
2026-07-27 04:44:56 | DEBUG    | scraper.parser | Product 13 parsed: gianotter 2-Tier Metal Monitor Stand Riser | Desk Organizers
2026-07-27 04:44:56 | DEBUG    | scraper.parser | Product 14 parsed: HUANUO Monitor Stand for Desk, Computer Monitor Stand Height
2026-07-27 04:44:56 | DEBUG    | scraper.parser | Product 15 parsed: Laptop Desk Table, SAIJI Adjustable Laptop Stand, Portable L
2026-07-27 04:44:57 | DEBUG    | scraper.parser | Product 16 parsed: Adjustable Laptop Stand for Desk-360° Rotating Foldable Lapt
2026-07-27 04:44:57 | DEBUG    | scraper.parser | Product 17 parsed: Acrylic Monitor Stand Riser Clear Laptop Stand Riser L12.5 x
2026-07-27 04:44:57 | DEBUG    | scraper.parser | Product 18 parsed: 4-in-1 Foldable Laptop Stand & Magnetic Phone Holder, Silver
2026-07-27 04:44:57 | DEBUG    | scraper.parser | Product 19 parsed: Laptop Stand for Desk,Adjustable Computer Stand with 360° Ro
2026-07-27 04:44:58 | DEBUG    | scraper.parser | Product 20 parsed: Laptop Desk for Bed with Cooling Fan, SAIJI Height & Angle A
2026-07-27 04:44:58 | DEBUG    | scraper.parser | Product 21 parsed: ICE COOREL Portable Laptop Stand, Foldable Laptop Riser for 
2026-07-27 04:44:58 | DEBUG    | scraper.parser | Product 22 parsed: LOXP Adjustable Laptop Stand, Computer Stand with 360 Rotati
2026-07-27 04:44:58 | INFO     | scraper.search | Page 10: Extracted 22 products (total: 220)
2026-07-27 04:44:58 | DEBUG    | utils.resume | Progress saved: keyword='laptop stand', last_completed_page=10
2026-07-27 04:44:58 | INFO     | scraper.search | Scraping complete. Total products extracted: 220
2026-07-27 04:44:58 | INFO     | __main__ | Scraping finished: 220 products extracted.
2026-07-27 04:44:58 | INFO     | filters.product_filter | No filters applied. All 220 products kept.
2026-07-27 04:44:58 | INFO     | exporters.csv_exporter | CSV export complete: 220 products saved to 'E:\Anas\internship\Week3\Amazon_Automation\output\results.csv'
2026-07-27 04:44:58 | INFO     | exporters.json_exporter | JSON export complete: 220 products saved to 'E:\Anas\internship\Week3\Amazon_Automation\output\results.json'
2026-07-27 04:44:58 | INFO     | exporters.sqlite_exporter | SQLite export complete: 220 products saved to 'E:\Anas\internship\Week3\Amazon_Automation\output\results.db' (0 skipped — no ASIN)
2026-07-27 04:44:58 | DEBUG    | utils.resume | Progress file cleared.
2026-07-27 04:44:58 | INFO     | __main__ | ------------------------------------------------------------
2026-07-27 04:44:58 | INFO     | __main__ | SCRAPE SUMMARY
2026-07-27 04:44:58 | INFO     | __main__ | ------------------------------------------------------------
2026-07-27 04:44:58 | INFO     | __main__ | Keyword:          laptop stand
2026-07-27 04:44:58 | INFO     | __main__ | Pages scraped:    10
2026-07-27 04:44:58 | INFO     | __main__ | Products found:   220
2026-07-27 04:44:58 | INFO     | __main__ | After filtering:  220
2026-07-27 04:44:58 | INFO     | __main__ | Time elapsed:     117.3 seconds
2026-07-27 04:44:58 | INFO     | __main__ | CSV output:       E:\Anas\internship\Week3\Amazon_Automation\output\results.csv
2026-07-27 04:44:58 | INFO     | __main__ | JSON output:      E:\Anas\internship\Week3\Amazon_Automation\output\results.json
2026-07-27 04:44:58 | INFO     | __main__ | SQLite output:    E:\Anas\internship\Week3\Amazon_Automation\output\results.db
2026-07-27 04:44:58 | INFO     | __main__ | ============================================================
2026-07-27 04:44:58 | INFO     | __main__ | Scraping completed successfully!
2026-07-27 04:44:58 | INFO     | __main__ | ============================================================
2026-07-27 04:45:01 | INFO     | scraper.driver | Chrome WebDriver closed successfully.
2026-07-27 04:48:00 | INFO     | __main__ | ============================================================
2026-07-27 04:48:00 | INFO     | __main__ | Amazon Product Search Scraper — Starting
2026-07-27 04:48:00 | INFO     | __main__ | ============================================================
2026-07-27 04:48:00 | INFO     | __main__ | Keyword:    Computer tables
2026-07-27 04:48:00 | INFO     | __main__ | Pages:      15
2026-07-27 04:48:00 | INFO     | __main__ | Headless:   False
2026-07-27 04:48:00 | INFO     | __main__ | Resume:     False
2026-07-27 04:48:00 | INFO     | __main__ | ------------------------------------------------------------
2026-07-27 04:48:00 | INFO     | scraper.driver | Initializing Chrome WebDriver (headless=False)...
2026-07-27 04:48:08 | INFO     | scraper.driver | Chrome WebDriver initialized successfully.
2026-07-27 04:48:08 | INFO     | scraper.search | Starting scrape: keyword='Computer tables', pages 1 to 15
2026-07-27 04:48:08 | INFO     | scraper.search | ━━━ Scraping page 1 of 15 ━━━
2026-07-27 04:48:08 | INFO     | scraper.search | Navigating to Amazon homepage...
2026-07-27 04:48:12 | DEBUG    | scraper.search | Search input found. Typing keyword: 'Computer tables'
2026-07-27 04:48:19 | INFO     | scraper.search | Search submitted for keyword: 'Computer tables'
2026-07-27 04:48:22 | INFO     | scraper.parser | Found 60 product cards on the page.
2026-07-27 04:48:22 | DEBUG    | scraper.parser | Product 1 parsed: Acrolix Electric Standing Desk with Cable Management,Rustic 
2026-07-27 04:48:22 | DEBUG    | scraper.parser | Product 2 parsed: Huuger 63 x 24 inch Desk with Power Outlets & USB-C, Deeper 
2026-07-27 04:48:22 | DEBUG    | scraper.parser | Product 3 parsed: Enayplon Small Standing Desk with Wheels, Tall Mobile Stand 
2026-07-27 04:48:23 | DEBUG    | scraper.parser | Product 4 parsed: Huuger 47 Inch Computer Desk with Power Outlets and LED Ligh
2026-07-27 04:48:23 | DEBUG    | scraper.parser | Product 5 parsed: HUANUO 32" Small Electric Standing Desk Adjustable Height, 4
2026-07-27 04:48:23 | DEBUG    | scraper.parser | Product 6 parsed: Sweetcrispy 40-Inch Computer Desk with Drawers, Office Desk,
2026-07-27 04:48:23 | DEBUG    | scraper.parser | Product 7 parsed: TEMI Small Computer Desk Folding Table - 35.8" Foldable Offi
2026-07-27 04:48:23 | DEBUG    | scraper.parser | Product 8 parsed: PayLessHere | 32 Inch Computer Desk | Brown | Office Desk wi
2026-07-27 04:48:23 | DEBUG    | scraper.parser | Product 9 parsed: Kitstorack TV Tray Table, Adjustable Height & Flip-Top & Rou
2026-07-27 04:48:23 | DEBUG    | scraper.parser | Product 10 parsed: Lufeiya Computer Desk with File Drawers Cabinet, 47 Inch Rev
2026-07-27 04:48:24 | DEBUG    | scraper.parser | Product 11 parsed: Lufeiya Gaming Desk with Fabric Drawers, 47 Inch Computer De
2026-07-27 04:48:24 | DEBUG    | scraper.parser | Product 12 parsed: Lufeiya Gaming Desk with LED Lights and Storage Shelves, 47 
2026-07-27 04:48:24 | DEBUG    | scraper.parser | Product 13 parsed: Lufeiya 47 inch Computer Desk with 4 Drawers, Reversible Wri
2026-07-27 04:48:24 | DEBUG    | scraper.parser | Product 14 parsed: YOSHOOT 60" Computer Desk with 5 Fabric Drawers, Gaming Desk
2026-07-27 04:48:24 | DEBUG    | scraper.parser | Product 15 parsed: Furologee 60" Black Computer Desk with 4 Drawers and Printer
2026-07-27 04:48:24 | DEBUG    | scraper.parser | Product 16 parsed: PRAISUN 55 Inch Computer Desk, Home Office Desk with Spaciou
2026-07-27 04:48:24 | DEBUG    | scraper.parser | Product 17 parsed: Huuger 55 x 28 Large Electric Standing Desk, Height Adjustab
2026-07-27 04:48:25 | DEBUG    | scraper.parser | Product 18 parsed: TigerDad Mobile Adjustable Height Laptop Stand PC Computer P
2026-07-27 04:48:25 | DEBUG    | scraper.parser | Product 19 parsed: IOTXY Solid Wood Writing Desk - Home Office Laptop Computer 
2026-07-27 04:48:25 | DEBUG    | scraper.parser | Product 20 parsed: YATINEY 70.9" Computer Desk with Power Outlets, Gaming Desk,
2026-07-27 04:48:25 | DEBUG    | scraper.parser | Product 21 parsed: Enayplon Small Standing Desk with Wheels, Mobile Stand Up De
2026-07-27 04:48:25 | DEBUG    | scraper.parser | Product 22 parsed: IOTXY Small Writing Desk with Hutch - 31.5" Work Computer St
2026-07-27 04:48:25 | DEBUG    | scraper.parser | Product 23 parsed: PRAISUN 55 Inch L Shaped Office Desk with Power Outlets and 
2026-07-27 04:48:25 | DEBUG    | scraper.parser | Product 24 parsed: LAPGEAR Home Office Pro Lap Desk - Black Carbon, Fits 15.6” 
2026-07-27 04:48:26 | DEBUG    | scraper.parser | Product 25 parsed: Frylr Small Folding Computer Desk – Portable 35.8 Inch Folda
2026-07-27 04:48:26 | DEBUG    | scraper.parser | Product 26 parsed: Furinno Go Green 32-Inch Computer Desk, Office Desk with 2 S
2026-07-27 04:48:26 | DEBUG    | scraper.parser | Product 27 parsed: Lufeiya White Small Desk with Drawers - 40 Inch Computer Des
2026-07-27 04:48:26 | DEBUG    | scraper.parser | Product 28 parsed: Huuger Folding Desk for Small Spaces, 31.5 Inch Foldable Com
2026-07-27 04:48:26 | DEBUG    | scraper.parser | Product 29 parsed: Vaunn Medical Cart Adjustable Overbed Table with Wheels – Ro
2026-07-27 04:48:26 | DEBUG    | scraper.parser | Product 30 parsed: BUYIFY 23.4" Foldable Lap Desk Bed Table with Cup Holder Tra
2026-07-27 04:48:27 | DEBUG    | scraper.parser | Product 31 parsed: Lufeiya White Desk with File Drawers Cabinet, 47 Inch Revers
2026-07-27 04:48:27 | DEBUG    | scraper.parser | Product 32 parsed: Sweetcrispy 32-Inch Small Computer Desk for Bedroom, Modern 
2026-07-27 04:48:27 | DEBUG    | scraper.parser | Product 33 parsed: HUANUO Adjustable TV Tray Table - Foldable TV Tray with 6 He
2026-07-27 04:48:27 | DEBUG    | scraper.parser | Product 34 parsed: Portable Rolling Over Bed Laptop Desk, Adjustable Height and
2026-07-27 04:48:27 | DEBUG    | scraper.parser | Product 35 parsed: HUANUO 32" X 21" Electric Standing Desk with 2 Drawers, C-Cl
2026-07-27 04:48:27 | DEBUG    | scraper.parser | Product 36 parsed: Pamray 40 Inch L Shaped Computer Desk with Reversible Side S
2026-07-27 04:48:27 | DEBUG    | scraper.parser | Product 37 parsed: Pamray 32 Inch Small Computer Desk with 2 Drawers for Bedroo
2026-07-27 04:48:28 | DEBUG    | scraper.parser | Product 38 parsed: Pamray 32 Inch Small Computer Desk with Monitor Stand, Simpl
2026-07-27 04:48:28 | DEBUG    | scraper.parser | Product 39 parsed: HOOBRO Computer Desk, 31.5 Inch Small Desk with Power Outlet
2026-07-27 04:48:28 | DEBUG    | scraper.parser | Product 40 parsed: Pamray 32 Inch Small Computer Desk with 2 Drawers for Bedroo
2026-07-27 04:48:28 | DEBUG    | scraper.parser | Product 41 parsed: Furinno Simplistic a Frame Computer Desk, Espresso
2026-07-27 04:48:28 | DEBUG    | scraper.parser | Product 42 parsed: HUANUO Small Rolling Laptop Standing Desk, Height Adjustable
2026-07-27 04:48:28 | DEBUG    | scraper.parser | Product 43 parsed: alawooder 31.5" Folding Desk: No Assembly, Wood Top for Smal
2026-07-27 04:48:28 | DEBUG    | scraper.parser | Product 44 parsed: QZMDSM Portable Rolling Desk on Wheels Adjustable Height Des
2026-07-27 04:48:29 | DEBUG    | scraper.parser | Product 45 parsed: Folding Table Computer Desk - 35.8" No Assembly Folding Desk
2026-07-27 04:48:29 | DEBUG    | scraper.parser | Product 46 parsed: Pamray 32 Inch Computer Desk with 4 Drawers Small Office Des
2026-07-27 04:48:29 | DEBUG    | scraper.parser | Product 47 parsed: HUANUO Laptop Lap Desk - Portable Lap Desk with Pillow Cushi
2026-07-27 04:48:29 | DEBUG    | scraper.parser | Product 48 parsed: Standing Desk Adjustable Height, Mobile Stand Up Desks with 
2026-07-27 04:48:29 | DEBUG    | scraper.parser | Product 49 parsed: C Table End Table Adjustable Height, 360°Swivel TV Tray Tabl
2026-07-27 04:48:29 | DEBUG    | scraper.parser | Product 50 parsed: SAIJI Height & Angle Adjustable Laptop Stand for Bed, Lap De
2026-07-27 04:48:30 | DEBUG    | scraper.parser | Product 51 parsed: Laptop Bed Tray Desk, SAIJI X-Large Adjustable Laptop Table,
2026-07-27 04:48:30 | DEBUG    | scraper.parser | Product 52 parsed: SAIJI Magnetic Height and 360° Angle Adjustable Overbed Beds
2026-07-27 04:48:30 | DEBUG    | scraper.parser | Product 53 parsed: alawooder 31.5" Folding Desk: No Assembly, Wood Top for Smal
2026-07-27 04:48:30 | DEBUG    | scraper.parser | Product 54 parsed: Enayplon Small Standing Desk with Wheels, Mobile Stand Up De
2026-07-27 04:48:30 | DEBUG    | scraper.parser | Product 55 parsed: Pamray 32 Inch Computer Desk for Small Spaces with Storage B
2026-07-27 04:48:30 | DEBUG    | scraper.parser | Product 56 parsed: FoldWise 2-in-1 Bed & Lap Desk with Soft Cushion, Adjustable
2026-07-27 04:48:30 | DEBUG    | scraper.parser | Product 57 parsed: HOOBRO Computer Desk, 31.5 Inch Small Desk with Power Outlet
2026-07-27 04:48:31 | DEBUG    | scraper.parser | Product 58 parsed: BUYIFY 23" Foldable Lap Desk for Laptop Writing w/Cup Holder
2026-07-27 04:48:31 | DEBUG    | scraper.parser | Product 59 parsed: Pamray 23 Inch Computer Desk for Small Spaces, Home Office W
2026-07-27 04:48:31 | DEBUG    | scraper.parser | Product 60 parsed: Furinno Simplistic Small Desk, 31.3" Wide Gaming Desk, Recta
2026-07-27 04:48:31 | INFO     | scraper.search | Page 1: Extracted 60 products (total: 60)
2026-07-27 04:48:31 | DEBUG    | utils.resume | Progress saved: keyword='Computer tables', last_completed_page=1
2026-07-27 04:48:31 | INFO     | scraper.search | ━━━ Scraping page 2 of 15 ━━━
2026-07-27 04:48:31 | INFO     | scraper.search | Navigating to page 2: https://www.amazon.com/s?k=Computer tables&page=2
2026-07-27 04:48:35 | DEBUG    | scraper.search | Page 2 loaded successfully.
2026-07-27 04:48:35 | INFO     | scraper.parser | Found 60 product cards on the page.
2026-07-27 04:48:35 | DEBUG    | scraper.parser | Product 1 parsed: YOSHOOT 60" Computer Desk with 5 Fabric Drawers, Gaming Desk
2026-07-27 04:48:35 | DEBUG    | scraper.parser | Product 2 parsed: IOTXY Small Writing Desk with Hutch - 31.5" Work Computer St
2026-07-27 04:48:36 | DEBUG    | scraper.parser | Product 3 parsed: Huuger 63 x 24 inch Desk with Power Outlets & USB-C, Deeper 
2026-07-27 04:48:36 | DEBUG    | scraper.parser | Product 4 parsed: YATINEY 70.9" Computer Desk with Power Outlets, Gaming Desk,
2026-07-27 04:48:36 | DEBUG    | scraper.parser | Product 5 parsed: X-cosrack 33.5" Small Gaming Desk with LED Lights & Power Ou
2026-07-27 04:48:36 | DEBUG    | scraper.parser | Product 6 parsed: Huuger Folding Desk with Storage Shelf, 31.5 Inch Foldable C
2026-07-27 04:48:36 | DEBUG    | scraper.parser | Product 7 parsed: Huuger 63 x 24 inch Desk with Power Outlets & USB-C, Deeper 
2026-07-27 04:48:36 | DEBUG    | scraper.parser | Product 8 parsed: FoldWise Upgraded Folding TV Tray Table, Sturdy Couch & Dinn
2026-07-27 04:48:36 | DEBUG    | scraper.parser | Product 9 parsed: SHW Mission 32-Inch Home Office Computer Desk, Black
2026-07-27 04:48:36 | DEBUG    | scraper.parser | Product 10 parsed: TigerDad Mobile Adjustable Height Laptop Stand PC Computer P
2026-07-27 04:48:37 | DEBUG    | scraper.parser | Product 11 parsed: Lufeiya Gaming Desk with Fabric Drawers, 47 Inch Computer De
2026-07-27 04:48:37 | DEBUG    | scraper.parser | Product 12 parsed: Lufeiya 47 inch Computer Desk with 4 Drawers, Reversible Wri
2026-07-27 04:48:37 | DEBUG    | scraper.parser | Product 13 parsed: Ｍａｉｈａｉｌ Maihail Small Desk with Drawers, Office Desk with St
2026-07-27 04:48:37 | DEBUG    | scraper.parser | Product 14 parsed: YOSHOOT 63" L Shaped Computer Desk, Gaming Desk | Office Des
2026-07-27 04:48:37 | DEBUG    | scraper.parser | Product 15 parsed: SHW Mobile Height Adjustable Laptop Rolling Cart w/Lockable 
2026-07-27 04:48:37 | DEBUG    | scraper.parser | Product 16 parsed: Small Portable Rolling Standing Desk - 32 Inch Adjustable Mo
2026-07-27 04:48:37 | DEBUG    | scraper.parser | Product 17 parsed: Tv Tray Table, 8-Level Adjustable Height Couch Side Table，90
2026-07-27 04:48:37 | DEBUG    | scraper.parser | Product 18 parsed: Furinno Compact 29-Inch Brown Computer Desk, Office Desk wit
2026-07-27 04:48:38 | DEBUG    | scraper.parser | Product 19 parsed: Solid Wood Computer Desk with Drawers, Modern Writing Desk f
2026-07-27 04:48:38 | DEBUG    | scraper.parser | Product 20 parsed: Lufeiya Gaming Desk with LED Lights and Storage Shelves, 47 
2026-07-27 04:48:38 | DEBUG    | scraper.parser | Product 21 parsed: VENNQD Corner Desk with Drawers Shelves for Small Space 90 D
2026-07-27 04:48:38 | DEBUG    | scraper.parser | Product 22 parsed: 52 Inch Office Desk with 6 Drawers and Printer Space for Sto
2026-07-27 04:48:38 | DEBUG    | scraper.parser | Product 23 parsed: Furinno Econ Multipurpose Home Office Computer Writing Desk,
2026-07-27 04:48:38 | DEBUG    | scraper.parser | Product 24 parsed: GreenForest Folding Desk with Wheels, 24.8" Rolling Table fo
2026-07-27 04:48:38 | DEBUG    | scraper.parser | Product 25 parsed: Armocity 32" Rolling Standing Desk with Charging Station for
2026-07-27 04:48:39 | DEBUG    | scraper.parser | Product 26 parsed: Pzloz Led Desk Lamp for Office Home - Eye Caring Architect l
2026-07-27 04:48:39 | DEBUG    | scraper.parser | Product 27 parsed: Adjustable Computer Tower Stand, Ventilated Mobile CPU Holde
2026-07-27 04:48:39 | DEBUG    | scraper.parser | Product 28 parsed: Lap Desk for Bed, Adjustable Laptop Desk with USB Charging P
2026-07-27 04:48:39 | DEBUG    | scraper.parser | Product 29 parsed: Cidaziya Adjustable Height Standing Desk for Walking Pad Tre
2026-07-27 04:48:39 | DEBUG    | scraper.parser | Product 30 parsed: Tribesigns Modern Computer Desk, 63 x 31.5 inch Large Execut
2026-07-27 04:48:39 | DEBUG    | scraper.parser | Product 31 parsed: Lufeiya Computer Desk with File Drawers Cabinet, 47 Inch Rev
2026-07-27 04:48:39 | DEBUG    | scraper.parser | Product 32 parsed: Grandder 63x32 Large Electric Standing Desk, Height Adjustab
2026-07-27 04:48:39 | DEBUG    | scraper.parser | Product 33 parsed: Lufeiya Small White Desk with Drawers for Bedroom, 40 Inch K
2026-07-27 04:48:40 | DEBUG    | scraper.parser | Product 34 parsed: Furinno Econ 40-Inch Computer Desk Side Shelves, Office Desk
2026-07-27 04:48:40 | DEBUG    | scraper.parser | Product 35 parsed: 35" Electric Standing Desk, Small Sit Stand up Desk, Light W
2026-07-27 04:48:40 | DEBUG    | scraper.parser | Product 36 parsed: YATINEY Small Computer Desk with Charging Station and LED Li
2026-07-27 04:48:40 | DEBUG    | scraper.parser | Product 37 parsed: HOOBRO Small Computer Desk, 35.4 Inch Home Office Desk with 
2026-07-27 04:48:40 | DEBUG    | scraper.parser | Product 38 parsed: Rolling Adjustable Height Computer Desk With Drawers, Small 
2026-07-27 04:48:40 | DEBUG    | scraper.parser | Product 39 parsed: alawooder 25" Mobile Folding Desk: Pneumatic Sit-Stand, No A
2026-07-27 04:48:40 | DEBUG    | scraper.parser | Product 40 parsed: BestOffice Computer Desk,Home Office Desk, Modern Simple Sty
2026-07-27 04:48:40 | DEBUG    | scraper.parser | Product 41 parsed: X-cosrack 33.5" Small Gaming Desk with LED Lights & Long Mon
2026-07-27 04:48:41 | DEBUG    | scraper.parser | Product 42 parsed: SUPERJARE 35.4" White and Gold Desk with 2 Drawers, Modern M
2026-07-27 04:48:41 | DEBUG    | scraper.parser | Product 43 parsed: Lufeiya Computer Desk with File Drawers Cabinet, 47 Inch Hom
2026-07-27 04:48:41 | DEBUG    | scraper.parser | Product 44 parsed: Agilestic Electric Standing Desk, Height Adjustable Desk, 55
2026-07-27 04:48:41 | DEBUG    | scraper.parser | Product 45 parsed: Hadulcet Stand Up Desk, Rolling Desk Adjustable Height, Mobi
2026-07-27 04:48:41 | DEBUG    | scraper.parser | Product 46 parsed: HOOBRO Small Computer Desk, 28.3" Desk for Small Spaces, Hom
2026-07-27 04:48:41 | DEBUG    | scraper.parser | Product 47 parsed: Amztabler Small Standing Desk Adjustable Height, Mobile Stan
2026-07-27 04:48:41 | DEBUG    | scraper.parser | Product 48 parsed: Laptop Table Mobile Adjustable Height Portable Desk Notebook
2026-07-27 04:48:42 | DEBUG    | scraper.parser | Product 49 parsed: Micomlan Led Desk Lamp with Clamp, Architect Desk Lamp for H
2026-07-27 04:48:42 | DEBUG    | scraper.parser | Product 50 parsed: Furinno EFFICIENT Desk, 28.6" Wide Gaming Desk with 3 Open S
2026-07-27 04:48:42 | DEBUG    | scraper.parser | Product 51 parsed: FLEXISPOT H7 28" Pneumatic Height-Adjustable Overbed Table w
2026-07-27 04:48:42 | DEBUG    | scraper.parser | Product 52 parsed: Furinno Simplistic 32-Inch Black Computer Desk, Small Office
2026-07-27 04:48:42 | DEBUG    | scraper.parser | Product 53 parsed: Car Desk for Laptop, Car Table & Car Tray with 360° Rotating
2026-07-27 04:48:42 | DEBUG    | scraper.parser | Product 54 parsed: LitONES Led Desk Lamps for Home Office with Base, Tall Desk 
2026-07-27 04:48:42 | DEBUG    | scraper.parser | Product 55 parsed: Huuger 47 Inch Computer Desk with Power Outlets and LED Ligh
2026-07-27 04:48:43 | DEBUG    | scraper.parser | Product 56 parsed: Furologee 63" L Shaped Desk with Power Outlets & USB-C Port,
2026-07-27 04:48:43 | DEBUG    | scraper.parser | Product 57 parsed: Pamray 32 Inch Small Computer Desk with Shelves for Bedroom 
2026-07-27 04:48:43 | DEBUG    | scraper.parser | Product 58 parsed: ALISENED Computer Desk for Small Spaces, 23.6" Z-Shaped Comp
2026-07-27 04:48:43 | DEBUG    | scraper.parser | Product 59 parsed: Pamray 43 Inch L Shaped Computer Desk with Reversible Side S
2026-07-27 04:48:43 | DEBUG    | scraper.parser | Product 60 parsed: Lufeiya Small Desk for Small Spaces, 32 Inch Kids Girls Stud
2026-07-27 04:48:43 | INFO     | scraper.search | Page 2: Extracted 60 products (total: 120)
2026-07-27 04:48:43 | DEBUG    | utils.resume | Progress saved: keyword='Computer tables', last_completed_page=2
2026-07-27 04:48:43 | INFO     | scraper.search | ━━━ Scraping page 3 of 15 ━━━
2026-07-27 04:48:43 | INFO     | scraper.search | Navigating to page 3: https://www.amazon.com/s?k=Computer tables&page=3
2026-07-27 04:48:48 | DEBUG    | scraper.search | Page 3 loaded successfully.
2026-07-27 04:48:48 | INFO     | scraper.parser | Found 60 product cards on the page.
2026-07-27 04:48:48 | DEBUG    | scraper.parser | Product 1 parsed: YOSHOOT 60" Computer Desk with 5 Fabric Drawers, Gaming Desk
2026-07-27 04:48:48 | DEBUG    | scraper.parser | Product 2 parsed: IOTXY Small Writing Desk with Hutch - 31.5" Work Computer St
2026-07-27 04:48:48 | DEBUG    | scraper.parser | Product 3 parsed: 48 Inch Small Gaming Computer Desk with Led Lights & Storage
2026-07-27 04:48:48 | DEBUG    | scraper.parser | Product 4 parsed: Lufeiya Gaming Desk with LED Lights and Storage Shelves, 47 
2026-07-27 04:48:48 | DEBUG    | scraper.parser | Product 5 parsed: Lufeiya Small Desk for Small Spaces, 32 Inch Kids Girls Stud
2026-07-27 04:48:48 | DEBUG    | scraper.parser | Product 6 parsed: WALI Computer Monitor Stand for Desk, Adjustable Laptop Rise
2026-07-27 04:48:49 | DEBUG    | scraper.parser | Product 7 parsed: QZMDSM Portable Rolling Desk on Wheels Adjustable Height Des
2026-07-27 04:48:49 | DEBUG    | scraper.parser | Product 8 parsed: Lufeiya Small Desk with Power Outlets and LED Lights, 32 Inc
2026-07-27 04:48:49 | DEBUG    | scraper.parser | Product 9 parsed: DLisiting Small Desk with Fabric Drawers for Bedroom, 32 Inc
2026-07-27 04:48:49 | DEBUG    | scraper.parser | Product 10 parsed: YATINEY 70.9" Computer Desk with Power Outlets, Gaming Desk,
2026-07-27 04:48:49 | DEBUG    | scraper.parser | Product 11 parsed: Lufeiya 47 inch Computer Desk with 4 Drawers, Reversible Wri
2026-07-27 04:48:49 | DEBUG    | scraper.parser | Product 12 parsed: Lufeiya Gaming Desk with Fabric Drawers, 47 Inch Computer De
2026-07-27 04:48:49 | DEBUG    | scraper.parser | Product 13 parsed: YATINEY 70.9" Computer Desk with Power Outlets, Gaming Desk,
2026-07-27 04:48:50 | DEBUG    | scraper.parser | Product 14 parsed: 52 Inch Office Desk with 6 Drawers and Printer Space for Sto
2026-07-27 04:48:50 | DEBUG    | scraper.parser | Product 15 parsed: Pamray 32 Inch Small Computer Desk with Monitor Stand and 2 
2026-07-27 04:48:50 | DEBUG    | scraper.parser | Product 16 parsed: LED Desk Lamp with Clamp, Architect Desk Lamp with Dual Ligh
2026-07-27 04:48:50 | DEBUG    | scraper.parser | Product 17 parsed: Agilestic L Shaped Standing Desk 63 x 55 inch Adjustable Hei
2026-07-27 04:48:50 | DEBUG    | scraper.parser | Product 18 parsed: Elephance Folding Desk Writing Computer Desk for Home Office
2026-07-27 04:48:50 | DEBUG    | scraper.parser | Product 19 parsed: 4NM 23.6" Mobile Small Folding Desk, Foldable Rolling Comput
2026-07-27 04:48:50 | DEBUG    | scraper.parser | Product 20 parsed: VENNQD Corner Desk with Drawers Shelves for Small Space 90 D
2026-07-27 04:48:50 | DEBUG    | scraper.parser | Product 21 parsed: Ｍａｉｈａｉｌ Maihail Small Desk with Drawers, Office Desk with St
2026-07-27 04:48:51 | DEBUG    | scraper.parser | Product 22 parsed: Solid Wood Desk, Gaming Study Home Office Desks for Work, St
2026-07-27 04:48:51 | DEBUG    | scraper.parser | Product 23 parsed: Acrolix L Shaped Gaming Desk 40 Inch - Computer Corner Desk 
2026-07-27 04:48:51 | DEBUG    | scraper.parser | Product 24 parsed: Adjustable Height Mobile Computer Desk for Small Space Rolli
2026-07-27 04:48:51 | DEBUG    | scraper.parser | Product 25 parsed: Pamray 32 Inch Small Computer Desk with Monitor Stand, Simpl
2026-07-27 04:48:51 | DEBUG    | scraper.parser | Product 26 parsed: Tribesigns Modern Computer Desk, 63 x 31.5 inch Large Office
2026-07-27 04:48:51 | DEBUG    | scraper.parser | Product 27 parsed: NSdirectModern Computer Desk 63 inch Large Office Desk Writi
2026-07-27 04:48:51 | DEBUG    | scraper.parser | Product 28 parsed: AODK L Shaped Desk Gaming Desk with LED Light & Power Outlet
2026-07-27 04:48:51 | DEBUG    | scraper.parser | Product 29 parsed: 24"x 16" Electric Overbed Table, Rolling Laptop Desk for Bed
2026-07-27 04:48:52 | DEBUG    | scraper.parser | Product 30 parsed: Laptop Desk for Bed Couch,Lap Desk for Laptop,Portable Lapto
2026-07-27 04:48:52 | DEBUG    | scraper.parser | Product 31 parsed: GreenForest Folding Desk with Adjustable Monitor Stand, 24.8
2026-07-27 04:48:52 | DEBUG    | scraper.parser | Product 32 parsed: Large Electric Standing Desk, Gaming Desk, 55 x 24 Inch, Bla
2026-07-27 04:48:52 | DEBUG    | scraper.parser | Product 33 parsed: Foldable Lap Desk, Laptop Bed Desk, Portable Lap Table, Lapt
2026-07-27 04:48:52 | DEBUG    | scraper.parser | Product 34 parsed: Furinno Simplistic A Frame Computer Desk, Black/French Oak G
2026-07-27 04:48:52 | DEBUG    | scraper.parser | Product 35 parsed: VENNQD Corner Desk with 6 Fabric Drawers Shelves for Small S
2026-07-27 04:48:52 | DEBUG    | scraper.parser | Product 36 parsed: LED Desk Lamp for Home Office with Base, 28.2" Adjustable Go
2026-07-27 04:48:52 | DEBUG    | scraper.parser | Product 37 parsed: Maihail Small Desk with Drawers, 31.5X15.8-22.9 Inches Offic
2026-07-27 04:48:52 | DEBUG    | scraper.parser | Product 38 parsed: Grandder Rolling Computer 32 inch Desk with Wheels, Wroking 
2026-07-27 04:48:53 | DEBUG    | scraper.parser | Product 39 parsed: WINAZ Small Portable Rolling Kids Desk - 32" Mobile Laptop D
2026-07-27 04:48:53 | DEBUG    | scraper.parser | Product 40 parsed: Carex Rolling Overbed Table, Hospital Bed Table, Laptop Tabl
2026-07-27 04:48:53 | DEBUG    | scraper.parser | Product 41 parsed: VENNQD Corner Desk with Drawers Shelves for Small Space 90 D
2026-07-27 04:48:53 | DEBUG    | scraper.parser | Product 42 parsed: Lufeiya Small Computer Desk with 2 Drawers for Bedroom, 31 I
2026-07-27 04:48:53 | DEBUG    | scraper.parser | Product 43 parsed: 3IngSeagulls 33 Inch Small Computer Desk with Fabric Drawers
2026-07-27 04:48:53 | DEBUG    | scraper.parser | Product 44 parsed: BONTEC Mobile Standing Desk with Keyboard Tray, Mobile Podiu
2026-07-27 04:48:53 | DEBUG    | scraper.parser | Product 45 parsed: DAOUTIME Small Writing Desk for Kids Bedroom, 31.5 Inch Smal
2026-07-27 04:48:54 | DEBUG    | scraper.parser | Product 46 parsed: Acrolix Electric Standing Desk with Cable Management,Black H
2026-07-27 04:48:54 | DEBUG    | scraper.parser | Product 47 parsed: Lufeiya Gaming Desk with LED Lights and Storage Shelves, 47 
2026-07-27 04:48:54 | DEBUG    | scraper.parser | Product 48 parsed: HUANUO Lap Desk, Portable Laptop Stand Fits Up to 15.6 Inch 
2026-07-27 04:48:54 | DEBUG    | scraper.parser | Product 49 parsed: WINAZ Rolling Teacher Desk with File Drawers - 47 Inch Mobil
2026-07-27 04:48:54 | DEBUG    | scraper.parser | Product 50 parsed: SHW Height Adjustable Mobile Laptop Desk w/Pneumatic Lift, O
2026-07-27 04:48:54 | DEBUG    | scraper.parser | Product 51 parsed: WINAZ Small Portable Laptop Rolling Desk - 24 Inch Mobile Co
2026-07-27 04:48:54 | DEBUG    | scraper.parser | Product 52 parsed: PRAISUN 47.2 Inch Gaming Desk with LED Lights & Power Outlet
2026-07-27 04:48:54 | DEBUG    | scraper.parser | Product 53 parsed: 60” Executive Desk, Modern Home Office Desk with Power Outle
2026-07-27 04:48:55 | DEBUG    | scraper.parser | Product 54 parsed: Grandder Gaming Desk 41 Inch with CPU Stand and LED Light, C
2026-07-27 04:48:55 | DEBUG    | scraper.parser | Product 55 parsed: DAOUTIME White Computer Desk with Drawers, 37.3 Inch Home Of
2026-07-27 04:48:55 | DEBUG    | scraper.parser | Product 56 parsed: Motumen Led Desk Lamp for Home Office, Eye-Care Desk Light C
2026-07-27 04:48:55 | DEBUG    | scraper.parser | Product 57 parsed: Small Rolling Standing Desk, Height Adjustable Mobile Sturdy
2026-07-27 04:48:55 | DEBUG    | scraper.parser | Product 58 parsed: YOSHOOT 60" Computer Desk with 5 Fabric Drawers, Gaming Desk
2026-07-27 04:48:55 | DEBUG    | scraper.parser | Product 59 parsed: LINGMI Recliner Table, Overbed Table with Wheels Adjustable 
2026-07-27 04:48:55 | DEBUG    | scraper.parser | Product 60 parsed: PRAISUN 39.4 Inch Computer Office Desk with Power Outelts an
2026-07-27 04:48:55 | INFO     | scraper.search | Page 3: Extracted 60 products (total: 180)
2026-07-27 04:48:55 | DEBUG    | utils.resume | Progress saved: keyword='Computer tables', last_completed_page=3
2026-07-27 04:48:55 | INFO     | scraper.search | ━━━ Scraping page 4 of 15 ━━━
2026-07-27 04:48:55 | INFO     | scraper.search | Navigating to page 4: https://www.amazon.com/s?k=Computer tables&page=4
2026-07-27 04:48:59 | DEBUG    | scraper.search | Page 4 loaded successfully.
2026-07-27 04:48:59 | INFO     | scraper.parser | Found 60 product cards on the page.
2026-07-27 04:48:59 | DEBUG    | scraper.parser | Product 1 parsed: YATINEY 70.9" Computer Desk with Power Outlets, Gaming Desk,
2026-07-27 04:48:59 | DEBUG    | scraper.parser | Product 2 parsed: Solid Wood Desk, Gaming Study Home Office Desks for Work, St
2026-07-27 04:49:00 | DEBUG    | scraper.parser | Product 3 parsed: YOSHOOT 60" Computer Desk with 5 Fabric Drawers, Gaming Desk
2026-07-27 04:49:00 | DEBUG    | scraper.parser | Product 4 parsed: Folding Desk,Not Require Assembly,Small Foldable Desk 31.5" 
2026-07-27 04:49:00 | DEBUG    | scraper.parser | Product 5 parsed: 33.7 Inch Small Gaming Desk Table with LED Lights & Power Ou
2026-07-27 04:49:00 | DEBUG    | scraper.parser | Product 6 parsed: Laptop Desk Table, SAIJI Adjustable Laptop Stand, Portable L
2026-07-27 04:49:00 | DEBUG    | scraper.parser | Product 7 parsed: IOTXY Solid Wood Writing Desk - Home Office Laptop Computer 
2026-07-27 04:49:00 | DEBUG    | scraper.parser | Product 8 parsed: JSB Folding Desk for Small Spaces,Mobile Portable Rolling La
2026-07-27 04:49:00 | DEBUG    | scraper.parser | Product 9 parsed: ODK Small Computer Desk, 27.5 inch Desk for Small Spaces wit
2026-07-27 04:49:01 | DEBUG    | scraper.parser | Product 10 parsed: Lufeiya Small White Desk for Small Spaces, 24 Inch Kids Girl
2026-07-27 04:49:01 | DEBUG    | scraper.parser | Product 11 parsed: IOTXY Small Writing Desk with Hutch - 31.5" Work Computer St
2026-07-27 04:49:01 | DEBUG    | scraper.parser | Product 12 parsed: Enayplon Small Standing Desk with Wheels, Mobile Stand Up De
2026-07-27 04:49:01 | DEBUG    | scraper.parser | Product 13 parsed: HUANUO Electric Small Standing Desk, Whole Piece Desktop, Ad
2026-07-27 04:49:01 | DEBUG    | scraper.parser | Product 14 parsed: JSB Folding Desk for Small Spaces,Mobile Portable Rolling La
2026-07-27 04:49:01 | DEBUG    | scraper.parser | Product 15 parsed: iCasso Desk Mat,Mouse Pad for Office Desk,35.4x15.7in,Pink F
2026-07-27 04:49:01 | DEBUG    | scraper.parser | Product 16 parsed: HUANUO 32Inch Bedside Table with Wheels, Height-Adjustable R
2026-07-27 04:49:02 | DEBUG    | scraper.parser | Product 17 parsed: 40 Inch Small Gaming Desk with Drawers & Led Lights & Storag
2026-07-27 04:49:02 | DEBUG    | scraper.parser | Product 18 parsed: Mobile Standing Desk, Adjustable Height Rolling Laptop Table
2026-07-27 04:49:02 | DEBUG    | scraper.parser | Product 19 parsed: Lufeiya 47 inch Computer Desk with 4 Drawers, Reversible Wri
2026-07-27 04:49:02 | DEBUG    | scraper.parser | Product 20 parsed: IOTXY Reversible L-Shaped Office Desk - 45" Compact Corner C
2026-07-27 04:49:02 | DEBUG    | scraper.parser | Product 21 parsed: Ｍａｉｈａｉｌ Maihail Small Desk with Drawers, Office Desk with St
2026-07-27 04:49:02 | DEBUG    | scraper.parser | Product 22 parsed: Lufeiya Gaming Desk with Fabric Drawers, 47 Inch Computer De
2026-07-27 04:49:02 | DEBUG    | scraper.parser | Product 23 parsed: Dripex Computer Desk for Small Spaces, 27.5 inch Small Compu
2026-07-27 04:49:02 | DEBUG    | scraper.parser | Product 24 parsed: Techni Mobili Sit-to-Stand Mobile Medical Laptop Computer Ca
2026-07-27 04:49:03 | DEBUG    | scraper.parser | Product 25 parsed: Stander Wonder Tray Plus, Adjustable Recliner Swivel TV Tray
2026-07-27 04:49:03 | DEBUG    | scraper.parser | Product 26 parsed: YSAGi Leather Desk Pad Protector, Office Desk Mat, Large Mou
2026-07-27 04:49:03 | DEBUG    | scraper.parser | Product 27 parsed: Kingant Standing Desk, 35x20 Inch Electric Height Adjustable
2026-07-27 04:49:03 | DEBUG    | scraper.parser | Product 28 parsed: TIQLAB Gaming Desk with Power Outlets - 40 inch L Shaped Com
2026-07-27 04:49:03 | DEBUG    | scraper.parser | Product 29 parsed: VIVO Adjustable Computer Keyboard & Mouse Platform Tray Ergo
2026-07-27 04:49:03 | DEBUG    | scraper.parser | Product 30 parsed: Micomlan Architect Desk Lamp with Atmosphere Lighting, Adjus
2026-07-27 04:49:03 | DEBUG    | scraper.parser | Product 31 parsed: TUTOTAK Large C Shaped End Table, Side Table, Couch Computer
2026-07-27 04:49:04 | DEBUG    | scraper.parser | Product 32 parsed: Huuger L Shaped Office Desk with Power Outlets, 47 Inch Comp
2026-07-27 04:49:04 | DEBUG    | scraper.parser | Product 33 parsed: 28" Mobile Standing Desk, Tiltable Top with 2-Tier Shelves, 
2026-07-27 04:49:04 | DEBUG    | scraper.parser | Product 34 parsed: 28” Rolling Standing Desk Height Adjustable with 4 Lockable 
2026-07-27 04:49:04 | DEBUG    | scraper.parser | Product 35 parsed: IOTXY Reversible L-Shaped Office Desk - 45" Compact Corner C
2026-07-27 04:49:04 | DEBUG    | scraper.parser | Product 36 parsed: SINPAID 47 inch Computer Desk with Printer Shelf, Gaming Des
2026-07-27 04:49:04 | DEBUG    | scraper.parser | Product 37 parsed: Mobile Standing Desk, Adjustable Rolling Computer Desk with 
2026-07-27 04:49:04 | DEBUG    | scraper.parser | Product 38 parsed: MINOSYS 47-inch Computer Desk with Storage Shelf - Ideal Gam
2026-07-27 04:49:04 | DEBUG    | scraper.parser | Product 39 parsed: Pamray 47 Inch Reversible L Shaped Gaming Desk Corner Comput
2026-07-27 04:49:05 | DEBUG    | scraper.parser | Product 40 parsed: SAIJI Laptop Desk for Bed, XX-Large Foldable Bed Tray Table,
2026-07-27 04:49:05 | DEBUG    | scraper.parser | Product 41 parsed: YUHFERA Swivel Table for Recliner Chair with Tilting Top, Ad
2026-07-27 04:49:05 | DEBUG    | scraper.parser | Product 42 parsed: Adjustable Height Portable Laptop Desk with Wheels,White Com
2026-07-27 04:49:05 | DEBUG    | scraper.parser | Product 43 parsed: Tangkula Rolling Computer Desk Cart with Keyboard Tray, Mobi
2026-07-27 04:49:05 | DEBUG    | scraper.parser | Product 44 parsed: TigerDad Mobile Recliner Desk Overbed Table with Wheels Lapt
2026-07-27 04:49:05 | DEBUG    | scraper.parser | Product 45 parsed: Furinno Econ Multipurpose Computer Writing Desk, Light Cherr
2026-07-27 04:49:05 | DEBUG    | scraper.parser | Product 46 parsed: Laptop Desk Stand for Bed Portable Desk Overbed Bedside Mobi
2026-07-27 04:49:05 | DEBUG    | scraper.parser | Product 47 parsed: Folding Desk, Small Foldable Computer Desk, Small Table | No
2026-07-27 04:49:06 | DEBUG    | scraper.parser | Product 48 parsed: ZEAPTAC Laptop Bed Desk, Foldable Lap Desk, Portable Lap Tab
2026-07-27 04:49:06 | DEBUG    | scraper.parser | Product 49 parsed: Stander Wonder Tray, Adjustable Swivel Table, Large Laptop S
2026-07-27 04:49:06 | DEBUG    | scraper.parser | Product 50 parsed: SAIJI Laptop Bed Tray Table - Adjustable Lap Desk for Couch 
2026-07-27 04:49:06 | DEBUG    | scraper.parser | Product 51 parsed: Pamray Small Gaming Desk Rolling Computer Table Balck | Mova
2026-07-27 04:49:06 | DEBUG    | scraper.parser | Product 52 parsed: Pamray 33.5 Inch Small Computer Desk with Monitor Stand and 
2026-07-27 04:49:06 | DEBUG    | scraper.parser | Product 53 parsed: 55" Large Electric Standing Desk Adjustable Height for Home 
2026-07-27 04:49:06 | DEBUG    | scraper.parser | Product 54 parsed: Tv Tray Table Adjustable Height Couch Side Table, Tilt Angle
2026-07-27 04:49:06 | DEBUG    | scraper.parser | Product 55 parsed: BONTEC Mobile Standing Desk Adjustable Height,Rolling Laptop
2026-07-27 04:49:07 | DEBUG    | scraper.parser | Product 56 parsed: DLisiting Small White L Shaped Desk with Drawers & Storage S
2026-07-27 04:49:07 | DEBUG    | scraper.parser | Product 57 parsed: Solidith Acacia Wooden Breakfast Tray, Bed Tray with Folding
2026-07-27 04:49:07 | DEBUG    | scraper.parser | Product 58 parsed: Agilestic Electric Standing Desk, 71 x 31.5 Inches Height Ad
2026-07-27 04:49:07 | DEBUG    | scraper.parser | Product 59 parsed: Lufeiya L Shaped Computer Desk with Drawers & Storage Shelve
2026-07-27 04:49:07 | DEBUG    | scraper.parser | Product 60 parsed: Adjustable Height Standing Desk with Power Outlets, Rolling 
2026-07-27 04:49:07 | INFO     | scraper.search | Page 4: Extracted 60 products (total: 240)
2026-07-27 04:49:07 | DEBUG    | utils.resume | Progress saved: keyword='Computer tables', last_completed_page=4
2026-07-27 04:49:07 | INFO     | scraper.search | ━━━ Scraping page 5 of 15 ━━━
2026-07-27 04:49:07 | INFO     | scraper.search | Navigating to page 5: https://www.amazon.com/s?k=Computer tables&page=5
2026-07-27 04:49:11 | DEBUG    | scraper.search | Page 5 loaded successfully.
2026-07-27 04:49:12 | INFO     | scraper.parser | Found 60 product cards on the page.
2026-07-27 04:49:12 | DEBUG    | scraper.parser | Product 1 parsed: Solid Wood Desk, Gaming Study Home Office Desks for Work, St
2026-07-27 04:49:12 | DEBUG    | scraper.parser | Product 2 parsed: Enayplon Small Standing Desk with Wheels, Mobile Stand Up De
2026-07-27 04:49:12 | DEBUG    | scraper.parser | Product 3 parsed: Mobile Standing Desk with Wheels, Elevating Table,Lift desks
2026-07-27 04:49:12 | DEBUG    | scraper.parser | Product 4 parsed: Folding Desk,Not Require Assembly,Small Foldable Desk 31.5" 
2026-07-27 04:49:12 | DEBUG    | scraper.parser | Product 5 parsed: COTUBLR Small Desk, 24 Inch Small Computer Desk for Spaces, 
2026-07-27 04:49:12 | DEBUG    | scraper.parser | Product 6 parsed: HETTHI Laptop Bed Desk, Adjustable Laptop Lap Desk with Draw
2026-07-27 04:49:12 | DEBUG    | scraper.parser | Product 7 parsed: LED Desk Lamp for Home Office, 24W Computer Desk Light with 
2026-07-27 04:49:13 | DEBUG    | scraper.parser | Product 8 parsed: Klvied Small Standing Desk with Cup Holder, Height Adjustabl
2026-07-27 04:49:13 | DEBUG    | scraper.parser | Product 9 parsed: Pamray 32 Inch Small Computer Desk with Drawers for Bedroom 
2026-07-27 04:49:13 | DEBUG    | scraper.parser | Product 10 parsed: Furist Overbed Table with Wheels Adjustable Height, Mobile S
2026-07-27 04:49:13 | DEBUG    | scraper.parser | Product 11 parsed: 4NM 23.6" Mobile Small Rolling Computer Desk, Folding Laptop
2026-07-27 04:49:13 | DEBUG    | scraper.parser | Product 12 parsed: JSB Folding Desk for Small Spaces,Mobile Portable Rolling La
2026-07-27 04:49:13 | DEBUG    | scraper.parser | Product 13 parsed: YATINEY 70.9" Computer Desk with Power Outlets, Gaming Desk,
2026-07-27 04:49:13 | DEBUG    | scraper.parser | Product 14 parsed: IOTXY Small Writing Desk with Hutch - 31.5" Work Computer St
2026-07-27 04:49:13 | DEBUG    | scraper.parser | Product 15 parsed: Height Adjustable Standing Desk with Power Outlets and LED L
2026-07-27 04:49:14 | DEBUG    | scraper.parser | Product 16 parsed: Treesland 40 Inch Computer Desk with Bookshelf, Corner Desk 
2026-07-27 04:49:14 | DEBUG    | scraper.parser | Product 17 parsed: 3-in-1 Portable Laptop & Tablet Stand for Desk, Magnetic Pho
2026-07-27 04:49:14 | DEBUG    | scraper.parser | Product 18 parsed: Laptop Desk for Bed with Cooling Fan, SAIJI Height & Angle A
2026-07-27 04:49:14 | DEBUG    | scraper.parser | Product 19 parsed: Mobile Small Standing Desk,Gas Spring Adjustable Height Roll
2026-07-27 04:49:14 | DEBUG    | scraper.parser | Product 20 parsed: 52 Inch Office Desk with 6 Drawers and Printer Space for Sto
2026-07-27 04:49:14 | DEBUG    | scraper.parser | Product 21 parsed: YOSHOOT 60" Computer Desk with 5 Fabric Drawers, Gaming Desk
2026-07-27 04:49:14 | DEBUG    | scraper.parser | Product 22 parsed: Ｍａｉｈａｉｌ Maihail Small Desk with Drawers, Office Desk with St
2026-07-27 04:49:14 | DEBUG    | scraper.parser | Product 23 parsed: LongKe Electric Standing Desk Adjustable Height, 32x20 Inche
2026-07-27 04:49:14 | DEBUG    | scraper.parser | Product 24 parsed: Korfile 47 Inch Gaming Desk with LED Lights & Power Outlet, 
2026-07-27 04:49:15 | DEBUG    | scraper.parser | Product 25 parsed: CHOEZON Folding Desk with Power Outlets, 31.5" Rolling Compu
2026-07-27 04:49:15 | DEBUG    | scraper.parser | Product 26 parsed: Aothia Small Standing Desk Rolling Table Adjustable Height, 
2026-07-27 04:49:15 | DEBUG    | scraper.parser | Product 27 parsed: 28-Inch Mobile Standing Desk, Computer Workstations with Cup
2026-07-27 04:49:15 | DEBUG    | scraper.parser | Product 28 parsed: Acrolix L Shaped Electric Standing Desk - 51x31.5 Inch Rever
2026-07-27 04:49:15 | DEBUG    | scraper.parser | Product 29 parsed: AXX Black LED Desk Lamp, Battery Operated Small Table Light 
2026-07-27 04:49:15 | DEBUG    | scraper.parser | Product 30 parsed: Pamray 47 inch Computer Desk with 5 Drawers and Printer Spac
2026-07-27 04:49:15 | DEBUG    | scraper.parser | Product 31 parsed: Seville Classics Airlift Height Adjustable Mobile Rolling La
2026-07-27 04:49:15 | DEBUG    | scraper.parser | Product 32 parsed: VEVOR Executive Desk, 63" W x 31.5" D Large Office Desk, Mod
2026-07-27 04:49:16 | DEBUG    | scraper.parser | Product 33 parsed: COTUBLR Small Desk, 27.5 Inch Small Computer Desk for Small 
2026-07-27 04:49:16 | DEBUG    | scraper.parser | Product 34 parsed: PC Stand for Floor, Adjustable CPU Stand with 4 Rolling Whee
2026-07-27 04:49:16 | DEBUG    | scraper.parser | Product 35 parsed: Huuger L Shaped Gaming Desk with Power Outlets & LED Lights,
2026-07-27 04:49:16 | DEBUG    | scraper.parser | Product 36 parsed: SIBRILLE Upgraded LED Desk Lamp for Home Office with RGB, Ro
2026-07-27 04:49:16 | DEBUG    | scraper.parser | Product 37 parsed: SAIJI Non-Slip Leather Laptop Bed Tray Table,Lap Desk with L
2026-07-27 04:49:16 | DEBUG    | scraper.parser | Product 38 parsed: HOOBRO Overbed Table with Wheels, Rolling Table with Outlets
2026-07-27 04:49:16 | DEBUG    | scraper.parser | Product 39 parsed: Furinno TURN-N-TUBE Desk, Gaming Desk with Shelves, Corner C
2026-07-27 04:49:16 | DEBUG    | scraper.parser | Product 40 parsed: ALISENED 31.5" Small Computer Desk with Hutch & Keyboard Tra
2026-07-27 04:49:17 | DEBUG    | scraper.parser | Product 41 parsed: Lufeiya 55 inch Computer Desk with 4 Fabric Drawers & Storag
2026-07-27 04:49:17 | DEBUG    | scraper.parser | Product 42 parsed: Besiost 32" Large Computer Tower Stand with Power Strips, 4 
2026-07-27 04:49:17 | DEBUG    | scraper.parser | Product 43 parsed: IAE 36x22in Floating Fold Desk,Wall-Mounted Folding Computer
2026-07-27 04:49:17 | DEBUG    | scraper.parser | Product 44 parsed: Aothia Non-Slip PU Leather Waterproof Laptop Desk Pad Protec
2026-07-27 04:49:17 | DEBUG    | scraper.parser | Product 45 parsed: Fibogollo 4 Pack Bamboo Bed Tray Table with Folding Legs,Bre
2026-07-27 04:49:17 | DEBUG    | scraper.parser | Product 46 parsed: Armocity Corner Desk Small Desk with Outlets Corner Table fo
2026-07-27 04:49:17 | DEBUG    | scraper.parser | Product 47 parsed: Small White Desk with Drawers for Bedroom, 35.4 Inch Kids Gi
2026-07-27 04:49:18 | DEBUG    | scraper.parser | Product 48 parsed: Small Standing Desk with Storage, Height Adjustable Sit Stan
2026-07-27 04:49:18 | DEBUG    | scraper.parser | Product 49 parsed: MUTUN Small Desk with Drawers, 31 Inch Computer Desk with Po
2026-07-27 04:49:18 | DEBUG    | scraper.parser | Product 50 parsed: Computer Monitor Stand Riser with Storage, 3 Height Adjustab
2026-07-27 04:49:18 | DEBUG    | scraper.parser | Product 51 parsed: SAIJI Lap Desk with Cushion, Computer Laptop Stand, Lap Lapt
2026-07-27 04:49:18 | DEBUG    | scraper.parser | Product 52 parsed: Laptop Bed Desk, X-Large Leather Adjustable Computer Bed Tab
2026-07-27 04:49:18 | DEBUG    | scraper.parser | Product 53 parsed: Fayquaze Laptop Bed Desk, Portable Foldable Lap Bed Table wi
2026-07-27 04:49:18 | DEBUG    | scraper.parser | Product 54 parsed: ZEAPTAC Laptop Bed Desk, Foldable Lap Desk, Portable Lap Tab
2026-07-27 04:49:18 | DEBUG    | scraper.parser | Product 55 parsed: 4NM 31.5" Mobile Small Rolling Computer Desk, Folding Laptop
2026-07-27 04:49:19 | DEBUG    | scraper.parser | Product 56 parsed: SIBRILLE LED Desk Lamp, Ultra Wide Computer Light, Dimmable 
2026-07-27 04:49:19 | DEBUG    | scraper.parser | Product 57 parsed: Lufeiya Small Desk with Drawers for Home Office Bedroom, 31 
2026-07-27 04:49:19 | DEBUG    | scraper.parser | Product 58 parsed: LitONES Eye-Care Desk Light for Video Calls Home Office-Whit
2026-07-27 04:49:19 | DEBUG    | scraper.parser | Product 59 parsed: SINPAID Computer Desk 40 inches with 2-Tier Shelves Sturdy H
2026-07-27 04:49:19 | DEBUG    | scraper.parser | Product 60 parsed: Muvai Overbed Bedside Table with Hidden Casters,30 Inches Ad
2026-07-27 04:49:19 | INFO     | scraper.search | Page 5: Extracted 60 products (total: 300)
2026-07-27 04:49:19 | DEBUG    | utils.resume | Progress saved: keyword='Computer tables', last_completed_page=5
2026-07-27 04:49:19 | INFO     | scraper.search | ━━━ Scraping page 6 of 15 ━━━
2026-07-27 04:49:19 | INFO     | scraper.search | Navigating to page 6: https://www.amazon.com/s?k=Computer tables&page=6
2026-07-27 04:49:24 | DEBUG    | scraper.search | Page 6 loaded successfully.
2026-07-27 04:49:24 | INFO     | scraper.parser | Found 60 product cards on the page.
2026-07-27 04:49:24 | DEBUG    | scraper.parser | Product 1 parsed: Solid Wood Desk, Gaming Study Home Office Desks for Work, St
2026-07-27 04:49:24 | DEBUG    | scraper.parser | Product 2 parsed: YOSHOOT 60" Computer Desk with 5 Fabric Drawers, Gaming Desk
2026-07-27 04:49:24 | DEBUG    | scraper.parser | Product 3 parsed: Solid Wood Computer Desk with Drawers, Modern Writing Desk f
2026-07-27 04:49:24 | DEBUG    | scraper.parser | Product 4 parsed: JSB Folding Desk for Small Spaces,Mobile Portable Rolling La
2026-07-27 04:49:24 | DEBUG    | scraper.parser | Product 5 parsed: SUPERJARE 31.5" White and Gold Desk with 2 Drawers, Modern V
2026-07-27 04:49:24 | DEBUG    | scraper.parser | Product 6 parsed: AQIMUELE Wooden C-Shaped End Table,Couch Desk with 2 Lockabl
2026-07-27 04:49:25 | DEBUG    | scraper.parser | Product 7 parsed: ECOLOVI Desk Organizer and Accessories, 2-Tier Computer Moni
2026-07-27 04:49:25 | DEBUG    | scraper.parser | Product 8 parsed: Furinno Turn-N-Tube C Shaped Side Table with Casters, Amber 
2026-07-27 04:49:25 | DEBUG    | scraper.parser | Product 9 parsed: Tangkula Corner Desk with Power Outlet & USB Ports, Triangle
2026-07-27 04:49:25 | DEBUG    | scraper.parser | Product 10 parsed: YU YUSING Wall Mounted Table, Multifunctional Fold Down Wall
2026-07-27 04:49:25 | DEBUG    | scraper.parser | Product 11 parsed: IOTXY Small Writing Desk with Hutch - 31.5" Work Computer St
2026-07-27 04:49:25 | DEBUG    | scraper.parser | Product 12 parsed: Folding Desk,Not Require Assembly,Small Foldable Desk 31.5" 
2026-07-27 04:49:25 | DEBUG    | scraper.parser | Product 13 parsed: 52 Inch Office Desk with 6 Drawers and Printer Space for Sto
2026-07-27 04:49:26 | DEBUG    | scraper.parser | Product 14 parsed: ALISENED Computer Desk for Small Spaces, 23.6" Z-Shaped Comp
2026-07-27 04:49:26 | DEBUG    | scraper.parser | Product 15 parsed: X-cosrack 33.5" Small Gaming Desk with LED Lights & Power Ou
2026-07-27 04:49:26 | DEBUG    | scraper.parser | Product 16 parsed: Keyboard Stand with Wrist Rest，Ergonomic Keyboard Riser Hold
2026-07-27 04:49:26 | DEBUG    | scraper.parser | Product 17 parsed: Otter Large Mouse Pad, Anti Slip Rubber Base Mousepad Playfu
2026-07-27 04:49:26 | DEBUG    | scraper.parser | Product 18 parsed: Banana Large Mouse Pad, Anti Slip Rubber Base Mousepad Funny
2026-07-27 04:49:26 | DEBUG    | scraper.parser | Product 19 parsed: Ｍａｉｈａｉｌ Maihail Small Desk with Drawers, Office Desk with St
2026-07-27 04:49:26 | DEBUG    | scraper.parser | Product 20 parsed: Lufeiya 47 inch Computer Desk with 4 Drawers, Reversible Wri
2026-07-27 04:49:26 | DEBUG    | scraper.parser | Product 21 parsed: SHW Mission 32-Inch Home Office Computer Desk, White
2026-07-27 04:49:27 | DEBUG    | scraper.parser | Product 22 parsed: PRAISUN 47.2 Inch Gaming Desk with LED Lights & Power Outlet
2026-07-27 04:49:27 | DEBUG    | scraper.parser | Product 23 parsed: Furist Overbed Table with Wheels, Adjustable Height and Leng
2026-07-27 04:49:27 | DEBUG    | scraper.parser | Product 24 parsed: Hadulcet 31'' Small Foldable Computer Desk, Office Desk with
2026-07-27 04:49:27 | DEBUG    | scraper.parser | Product 25 parsed: Bamboo Folding Desk with Storage, Foldable Desk for Small Sp
2026-07-27 04:49:27 | DEBUG    | scraper.parser | Product 26 parsed: Besiost 32" Height Adjustable Standing Desk with Power Outle
2026-07-27 04:49:27 | DEBUG    | scraper.parser | Product 27 parsed: HUANUO Adjustable Lap Desk with 6 Angles – Up to 15.6" Lapto
2026-07-27 04:49:27 | DEBUG    | scraper.parser | Product 28 parsed: JOY worker Mini Electric Standing Desk, 31.5" x 15.75" Stand
2026-07-27 04:49:27 | DEBUG    | scraper.parser | Product 29 parsed: SANODESK Medical Adjustable Overbed Bedside Table with Hidde
2026-07-27 04:49:28 | DEBUG    | scraper.parser | Product 30 parsed: Heavy Duty Under Desk PC Holder – Up to 77 lbs Load Capacity
2026-07-27 04:49:28 | DEBUG    | scraper.parser | Product 31 parsed: Bamboo Folding Desk for Small Spaces, Small Computer Foldabl
2026-07-27 04:49:28 | DEBUG    | scraper.parser | Product 32 parsed: Nordik Felt Desk Mat - Large Felt Desk Pad - Charcoal (35 x 
2026-07-27 04:49:28 | DEBUG    | scraper.parser | Product 33 parsed: Panta Height Adjustable Rolling Laptop Stand, Overbed Table 
2026-07-27 04:49:28 | DEBUG    | scraper.parser | Product 34 parsed: VEDECASA Corner Printer Stand Table with Power Outlet Chargi
2026-07-27 04:49:28 | DEBUG    | scraper.parser | Product 35 parsed: ONKRON Laptop Cart on Wheels, max 17.6 lbs, Portable Worksta
2026-07-27 04:49:28 | DEBUG    | scraper.parser | Product 36 parsed: VEVOR Sewing Table, Multipurpose Sewing Machine Table with F
2026-07-27 04:49:28 | DEBUG    | scraper.parser | Product 37 parsed: Lufeiya White L Shaped Computer Desk with Fabric Drawers, 55
2026-07-27 04:49:29 | DEBUG    | scraper.parser | Product 38 parsed: Klicelor L Shaped Standing Desk 55 x 31.5 Inch, Electric Hei
2026-07-27 04:49:29 | DEBUG    | scraper.parser | Product 39 parsed: iCasso Desk Mat, Gaming Mouse Pad Wrist Support Set,4in1 XXL
2026-07-27 04:49:29 | DEBUG    | scraper.parser | Product 40 parsed: BIZUM Small Electric Standing Desk Bedside Table with Hidden
2026-07-27 04:49:29 | DEBUG    | scraper.parser | Product 41 parsed: CloudTrip Laptop Desk for Bed or Couch, Lap Desk, Woking in 
2026-07-27 04:49:29 | DEBUG    | scraper.parser | Product 42 parsed: Height Adjustable Standing Desk Converter,Keyboard Riser for
2026-07-27 04:49:29 | DEBUG    | scraper.parser | Product 43 parsed: X-cosrack Overbed Bedside Table with Drawer, Adjustable Pneu
2026-07-27 04:49:29 | DEBUG    | scraper.parser | Product 44 parsed: IBUYKE C Shaped Side Table,TV Tray Table,Natural UTVT003R | 
2026-07-27 04:49:29 | DEBUG    | scraper.parser | Product 45 parsed: MAHANCRIS Computer Tower Stand with Power Outlet, Mobile PC 
2026-07-27 04:49:30 | DEBUG    | scraper.parser | Product 46 parsed: IOTXY Small Writing Desk with Hutch - 31.5" Work Computer St
2026-07-27 04:49:30 | DEBUG    | scraper.parser | Product 47 parsed: Marsail Mobile Standing Desk, Wider Height Adjustable Comput
2026-07-27 04:49:30 | DEBUG    | scraper.parser | Product 48 parsed: TigerDad Overbed Bedside Desk Mobile Rolling Laptop Stand Ti
2026-07-27 04:49:30 | DEBUG    | scraper.parser | Product 49 parsed: Pamray 39 Inch Small Computer Desk with Monitor Stand and Dr
2026-07-27 04:49:30 | DEBUG    | scraper.parser | Product 50 parsed: Mobile Foldable Desk w/Wheels and Feet Pads, Foldable Comput
2026-07-27 04:49:30 | DEBUG    | scraper.parser | Product 51 parsed: Ruxury Foldable Lap Desk Laptop Stand Bed Desk Table Tray, B
2026-07-27 04:49:30 | DEBUG    | scraper.parser | Product 52 parsed: TV Tray Side Table for Couch | 360° Swivel, Adjustable Heigh
2026-07-27 04:49:30 | DEBUG    | scraper.parser | Product 53 parsed: Scalloped‌ Beige Checkered Gingham Desk Mat Cute Pastel Larg
2026-07-27 04:49:31 | DEBUG    | scraper.parser | Product 54 parsed: VECELO Corner Desk,Office Tables for Living Room for Small S
2026-07-27 04:49:31 | DEBUG    | scraper.parser | Product 55 parsed: VECELO Corner Computer Desk 41 x 30 inches with Smooth Keybo
2026-07-27 04:49:31 | DEBUG    | scraper.parser | Product 56 parsed: Flash Furniture Eve Sit to Stand Mobile Laptop Desk/Speaker'
2026-07-27 04:49:31 | DEBUG    | scraper.parser | Product 57 parsed: Mobile Small Standing Desk with Hidden Wheels, Pneumatic Lap
2026-07-27 04:49:31 | DEBUG    | scraper.parser | Product 58 parsed: Table-Mate TV Tray Table | Portable Desk Folding Dinner Tray
2026-07-27 04:49:31 | DEBUG    | scraper.parser | Product 59 parsed: Slendor Foldable Lap Desk with Cup Holder for Bed, Couch, Fl
2026-07-27 04:49:31 | DEBUG    | scraper.parser | Product 60 parsed: ALISENED 30 Inch Computer Desk, with Keyboard Tray & Monitor
2026-07-27 04:49:31 | INFO     | scraper.search | Page 6: Extracted 60 products (total: 360)
2026-07-27 04:49:31 | DEBUG    | utils.resume | Progress saved: keyword='Computer tables', last_completed_page=6
2026-07-27 04:49:31 | INFO     | scraper.search | ━━━ Scraping page 7 of 15 ━━━
2026-07-27 04:49:31 | INFO     | scraper.search | Navigating to page 7: https://www.amazon.com/s?k=Computer tables&page=7
2026-07-27 04:49:36 | DEBUG    | scraper.search | Page 7 loaded successfully.
2026-07-27 04:49:36 | INFO     | scraper.parser | Found 30 product cards on the page.
2026-07-27 04:49:37 | DEBUG    | scraper.parser | Product 1 parsed: YOSHOOT 60" Computer Desk with 5 Fabric Drawers, Gaming Desk
2026-07-27 04:49:37 | DEBUG    | scraper.parser | Product 2 parsed: Solid Wood Desk, Gaming Study Home Office Desks for Work, St
2026-07-27 04:49:37 | DEBUG    | scraper.parser | Product 3 parsed: Solid Wood Computer Desk with Drawers, Modern Writing Desk f
2026-07-27 04:49:37 | DEBUG    | scraper.parser | Product 4 parsed: JSB Folding Desk for Small Spaces,Mobile Portable Rolling La
2026-07-27 04:49:37 | DEBUG    | scraper.parser | Product 5 parsed: AboveTEK Portable Laptop Lap Desk w/Retractable Left/Right M
2026-07-27 04:49:37 | DEBUG    | scraper.parser | Product 6 parsed: Tangkula Mobile Standing Desk, Pneumatic Height Adjustable R
2026-07-27 04:49:37 | DEBUG    | scraper.parser | Product 7 parsed: Elowen Rolling Laptop Desk with Wheels, Double-Pole Portable
2026-07-27 04:49:37 | DEBUG    | scraper.parser | Product 8 parsed: YUHFERA Rolling Table for Laptop Stand, Height and Angle Adj
2026-07-27 04:49:37 | DEBUG    | scraper.parser | Product 9 parsed: Folding Desk, 31.5" Small Desk for Bedroom with Power Outlet
2026-07-27 04:49:38 | DEBUG    | scraper.parser | Product 10 parsed: Furist Adjustable Overbed Bedside Table with Wheels Hospital
2026-07-27 04:49:38 | DEBUG    | scraper.parser | Product 11 parsed: IOTXY Small Writing Desk with Hutch - 31.5" Work Computer St
2026-07-27 04:49:38 | DEBUG    | scraper.parser | Product 12 parsed: Folding Desk,Not Require Assembly,Small Foldable Desk 31.5" 
2026-07-27 04:49:38 | DEBUG    | scraper.parser | Product 13 parsed: Furinno Home Computer Desk, Espresso/Black
2026-07-27 04:49:38 | DEBUG    | scraper.parser | Product 14 parsed: 52 Inch Office Desk with 6 Drawers and Printer Space for Sto
2026-07-27 04:49:38 | DEBUG    | scraper.parser | Product 15 parsed: Sweetcrispy Overbed Table, Bedside Table, Storage Shelf | Ad
2026-07-27 04:49:38 | DEBUG    | scraper.parser | Product 16 parsed: Recliner Table, Over the Bed Table with Wheels, Adjustable W
2026-07-27 04:49:38 | DEBUG    | scraper.parser | Product 17 parsed: Small Gaming Desk with 2 Fabric Drawers - Reversible Compute
2026-07-27 04:49:38 | DEBUG    | scraper.parser | Product 18 parsed: Small Rolling Desk with Wheels, Adjustable Height 27"-43.3" 
2026-07-27 04:49:39 | DEBUG    | scraper.parser | Product 19 parsed: ALISENED Computer Desk for Small Spaces, 23.6" Z-Shaped Comp
2026-07-27 04:49:39 | DEBUG    | scraper.parser | Product 20 parsed: Kingant Standing Desk, 35x20 Inch Electric Height Adjustable
2026-07-27 04:49:39 | DEBUG    | scraper.parser | Product 21 parsed: Folding Table Computer Desk - 35.8" No Assembly Folding Desk
2026-07-27 04:49:39 | DEBUG    | scraper.parser | Product 22 parsed: SHW Mission 32-Inch Home Office Computer Desk, White
2026-07-27 04:49:39 | DEBUG    | scraper.parser | Product 23 parsed: Eocnrhe Adjustable Overbed Bedside Table, Hospital Bed Table
2026-07-27 04:49:39 | DEBUG    | scraper.parser | Product 24 parsed: Rolling Laptop Desk Adjustable Height(29.5”- 43.7”)，Mobile W
2026-07-27 04:49:39 | DEBUG    | scraper.parser | Product 25 parsed: Furinno Home Desk, 23.6" Wide Gaming Desk with Keyboard Tray
2026-07-27 04:49:39 | DEBUG    | scraper.parser | Product 26 parsed: YSAGi Non-Slip Leather Desk Pad, Waterproof Laptop Computer 
2026-07-27 04:49:39 | DEBUG    | scraper.parser | Product 27 parsed: Furinno JAYA Simple Design Computer Writing Desk, French Oak
2026-07-27 04:49:40 | DEBUG    | scraper.parser | Product 28 parsed: PUNCIA Medical Overbed Table Pneumatic Adjustable Bedside De
2026-07-27 04:49:40 | DEBUG    | scraper.parser | Product 29 parsed: SAIJI XXL Extra Large Sturdy TV Tray Table, Laptop Desk for 
2026-07-27 04:49:40 | DEBUG    | scraper.parser | Product 30 parsed: SAIJI Laptop Bed Table for Dual Screens, Lap Desk with Monit
2026-07-27 04:49:40 | INFO     | scraper.search | Page 7: Extracted 30 products (total: 390)
2026-07-27 04:49:40 | DEBUG    | utils.resume | Progress saved: keyword='Computer tables', last_completed_page=7
2026-07-27 04:49:40 | INFO     | scraper.search | ━━━ Scraping page 8 of 15 ━━━
2026-07-27 04:49:40 | INFO     | scraper.search | Navigating to page 8: https://www.amazon.com/s?k=Computer tables&page=8
2026-07-27 04:49:45 | DEBUG    | scraper.search | Page 8 loaded successfully.
2026-07-27 04:49:45 | INFO     | scraper.parser | Found 12 product cards on the page.
2026-07-27 04:49:45 | DEBUG    | scraper.parser | Product 1 parsed: SAIJI Easy Folding TV Tray Table with Led Lamp, Foldable TV 
2026-07-27 04:49:45 | DEBUG    | scraper.parser | Product 2 parsed: TopJob ANYDESK FOLD Mobile Standing Desk, Portable with Lock
2026-07-27 04:49:45 | DEBUG    | scraper.parser | Product 3 parsed: FITUEYES Height Adjustable Standing Desk 32” Wide Sit to Sta
2026-07-27 04:49:45 | DEBUG    | scraper.parser | Product 4 parsed: Branch Daily Desk, Functional at Home Office Desk with Effor
2026-07-27 04:49:46 | DEBUG    | scraper.parser | Product 5 parsed: Elephance Modern Foldable Writing Computer Desk for Home Off
2026-07-27 04:49:46 | DEBUG    | scraper.parser | Product 6 parsed: Enayplon Small Standing Desk with Wheels, Tall Mobile Stand 
2026-07-27 04:49:46 | DEBUG    | scraper.parser | Product 7 parsed: BIZUM 35.4" Small Electric Standing Desk Height Adjustable, 
2026-07-27 04:49:46 | DEBUG    | scraper.parser | Product 8 parsed: Displays By Jack Adjustable Height Rolling Laptop Desk, Port
2026-07-27 04:49:46 | DEBUG    | scraper.parser | Product 9 parsed: PRAISUN 47.2 Inch Gaming Desk with LED Lights & Power Outlet
2026-07-27 04:49:46 | DEBUG    | scraper.parser | Product 10 parsed: PRAISUN 63 inch Gaming Desk, LED & Power Outlets, Monitor St
2026-07-27 04:49:46 | DEBUG    | scraper.parser | Product 11 parsed: LITTLE TREE 63 Inch Large Executive Computer Office Desk, Br
2026-07-27 04:49:46 | DEBUG    | scraper.parser | Product 12 parsed: ALISENED Computer Desk for Small Spaces, 23.6" Z-Shaped Comp
2026-07-27 04:49:46 | INFO     | scraper.search | Page 8: Extracted 12 products (total: 402)
2026-07-27 04:49:46 | DEBUG    | utils.resume | Progress saved: keyword='Computer tables', last_completed_page=8
2026-07-27 04:49:46 | INFO     | scraper.search | ━━━ Scraping page 9 of 15 ━━━
2026-07-27 04:49:46 | INFO     | scraper.search | Navigating to page 9: https://www.amazon.com/s?k=Computer tables&page=9
2026-07-27 04:49:50 | DEBUG    | scraper.search | Page 9 loaded successfully.
2026-07-27 04:49:50 | INFO     | scraper.parser | Found 12 product cards on the page.
2026-07-27 04:49:51 | DEBUG    | scraper.parser | Product 1 parsed: JSB Folding Desk for Small Spaces,Mobile Portable Rolling La
2026-07-27 04:49:51 | DEBUG    | scraper.parser | Product 2 parsed: Folding Desk,Not Require Assembly,Small Foldable Desk 31.5" 
2026-07-27 04:49:51 | DEBUG    | scraper.parser | Product 3 parsed: YOSHOOT 60" Computer Desk with 5 Fabric Drawers, Gaming Desk
2026-07-27 04:49:51 | DEBUG    | scraper.parser | Product 4 parsed: IOTXY Small Writing Desk with Hutch - 31.5" Work Computer St
2026-07-27 04:49:51 | DEBUG    | scraper.parser | Product 5 parsed: Mobile Small Standing Desk,Gas Spring Adjustable Height Roll
2026-07-27 04:49:51 | DEBUG    | scraper.parser | Product 6 parsed: Ｍａｉｈａｉｌ Maihail Small Desk with Drawers, Office Desk with St
2026-07-27 04:49:51 | DEBUG    | scraper.parser | Product 7 parsed: Kingant Standing Desk, 35x20 Inch Electric Height Adjustable
2026-07-27 04:49:51 | DEBUG    | scraper.parser | Product 8 parsed: YATINEY 70.9" Computer Desk with Power Outlets, Gaming Desk,
2026-07-27 04:49:52 | DEBUG    | scraper.parser | Product 9 parsed: Enayplon Small Standing Desk with Wheels, Mobile Stand Up De
2026-07-27 04:49:52 | DEBUG    | scraper.parser | Product 10 parsed: VENNQD Corner Desk with Drawers Shelves for Small Space 90 D
2026-07-27 04:49:52 | DEBUG    | scraper.parser | Product 11 parsed: Folding Table Computer Desk - 35.8" No Assembly Folding Desk
2026-07-27 04:49:52 | DEBUG    | scraper.parser | Product 12 parsed: ALISENED Computer Desk for Small Spaces, 23.6" Z-Shaped Comp
2026-07-27 04:49:52 | INFO     | scraper.search | Page 9: Extracted 12 products (total: 414)
2026-07-27 04:49:52 | DEBUG    | utils.resume | Progress saved: keyword='Computer tables', last_completed_page=9
2026-07-27 04:49:52 | INFO     | scraper.search | ━━━ Scraping page 10 of 15 ━━━
2026-07-27 04:49:52 | INFO     | scraper.search | Navigating to page 10: https://www.amazon.com/s?k=Computer tables&page=10
2026-07-27 04:49:56 | DEBUG    | scraper.search | Page 10 loaded successfully.
2026-07-27 04:49:56 | INFO     | scraper.parser | Found 12 product cards on the page.
2026-07-27 04:49:56 | DEBUG    | scraper.parser | Product 1 parsed: SAIJI Easy Folding TV Tray Table with Led Lamp, Foldable TV 
2026-07-27 04:49:56 | DEBUG    | scraper.parser | Product 2 parsed: TopJob ANYDESK FOLD Mobile Standing Desk, Portable with Lock
2026-07-27 04:49:56 | DEBUG    | scraper.parser | Product 3 parsed: FITUEYES Height Adjustable Standing Desk 32” Wide Sit to Sta
2026-07-27 04:49:56 | DEBUG    | scraper.parser | Product 4 parsed: Branch Daily Desk, Functional at Home Office Desk with Effor
2026-07-27 04:49:56 | DEBUG    | scraper.parser | Product 5 parsed: Elephance Modern Foldable Writing Computer Desk for Home Off
2026-07-27 04:49:56 | DEBUG    | scraper.parser | Product 6 parsed: Enayplon Small Standing Desk with Wheels, Tall Mobile Stand 
2026-07-27 04:49:57 | DEBUG    | scraper.parser | Product 7 parsed: BIZUM 35.4" Small Electric Standing Desk Height Adjustable, 
2026-07-27 04:49:57 | DEBUG    | scraper.parser | Product 8 parsed: Displays By Jack Adjustable Height Rolling Laptop Desk, Port
2026-07-27 04:49:57 | DEBUG    | scraper.parser | Product 9 parsed: PRAISUN 47.2 Inch Gaming Desk with LED Lights & Power Outlet
2026-07-27 04:49:57 | DEBUG    | scraper.parser | Product 10 parsed: PRAISUN 63 inch Gaming Desk, LED & Power Outlets, Monitor St
2026-07-27 04:49:57 | DEBUG    | scraper.parser | Product 11 parsed: LITTLE TREE 63 Inch Large Executive Computer Office Desk, Br
2026-07-27 04:49:57 | DEBUG    | scraper.parser | Product 12 parsed: ALISENED Computer Desk for Small Spaces, 23.6" Z-Shaped Comp
2026-07-27 04:49:57 | INFO     | scraper.search | Page 10: Extracted 12 products (total: 426)
2026-07-27 04:49:57 | DEBUG    | utils.resume | Progress saved: keyword='Computer tables', last_completed_page=10
2026-07-27 04:49:57 | INFO     | scraper.search | ━━━ Scraping page 11 of 15 ━━━
2026-07-27 04:49:57 | INFO     | scraper.search | Navigating to page 11: https://www.amazon.com/s?k=Computer tables&page=11
2026-07-27 04:50:01 | DEBUG    | scraper.search | Page 11 loaded successfully.
2026-07-27 04:50:01 | INFO     | scraper.parser | Found 12 product cards on the page.
2026-07-27 04:50:01 | DEBUG    | scraper.parser | Product 1 parsed: SAIJI Easy Folding TV Tray Table with Led Lamp, Foldable TV 
2026-07-27 04:50:01 | DEBUG    | scraper.parser | Product 2 parsed: TopJob ANYDESK FOLD Mobile Standing Desk, Portable with Lock
2026-07-27 04:50:02 | DEBUG    | scraper.parser | Product 3 parsed: FITUEYES Height Adjustable Standing Desk 32” Wide Sit to Sta
2026-07-27 04:50:02 | DEBUG    | scraper.parser | Product 4 parsed: Branch Daily Desk, Functional at Home Office Desk with Effor
2026-07-27 04:50:02 | DEBUG    | scraper.parser | Product 5 parsed: Elephance Modern Foldable Writing Computer Desk for Home Off
2026-07-27 04:50:02 | DEBUG    | scraper.parser | Product 6 parsed: Enayplon Small Standing Desk with Wheels, Tall Mobile Stand 
2026-07-27 04:50:02 | DEBUG    | scraper.parser | Product 7 parsed: BIZUM 35.4" Small Electric Standing Desk Height Adjustable, 
2026-07-27 04:50:02 | DEBUG    | scraper.parser | Product 8 parsed: Displays By Jack Adjustable Height Rolling Laptop Desk, Port
2026-07-27 04:50:02 | DEBUG    | scraper.parser | Product 9 parsed: PRAISUN 47.2 Inch Gaming Desk with LED Lights & Power Outlet
2026-07-27 04:50:02 | DEBUG    | scraper.parser | Product 10 parsed: PRAISUN 63 inch Gaming Desk, LED & Power Outlets, Monitor St
2026-07-27 04:50:03 | DEBUG    | scraper.parser | Product 11 parsed: LITTLE TREE 63 Inch Large Executive Computer Office Desk, Br
2026-07-27 04:50:03 | DEBUG    | scraper.parser | Product 12 parsed: ALISENED Computer Desk for Small Spaces, 23.6" Z-Shaped Comp
2026-07-27 04:50:03 | INFO     | scraper.search | Page 11: Extracted 12 products (total: 438)
2026-07-27 04:50:03 | DEBUG    | utils.resume | Progress saved: keyword='Computer tables', last_completed_page=11
2026-07-27 04:50:03 | INFO     | scraper.search | ━━━ Scraping page 12 of 15 ━━━
2026-07-27 04:50:03 | INFO     | scraper.search | Navigating to page 12: https://www.amazon.com/s?k=Computer tables&page=12
2026-07-27 04:50:05 | DEBUG    | scraper.search | Page 12 loaded successfully.
2026-07-27 04:50:05 | INFO     | scraper.parser | Found 12 product cards on the page.
2026-07-27 04:50:06 | DEBUG    | scraper.parser | Product 1 parsed: SAIJI Easy Folding TV Tray Table with Led Lamp, Foldable TV 
2026-07-27 04:50:06 | DEBUG    | scraper.parser | Product 2 parsed: TopJob ANYDESK FOLD Mobile Standing Desk, Portable with Lock
2026-07-27 04:50:06 | DEBUG    | scraper.parser | Product 3 parsed: FITUEYES Height Adjustable Standing Desk 32” Wide Sit to Sta
2026-07-27 04:50:06 | DEBUG    | scraper.parser | Product 4 parsed: Branch Daily Desk, Functional at Home Office Desk with Effor
2026-07-27 04:50:06 | DEBUG    | scraper.parser | Product 5 parsed: Elephance Modern Foldable Writing Computer Desk for Home Off
2026-07-27 04:50:06 | DEBUG    | scraper.parser | Product 6 parsed: Enayplon Small Standing Desk with Wheels, Tall Mobile Stand 
2026-07-27 04:50:06 | DEBUG    | scraper.parser | Product 7 parsed: BIZUM 35.4" Small Electric Standing Desk Height Adjustable, 
2026-07-27 04:50:06 | DEBUG    | scraper.parser | Product 8 parsed: Displays By Jack Adjustable Height Rolling Laptop Desk, Port
2026-07-27 04:50:07 | DEBUG    | scraper.parser | Product 9 parsed: PRAISUN 47.2 Inch Gaming Desk with LED Lights & Power Outlet
2026-07-27 04:50:07 | DEBUG    | scraper.parser | Product 10 parsed: PRAISUN 63 inch Gaming Desk, LED & Power Outlets, Monitor St
2026-07-27 04:50:07 | DEBUG    | scraper.parser | Product 11 parsed: LITTLE TREE 63 Inch Large Executive Computer Office Desk, Br
2026-07-27 04:50:07 | DEBUG    | scraper.parser | Product 12 parsed: ALISENED Computer Desk for Small Spaces, 23.6" Z-Shaped Comp
2026-07-27 04:50:07 | INFO     | scraper.search | Page 12: Extracted 12 products (total: 450)
2026-07-27 04:50:07 | DEBUG    | utils.resume | Progress saved: keyword='Computer tables', last_completed_page=12
2026-07-27 04:50:07 | INFO     | scraper.search | ━━━ Scraping page 13 of 15 ━━━
2026-07-27 04:50:07 | INFO     | scraper.search | Navigating to page 13: https://www.amazon.com/s?k=Computer tables&page=13
2026-07-27 04:50:11 | DEBUG    | scraper.search | Page 13 loaded successfully.
2026-07-27 04:50:11 | INFO     | scraper.parser | Found 12 product cards on the page.
2026-07-27 04:50:11 | DEBUG    | scraper.parser | Product 1 parsed: SAIJI Easy Folding TV Tray Table with Led Lamp, Foldable TV 
2026-07-27 04:50:11 | DEBUG    | scraper.parser | Product 2 parsed: TopJob ANYDESK FOLD Mobile Standing Desk, Portable with Lock
2026-07-27 04:50:11 | DEBUG    | scraper.parser | Product 3 parsed: FITUEYES Height Adjustable Standing Desk 32” Wide Sit to Sta
2026-07-27 04:50:12 | DEBUG    | scraper.parser | Product 4 parsed: Branch Daily Desk, Functional at Home Office Desk with Effor
2026-07-27 04:50:12 | DEBUG    | scraper.parser | Product 5 parsed: Elephance Modern Foldable Writing Computer Desk for Home Off
2026-07-27 04:50:12 | DEBUG    | scraper.parser | Product 6 parsed: Enayplon Small Standing Desk with Wheels, Tall Mobile Stand 
2026-07-27 04:50:12 | DEBUG    | scraper.parser | Product 7 parsed: BIZUM 35.4" Small Electric Standing Desk Height Adjustable, 
2026-07-27 04:50:12 | DEBUG    | scraper.parser | Product 8 parsed: Displays By Jack Adjustable Height Rolling Laptop Desk, Port
2026-07-27 04:50:12 | DEBUG    | scraper.parser | Product 9 parsed: PRAISUN 47.2 Inch Gaming Desk with LED Lights & Power Outlet
2026-07-27 04:50:12 | DEBUG    | scraper.parser | Product 10 parsed: PRAISUN 63 inch Gaming Desk, LED & Power Outlets, Monitor St
2026-07-27 04:50:12 | DEBUG    | scraper.parser | Product 11 parsed: LITTLE TREE 63 Inch Large Executive Computer Office Desk, Br
2026-07-27 04:50:12 | DEBUG    | scraper.parser | Product 12 parsed: ALISENED Computer Desk for Small Spaces, 23.6" Z-Shaped Comp
2026-07-27 04:50:12 | INFO     | scraper.search | Page 13: Extracted 12 products (total: 462)
2026-07-27 04:50:12 | DEBUG    | utils.resume | Progress saved: keyword='Computer tables', last_completed_page=13
2026-07-27 04:50:12 | INFO     | scraper.search | ━━━ Scraping page 14 of 15 ━━━
2026-07-27 04:50:12 | INFO     | scraper.search | Navigating to page 14: https://www.amazon.com/s?k=Computer tables&page=14
2026-07-27 04:50:16 | DEBUG    | scraper.search | Page 14 loaded successfully.
2026-07-27 04:50:16 | INFO     | scraper.parser | Found 12 product cards on the page.
2026-07-27 04:50:16 | DEBUG    | scraper.parser | Product 1 parsed: SAIJI XXL Extra Large Sturdy TV Tray Table, Laptop Desk for 
2026-07-27 04:50:16 | DEBUG    | scraper.parser | Product 2 parsed: TopJob ANYDESK FOLD Mobile Standing Desk, Portable with Lock
2026-07-27 04:50:16 | DEBUG    | scraper.parser | Product 3 parsed: FITUEYES Height Adjustable Standing Desk 32” Wide Sit to Sta
2026-07-27 04:50:16 | DEBUG    | scraper.parser | Product 4 parsed: Branch Daily Desk, Functional at Home Office Desk with Effor
2026-07-27 04:50:17 | DEBUG    | scraper.parser | Product 5 parsed: Elephance Modern Foldable Writing Computer Desk for Home Off
2026-07-27 04:50:17 | DEBUG    | scraper.parser | Product 6 parsed: Enayplon Small Standing Desk with Wheels, Tall Mobile Stand 
2026-07-27 04:50:17 | DEBUG    | scraper.parser | Product 7 parsed: BIZUM 35.4" Small Electric Standing Desk Height Adjustable, 
2026-07-27 04:50:17 | DEBUG    | scraper.parser | Product 8 parsed: Displays By Jack Adjustable Height Rolling Laptop Desk, Port
2026-07-27 04:50:17 | DEBUG    | scraper.parser | Product 9 parsed: PRAISUN 47.2 Inch Gaming Desk with LED Lights & Power Outlet
2026-07-27 04:50:17 | DEBUG    | scraper.parser | Product 10 parsed: PRAISUN 63 inch Gaming Desk, LED & Power Outlets, Monitor St
2026-07-27 04:50:17 | DEBUG    | scraper.parser | Product 11 parsed: LITTLE TREE 63 Inch Large Executive Computer Office Desk, Br
2026-07-27 04:50:17 | DEBUG    | scraper.parser | Product 12 parsed: ALISENED Computer Desk for Small Spaces, 23.6" Z-Shaped Comp
2026-07-27 04:50:17 | INFO     | scraper.search | Page 14: Extracted 12 products (total: 474)
2026-07-27 04:50:17 | DEBUG    | utils.resume | Progress saved: keyword='Computer tables', last_completed_page=14
2026-07-27 04:50:17 | INFO     | scraper.search | ━━━ Scraping page 15 of 15 ━━━
2026-07-27 04:50:17 | INFO     | scraper.search | Navigating to page 15: https://www.amazon.com/s?k=Computer tables&page=15
2026-07-27 04:50:20 | DEBUG    | scraper.search | Page 15 loaded successfully.
2026-07-27 04:50:20 | INFO     | scraper.parser | Found 12 product cards on the page.
2026-07-27 04:50:20 | DEBUG    | scraper.parser | Product 1 parsed: SAIJI XXL Extra Large Sturdy TV Tray Table, Laptop Desk for 
2026-07-27 04:50:20 | DEBUG    | scraper.parser | Product 2 parsed: TopJob ANYDESK FOLD Mobile Standing Desk, Portable with Lock
2026-07-27 04:50:21 | DEBUG    | scraper.parser | Product 3 parsed: FITUEYES Height Adjustable Standing Desk 32” Wide Sit to Sta
2026-07-27 04:50:21 | DEBUG    | scraper.parser | Product 4 parsed: Branch Daily Desk, Functional at Home Office Desk with Effor
2026-07-27 04:50:21 | DEBUG    | scraper.parser | Product 5 parsed: Elephance Modern Foldable Writing Computer Desk for Home Off
2026-07-27 04:50:21 | DEBUG    | scraper.parser | Product 6 parsed: Enayplon Small Standing Desk with Wheels, Tall Mobile Stand 
2026-07-27 04:50:21 | DEBUG    | scraper.parser | Product 7 parsed: BIZUM 35.4" Small Electric Standing Desk Height Adjustable, 
2026-07-27 04:50:21 | DEBUG    | scraper.parser | Product 8 parsed: Displays By Jack Adjustable Height Rolling Laptop Desk, Port
2026-07-27 04:50:21 | DEBUG    | scraper.parser | Product 9 parsed: PRAISUN 47.2 Inch Gaming Desk with LED Lights & Power Outlet
2026-07-27 04:50:21 | DEBUG    | scraper.parser | Product 10 parsed: LITTLE TREE 63 Inch Large Executive Computer Office Desk, Br
2026-07-27 04:50:22 | DEBUG    | scraper.parser | Product 11 parsed: ALISENED Computer Desk for Small Spaces, 23.6" Z-Shaped Comp
2026-07-27 04:50:22 | DEBUG    | scraper.parser | Product 12 parsed: Enayplon Small Standing Desk with Wheels, Mobile Stand Up De
2026-07-27 04:50:22 | INFO     | scraper.search | Page 15: Extracted 12 products (total: 486)
2026-07-27 04:50:22 | DEBUG    | utils.resume | Progress saved: keyword='Computer tables', last_completed_page=15
2026-07-27 04:50:22 | INFO     | scraper.search | Scraping complete. Total products extracted: 486
2026-07-27 04:50:22 | INFO     | __main__ | Scraping finished: 486 products extracted.
2026-07-27 04:50:22 | INFO     | filters.product_filter | No filters applied. All 486 products kept.
2026-07-27 04:50:22 | INFO     | exporters.csv_exporter | CSV export complete: 486 products saved to 'E:\Anas\internship\Week3\Amazon_Automation\output\results.csv'
2026-07-27 04:50:22 | INFO     | exporters.json_exporter | JSON export complete: 486 products saved to 'E:\Anas\internship\Week3\Amazon_Automation\output\results.json'
2026-07-27 04:50:22 | INFO     | exporters.sqlite_exporter | SQLite export complete: 486 products saved to 'E:\Anas\internship\Week3\Amazon_Automation\output\results.db' (0 skipped — no ASIN)
2026-07-27 04:50:22 | DEBUG    | utils.resume | Progress file cleared.
2026-07-27 04:50:22 | INFO     | __main__ | ------------------------------------------------------------
2026-07-27 04:50:22 | INFO     | __main__ | SCRAPE SUMMARY
2026-07-27 04:50:22 | INFO     | __main__ | ------------------------------------------------------------
2026-07-27 04:50:22 | INFO     | __main__ | Keyword:          Computer tables
2026-07-27 04:50:22 | INFO     | __main__ | Pages scraped:    15
2026-07-27 04:50:22 | INFO     | __main__ | Products found:   486
2026-07-27 04:50:22 | INFO     | __main__ | After filtering:  486
2026-07-27 04:50:22 | INFO     | __main__ | Time elapsed:     141.5 seconds
2026-07-27 04:50:22 | INFO     | __main__ | CSV output:       E:\Anas\internship\Week3\Amazon_Automation\output\results.csv
2026-07-27 04:50:22 | INFO     | __main__ | JSON output:      E:\Anas\internship\Week3\Amazon_Automation\output\results.json
2026-07-27 04:50:22 | INFO     | __main__ | SQLite output:    E:\Anas\internship\Week3\Amazon_Automation\output\results.db
2026-07-27 04:50:22 | INFO     | __main__ | ============================================================
2026-07-27 04:50:22 | INFO     | __main__ | Scraping completed successfully!
2026-07-27 04:50:22 | INFO     | __main__ | ============================================================
2026-07-27 04:50:24 | INFO     | scraper.driver | Chrome WebDriver closed successfully.
2026-07-27 04:51:10 | INFO     | __main__ | ============================================================
2026-07-27 04:51:10 | INFO     | __main__ | Amazon Product Search Scraper — Starting
2026-07-27 04:51:10 | INFO     | __main__ | ============================================================
2026-07-27 04:51:10 | INFO     | __main__ | Keyword:    School Bags
2026-07-27 04:51:10 | INFO     | __main__ | Pages:      30
2026-07-27 04:51:10 | INFO     | __main__ | Headless:   False
2026-07-27 04:51:10 | INFO     | __main__ | Resume:     False
2026-07-27 04:51:10 | INFO     | __main__ | ------------------------------------------------------------
2026-07-27 04:51:10 | INFO     | scraper.driver | Initializing Chrome WebDriver (headless=False)...
2026-07-27 04:51:11 | INFO     | scraper.driver | Chrome WebDriver initialized successfully.
2026-07-27 04:51:11 | INFO     | scraper.search | Starting scrape: keyword='School Bags', pages 1 to 30
2026-07-27 04:51:11 | INFO     | scraper.search | ━━━ Scraping page 1 of 30 ━━━
2026-07-27 04:51:11 | INFO     | scraper.search | Navigating to Amazon homepage...
2026-07-27 04:51:14 | DEBUG    | scraper.search | Search input found. Typing keyword: 'School Bags'
2026-07-27 04:51:20 | INFO     | scraper.search | Search submitted for keyword: 'School Bags'
2026-07-27 04:51:21 | INFO     | scraper.parser | Found 60 product cards on the page.
2026-07-27 04:51:22 | DEBUG    | scraper.parser | Product 1 parsed: Fenrici Kids' Backpack with Lunch Box Set for Boys and Girls
2026-07-27 04:51:22 | DEBUG    | scraper.parser | Product 2 parsed: Baseball Backpack for Boys, Kids Baseball Backpack for Schoo
2026-07-27 04:51:22 | DEBUG    | scraper.parser | Product 3 parsed: Canvas Messenger Bag Large Hobo Crossbody Bags with Multiple
2026-07-27 04:51:22 | DEBUG    | scraper.parser | Product 4 parsed: Kids Backpack with Lunch Box,Boys Girls School Bookbag Set K
2026-07-27 04:51:22 | DEBUG    | scraper.parser | Product 5 parsed: JanSport Cool Backpack, with 15-inch Laptop Sleeve - Large C
2026-07-27 04:51:22 | DEBUG    | scraper.parser | Product 6 parsed: JanSport Laptop Backpack - Computer Bag with 2 Compartments,
2026-07-27 04:51:22 | DEBUG    | scraper.parser | Product 7 parsed: PUMA unisex-adult Contender Backpack with Laptop Sleeve, Ite
2026-07-27 04:51:23 | DEBUG    | scraper.parser | Product 8 parsed: BAGSMART Tote Bag for Women, Lightweight Puffy Tote Bag with
2026-07-27 04:51:23 | DEBUG    | scraper.parser | Product 9 parsed: Trail maker 24 Pack- Classic 17 Inch Backpacks in Bulk Whole
2026-07-27 04:51:23 | DEBUG    | scraper.parser | Product 10 parsed: PIG PIG GIRL Kids Backpack for Girls School Book Bag for Ele
2026-07-27 04:51:23 | DEBUG    | scraper.parser | Product 11 parsed: Bigmeta 3 Pcs Soccer Boys Backpack Set for Kids 6-12 Age | S
2026-07-27 04:51:23 | DEBUG    | scraper.parser | Product 12 parsed: School Backpack for Teen Girls Backpacks Corduroy School Bag
2026-07-27 04:51:23 | DEBUG    | scraper.parser | Product 13 parsed: KROSIAS Laptop Backpack for College Teen Girl: Middle High S
2026-07-27 04:51:23 | DEBUG    | scraper.parser | Product 14 parsed: Backpack for School Girls, 3Pcs Kids Cute Bookbag with Lunch
2026-07-27 04:51:23 | DEBUG    | scraper.parser | Product 15 parsed: abshoo Big Student Laptop Backpack For College Women Middle 
2026-07-27 04:51:24 | DEBUG    | scraper.parser | Product 16 parsed: abshoo Classical Basic Womens Travel Backpack For College Me
2026-07-27 04:51:24 | DEBUG    | scraper.parser | Product 17 parsed: rickyh style School Backpack Travel Bag for Men & Women Ligh
2026-07-27 04:51:24 | DEBUG    | scraper.parser | Product 18 parsed: Nike, Unisex, Varsity Elite Backpack (32L), Black/Black/Meta
2026-07-27 04:51:24 | DEBUG    | scraper.parser | Product 19 parsed: 24Pcs Backpack for School in Bulk 17 Inch Bulk Bookbags Back
2026-07-27 04:51:24 | DEBUG    | scraper.parser | Product 20 parsed: Bevalsa Backpack for Boys, Lightning School Bags with Lunch 
2026-07-27 04:51:24 | DEBUG    | scraper.parser | Product 21 parsed: 24 Pack Bulk Backpacks for Students Back to School - 16 Inch
2026-07-27 04:51:24 | DEBUG    | scraper.parser | Product 22 parsed: Spotted Tiger School Backpack for Girls Backpack with Lunch 
2026-07-27 04:51:24 | DEBUG    | scraper.parser | Product 23 parsed: MATEIN Travel Laptop Backpack, 15.6 Inch College School Comp
2026-07-27 04:51:25 | DEBUG    | scraper.parser | Product 24 parsed: Bagstellar Corduroy Tote Bag for Women, 17 Pockets Laptop Wo
2026-07-27 04:51:25 | DEBUG    | scraper.parser | Product 25 parsed: abshoo Large Heavy Duty Backpack For School College Bookbag 
2026-07-27 04:51:25 | DEBUG    | scraper.parser | Product 26 parsed: mommore Kids Backpack Set Kindergarten School Bookbag for Bo
2026-07-27 04:51:25 | DEBUG    | scraper.parser | Product 27 parsed: FIORETTO Canvas Tote Bag for Women with Zipper Closure & Ind
2026-07-27 04:51:25 | DEBUG    | scraper.parser | Product 28 parsed: JanSport Cross Town Backpack 17" x 12.5" x 6" - Simple Bag f
2026-07-27 04:51:25 | DEBUG    | scraper.parser | Product 29 parsed: Black Backpack for Men, School Backpack for Boy Teens | 15.6
2026-07-27 04:51:25 | DEBUG    | scraper.parser | Product 30 parsed: Bagstellar Puffer Tote Bag for Women, Lightweight Puffy Trav
2026-07-27 04:51:25 | DEBUG    | scraper.parser | Product 31 parsed: PUMA Kids' Meridian Backpack
2026-07-27 04:51:25 | DEBUG    | scraper.parser | Product 32 parsed: School Laptop Backpack for Teen Girls: 15.6 Inch Cute Colleg
2026-07-27 04:51:26 | DEBUG    | scraper.parser | Product 33 parsed: PUMA Colony Combo Backpack, Pink Combo, OS
2026-07-27 04:51:26 | DEBUG    | scraper.parser | Product 34 parsed: Under Armour Unisex-Adult Hustle 6.0 Backpack, (002) Black/B
2026-07-27 04:51:26 | DEBUG    | scraper.parser | Product 35 parsed: GAXOS Aesthetic Cute Messenger Bag for School Vintage Black 
2026-07-27 04:51:26 | DEBUG    | scraper.parser | Product 36 parsed: mibasies Kids Backpack for Girls: Girls Backpack 5-8 - Kinde
2026-07-27 04:51:26 | DEBUG    | scraper.parser | Product 37 parsed: ProEtrade Backpack Bookbag for College Laptop Travel, Fit La
2026-07-27 04:51:26 | DEBUG    | scraper.parser | Product 38 parsed: Bagstellar Puffer Tote Bag for Women, Lightweight Puffy Trav
2026-07-27 04:51:27 | DEBUG    | scraper.parser | Product 39 parsed: DUSLANG 17 Inch Laptop Backpack for Travel Water Resistant C
2026-07-27 04:51:27 | DEBUG    | scraper.parser | Product 40 parsed: BAGSMART Travel Backpack for Women, 15.6" College Laptop Bac
2026-07-27 04:51:27 | DEBUG    | scraper.parser | Product 41 parsed: Kipling Women's Seoul 15" Laptop Backpack, Durable, Roomy wi
2026-07-27 04:51:27 | DEBUG    | scraper.parser | Product 42 parsed: Under Armour Hustle Sport 6.0 Backpack
2026-07-27 04:51:27 | DEBUG    | scraper.parser | Product 43 parsed: adidas Amplifier Backpack for Laptop, School and Gym | Optio
2026-07-27 04:51:27 | DEBUG    | scraper.parser | Product 44 parsed: adidas PHNM Backpack for Laptop, School and Travel, 28L
2026-07-27 04:51:27 | DEBUG    | scraper.parser | Product 45 parsed: SWISSGEAR 1900 ScanSmart Laptop Backpack, Fits Most 17-Inch 
2026-07-27 04:51:27 | DEBUG    | scraper.parser | Product 46 parsed: LOVEVOOK Laptop Backpack for Women, 15.6 Inch Work Business 
2026-07-27 04:51:28 | DEBUG    | scraper.parser | Product 47 parsed: DIGOBAY Backpack for School Girls Boys, College Backpack wit
2026-07-27 04:51:28 | DEBUG    | scraper.parser | Product 48 parsed: Fimibuke Capybara Backpack for School Girls, 30PCS Capybara 
2026-07-27 04:51:28 | DEBUG    | scraper.parser | Product 49 parsed: Bagstellar Teacher Tote Bag for Women, 15.6" Laptop Work Tot
2026-07-27 04:51:28 | DEBUG    | scraper.parser | Product 50 parsed: SUPACOOL Casual Laptop Backpack for Men and Women, Work back
2026-07-27 04:51:28 | DEBUG    | scraper.parser | Product 51 parsed: LOVEVOOK Cute School Backpack for Teen Girls & Kids, 15.6" L
2026-07-27 04:51:28 | DEBUG    | scraper.parser | Product 52 parsed: Eccliy 50 Pack Backpacks in Bulk 17 Inches Wholesale Back Pa
2026-07-27 04:51:28 | DEBUG    | scraper.parser | Product 53 parsed: LOVEVOOK Laptop Backpack for Women with Pouch Pocket for Lar
2026-07-27 04:51:29 | DEBUG    | scraper.parser | Product 54 parsed: adidas Foundation Backpack 38L
2026-07-27 04:51:29 | DEBUG    | scraper.parser | Product 55 parsed: Lovely Girls Backpack School Bag for Students Kids Book Bag 
2026-07-27 04:51:29 | DEBUG    | scraper.parser | Product 56 parsed: ACESAK Girls Backpack - 3PCS Backpack for Girls Cute School 
2026-07-27 04:51:29 | DEBUG    | scraper.parser | Product 57 parsed: LOVEVOOK School Backpack for Girls, 15.6 Inch laptop Backpac
2026-07-27 04:51:29 | DEBUG    | scraper.parser | Product 58 parsed: BIKROD Black Backpack for Men and Women, Backpack for School
2026-07-27 04:51:29 | DEBUG    | scraper.parser | Product 59 parsed: Black backpack for school, School Backpack for boys teens, B
2026-07-27 04:51:29 | DEBUG    | scraper.parser | Product 60 parsed: Becokan Large Tote Bag for Women Waterproof with 12 Pockets 
2026-07-27 04:51:29 | INFO     | scraper.search | Page 1: Extracted 60 products (total: 60)
2026-07-27 04:51:29 | DEBUG    | utils.resume | Progress saved: keyword='School Bags', last_completed_page=1
2026-07-27 04:51:29 | INFO     | scraper.search | ━━━ Scraping page 2 of 30 ━━━
2026-07-27 04:51:29 | INFO     | scraper.search | Navigating to page 2: https://www.amazon.com/s?k=School Bags&page=2
2026-07-27 04:51:34 | DEBUG    | scraper.search | Page 2 loaded successfully.
2026-07-27 04:51:34 | INFO     | scraper.parser | Found 60 product cards on the page.
2026-07-27 04:51:34 | DEBUG    | scraper.parser | Product 1 parsed: KROSIAS Laptop Backpack for College Teen Girl: Middle High S
2026-07-27 04:51:34 | DEBUG    | scraper.parser | Product 2 parsed: Spotted Tiger School Backpack for Girls Backpack with Lunch 
2026-07-27 04:51:34 | DEBUG    | scraper.parser | Product 3 parsed: BANGE Business Smart Backpack Waterproof fit 15.6 Inch Lapto
2026-07-27 04:51:35 | DEBUG    | scraper.parser | Product 4 parsed: LOVEVOOK Laptop Backpack for Men Women with Giant Tumbler Ho
2026-07-27 04:51:35 | DEBUG    | scraper.parser | Product 5 parsed: LOVEVOOK Laptop Backpack for Women Work Travel College Teach
2026-07-27 04:51:35 | DEBUG    | scraper.parser | Product 6 parsed: Under Armour Hustle Sport 6.0 Backpack
2026-07-27 04:51:35 | DEBUG    | scraper.parser | Product 7 parsed: LOVEVOOK Work Tote Bags for Women, Vintage Leather 15.6 Inch
2026-07-27 04:51:35 | DEBUG    | scraper.parser | Product 8 parsed: RHCPFOVR Kids Backpack for Girls - Girls Backpack 3-8 Ages B
2026-07-27 04:51:35 | DEBUG    | scraper.parser | Product 9 parsed: PUMA Colony Combo Backpack, Pink/Blue, OS
2026-07-27 04:51:35 | DEBUG    | scraper.parser | Product 10 parsed: JanSport Cross Town Backpack 17" x 12.5" x 6" - Simple Bag f
2026-07-27 04:51:35 | DEBUG    | scraper.parser | Product 11 parsed: School Backpack for Teen Girls Backpacks Corduroy School Bag
2026-07-27 04:51:36 | DEBUG    | scraper.parser | Product 12 parsed: LOVEVOOK Laptop Backpack for Women with Leather Trim & Tumbl
2026-07-27 04:51:36 | DEBUG    | scraper.parser | Product 13 parsed: Backpack for Men Women, School Backpack for Teen Boys Girls 
2026-07-27 04:51:36 | DEBUG    | scraper.parser | Product 14 parsed: School Backpack for Teen Boys, Bookbag for Middle, High Scho
2026-07-27 04:51:36 | DEBUG    | scraper.parser | Product 15 parsed: PUMA Unisex Kid's Colony Lunch Kit & Backpack Combo, Knockou
2026-07-27 04:51:36 | DEBUG    | scraper.parser | Product 16 parsed: 10 Pack Bulk Backpacks, Wholesale 17-Inch Lightweight Bookba
2026-07-27 04:51:36 | DEBUG    | scraper.parser | Product 17 parsed: LOVEVOOK Cute School Backpack for Girls Ages 8-14, Bookbag w
2026-07-27 04:51:36 | DEBUG    | scraper.parser | Product 18 parsed: MOONBABY Girls Backpack, Kids Backpack for Girls School Bags
2026-07-27 04:51:36 | DEBUG    | scraper.parser | Product 19 parsed: Laptop Backpack for Women School Bookbag: 15.6 Inch College 
2026-07-27 04:51:36 | DEBUG    | scraper.parser | Product 20 parsed: Backpack for School Girls, 3Pcs Kids Cute Bookbag with Lunch
2026-07-27 04:51:37 | DEBUG    | scraper.parser | Product 21 parsed: Fenrici Kids' Backpack with Lunch Box Set for Boys and Girls
2026-07-27 04:51:37 | DEBUG    | scraper.parser | Product 22 parsed: Scothen Boys Backpack, 4PCS Cool Luminous Gamer School Backp
2026-07-27 04:51:37 | DEBUG    | scraper.parser | Product 23 parsed: ACESAK Backpack for Boys - Boy Backpack Schoolbag for Boys K
2026-07-27 04:51:37 | DEBUG    | scraper.parser | Product 24 parsed: LOVEVOOK Laptop Backpack for Women with Giant Tumbler Holder
2026-07-27 04:51:37 | DEBUG    | scraper.parser | Product 25 parsed: LEDAOU Backpack for Girls School Bag Kids Bookbag Teen Backp
2026-07-27 04:51:37 | DEBUG    | scraper.parser | Product 26 parsed: TILYTADLY School Backpack for Boys - 3pcs Gamer Boys Backpac
2026-07-27 04:51:37 | DEBUG    | scraper.parser | Product 27 parsed: PUMA unisex-adult Contender Backpack with Laptop Sleeve, Ite
2026-07-27 04:51:37 | DEBUG    | scraper.parser | Product 28 parsed: adidas Creator School Backpack 21L | Padded Laptop Sleeve, D
2026-07-27 04:51:37 | DEBUG    | scraper.parser | Product 29 parsed: BIKROD Travel Laptop Backpack, 17 Inch Extra Large School Ba
2026-07-27 04:51:38 | DEBUG    | scraper.parser | Product 30 parsed: LOIDOU Backpack for Teen Girls Bookbags School Backpack with
2026-07-27 04:51:38 | DEBUG    | scraper.parser | Product 31 parsed: Jexine 10 Pcs Backpacks in Bulk 16.5 Inches Back Pack Basic 
2026-07-27 04:51:38 | DEBUG    | scraper.parser | Product 32 parsed: LOVEVOOK Teacher Tote Bag for Women Work, Laptop Bag With La
2026-07-27 04:51:38 | DEBUG    | scraper.parser | Product 33 parsed: BAGSMART College Laptop Backpack,Cute Travel Backpack for Wo
2026-07-27 04:51:38 | DEBUG    | scraper.parser | Product 34 parsed: Patelai 48 Pcs 17" Backpacks in Bulk for School Kids Wholesa
2026-07-27 04:51:38 | DEBUG    | scraper.parser | Product 35 parsed: Moda West 17" School Backpacks for Kids - Backpacks in Bulk 
2026-07-27 04:51:38 | DEBUG    | scraper.parser | Product 36 parsed: BAGSMART Foldable Tote Bag with Drawstring Bag, Tote Bag Sho
2026-07-27 04:51:38 | DEBUG    | scraper.parser | Product 37 parsed: LOVEVOOK School Backpack for Teen Girls, Student Cute Bookba
2026-07-27 04:51:39 | DEBUG    | scraper.parser | Product 38 parsed: Wandering Nature Tote Bag for Women, Puffy Handbags for Work
2026-07-27 04:51:39 | DEBUG    | scraper.parser | Product 39 parsed: LOIDOU Backpack for Girls School Backpacks Bookbags for Elem
2026-07-27 04:51:39 | DEBUG    | scraper.parser | Product 40 parsed: 24 Pcs 17 Inch Backpack in Bulk Foldable Classic Back Packs 
2026-07-27 04:51:39 | DEBUG    | scraper.parser | Product 41 parsed: adidas Kids Affiliate Backpack – School Bag for Girls and Bo
2026-07-27 04:51:39 | DEBUG    | scraper.parser | Product 42 parsed: DIGOBAY Backpack for Girls, Cute Girls Backpack with Lunch B
2026-07-27 04:51:39 | DEBUG    | scraper.parser | Product 43 parsed: CTWWFS Puffer Tote Bag for Women, Quilted Bow Tote Bag with 
2026-07-27 04:51:39 | DEBUG    | scraper.parser | Product 44 parsed: PRLINJSK Girls Backpack,Cute School Backpack for Girls Kids 
2026-07-27 04:51:39 | DEBUG    | scraper.parser | Product 45 parsed: High Sierra Loop Backpack, Travel, or Work Bookbag with tabl
2026-07-27 04:51:39 | DEBUG    | scraper.parser | Product 46 parsed: ZHMO Canvas Tote Bag for Women,Women's Bags Crossbody Bags W
2026-07-27 04:51:40 | DEBUG    | scraper.parser | Product 47 parsed: PRLINJSK Girls Backpack for College High Middle School, Cute
2026-07-27 04:51:40 | DEBUG    | scraper.parser | Product 48 parsed: LOVEVOOK Tote Bag for Women, Puffer Work Handbag 15.6 Inch L
2026-07-27 04:51:40 | DEBUG    | scraper.parser | Product 49 parsed: Maelstrom 15.6-17.3" Laptop Backpack with Lunch Box, Work Ba
2026-07-27 04:51:40 | DEBUG    | scraper.parser | Product 50 parsed: YAMTION Backpack for Men and Women,School Backpack for Teena
2026-07-27 04:51:40 | DEBUG    | scraper.parser | Product 51 parsed: Kipling Women's Seoul 15" Laptop Backpack, Durable, Roomy wi
2026-07-27 04:51:40 | DEBUG    | scraper.parser | Product 52 parsed: Classic School Backpack for Boys Girls Teens, Black Backpack
2026-07-27 04:51:40 | DEBUG    | scraper.parser | Product 53 parsed: Scothen Boys Backpack, Cool Luminous School Backpacks for Bo
2026-07-27 04:51:40 | DEBUG    | scraper.parser | Product 54 parsed: BAGSMART Tote Bag for Women, 2 Set Work Tote Bag with Zipper
2026-07-27 04:51:40 | DEBUG    | scraper.parser | Product 55 parsed: adidas Affiliate School Backpack 28L | Padded Laptop Sleeve,
2026-07-27 04:51:41 | DEBUG    | scraper.parser | Product 56 parsed: DIGOBAY Boys Backpack for School, Luminous Gamer Backpack wi
2026-07-27 04:51:41 | DEBUG    | scraper.parser | Product 57 parsed: Miss Adola Cute Corduroy Tote Bag for Women Multi-Pocket wit
2026-07-27 04:51:41 | DEBUG    | scraper.parser | Product 58 parsed: TOPDesign Puffer Tote Bag for Women, Lightweight Puffy Handb
2026-07-27 04:51:41 | DEBUG    | scraper.parser | Product 59 parsed: Hidds Laptop Backpacks 15.6 In Kids School Backpack for Girl
2026-07-27 04:51:41 | DEBUG    | scraper.parser | Product 60 parsed: PerKoop 10 Pcs 17 Inch Kids Backpacks Bulk, Classic Student 
2026-07-27 04:51:41 | INFO     | scraper.search | Page 2: Extracted 60 products (total: 120)
2026-07-27 04:51:41 | DEBUG    | utils.resume | Progress saved: keyword='School Bags', last_completed_page=2
2026-07-27 04:51:41 | INFO     | scraper.search | ━━━ Scraping page 3 of 30 ━━━
2026-07-27 04:51:41 | INFO     | scraper.search | Navigating to page 3: https://www.amazon.com/s?k=School Bags&page=3
2026-07-27 04:51:45 | DEBUG    | scraper.search | Page 3 loaded successfully.
2026-07-27 04:51:45 | INFO     | scraper.parser | Found 60 product cards on the page.
2026-07-27 04:51:45 | DEBUG    | scraper.parser | Product 1 parsed: Spotted Tiger School Backpack for Girls Backpack with Lunch 
2026-07-27 04:51:45 | DEBUG    | scraper.parser | Product 2 parsed: Bevalsa Backpack for Boys, Lightning School Bags with Lunch 
2026-07-27 04:51:45 | DEBUG    | scraper.parser | Product 3 parsed: Wildkin Kids 16 Inch Elementary School Backpack for Girls – 
2026-07-27 04:51:46 | DEBUG    | scraper.parser | Product 4 parsed: Bagstellar Corduroy Tote Bag for Women, 17 Pockets Laptop Wo
2026-07-27 04:51:46 | DEBUG    | scraper.parser | Product 5 parsed: TOPDesign Puffer Tote Bag for Women, Lightweight Puffy Handb
2026-07-27 04:51:46 | DEBUG    | scraper.parser | Product 6 parsed: Miss Adola Cute Corduroy Tote Bag for Women Multi-Pocket wit
2026-07-27 04:51:46 | DEBUG    | scraper.parser | Product 7 parsed: adidas Excel 6 Backpack | Padded 16-In. Laptop Sleeve, Multi
2026-07-27 04:51:46 | DEBUG    | scraper.parser | Product 8 parsed: Hidds Laptop Backpacks 15.6 In Kids School Backpack for Girl
2026-07-27 04:51:46 | DEBUG    | scraper.parser | Product 9 parsed: adidas Midway School Backpack for Laptop and Travel, 28L | P
2026-07-27 04:51:46 | DEBUG    | scraper.parser | Product 10 parsed: Amazon Basics Travel Laptop Backpack with Multiple Pockets a
2026-07-27 04:51:46 | DEBUG    | scraper.parser | Product 11 parsed: LEDAOU Girls Backpack with Lunch Box, 3 Piece School Backpac
2026-07-27 04:51:46 | DEBUG    | scraper.parser | Product 12 parsed: School Backpack for Teen Girls Backpacks Corduroy School Bag
2026-07-27 04:51:47 | DEBUG    | scraper.parser | Product 13 parsed: Backpack for Men Women, School Backpack for Teen Boys Girls 
2026-07-27 04:51:47 | DEBUG    | scraper.parser | Product 14 parsed: LOVEVOOK Laptop Backpack for Women with Leather Trim & Tumbl
2026-07-27 04:51:47 | DEBUG    | scraper.parser | Product 15 parsed: Paw Patrol Backpack | Chase Rubble Marshall Boys Backpacks |
2026-07-27 04:51:47 | DEBUG    | scraper.parser | Product 16 parsed: Lohol Water Resistant Daypack with Mulitiple Pockets for Sch
2026-07-27 04:51:47 | DEBUG    | scraper.parser | Product 17 parsed: LOVEVOOK Tote Bag for Women, Puffer Work Travel Handbag with
2026-07-27 04:51:47 | DEBUG    | scraper.parser | Product 18 parsed: KBTYE Canvas Messenger Bag Cute Crossbody Tote Bag Shoulder 
2026-07-27 04:51:47 | DEBUG    | scraper.parser | Product 19 parsed: Fenrici Kids' Backpack with Lunch Box Set for Boys and Girls
2026-07-27 04:51:47 | DEBUG    | scraper.parser | Product 20 parsed: School Backpack for Teen Boys, Bookbag for Middle, High Scho
2026-07-27 04:51:48 | DEBUG    | scraper.parser | Product 21 parsed: School Backpack for Girls, Cute School Bag with Lunch Box & 
2026-07-27 04:51:48 | DEBUG    | scraper.parser | Product 22 parsed: Scothen Boys Backpack, 4PCS Cool Luminous Gamer School Backp
2026-07-27 04:51:48 | DEBUG    | scraper.parser | Product 23 parsed: abshoo Cute Spider School Backpack For Boys Elementary Kinde
2026-07-27 04:51:48 | DEBUG    | scraper.parser | Product 24 parsed: Weitars Lunch Backpack For Women,15.6 Inch Laptop Backpacks 
2026-07-27 04:51:48 | DEBUG    | scraper.parser | Product 25 parsed: Renbuzhu 24PCS Back to School Clear PVC Gift Bags Bulk 8 x 8
2026-07-27 04:51:48 | DEBUG    | scraper.parser | Product 26 parsed: BAGSMART Tote Bag for Women, Tote Bag with Zipper Work Tote 
2026-07-27 04:51:48 | DEBUG    | scraper.parser | Product 27 parsed: ProEtrade Travel Backpack, Extra Large Laptop Backpack Busin
2026-07-27 04:51:48 | DEBUG    | scraper.parser | Product 28 parsed: MATEIN Travel Laptop Backpack, 17 Inch TSA Approved Carry On
2026-07-27 04:51:48 | DEBUG    | scraper.parser | Product 29 parsed: Teen Girls Backpack School Bag, 15.6in Laptop Backpack for W
2026-07-27 04:51:49 | DEBUG    | scraper.parser | Product 30 parsed: LOVEVOOK 2Pcs School Backpack Bookbag for Kids Teen Girls wi
2026-07-27 04:51:49 | DEBUG    | scraper.parser | Product 31 parsed: adidas Amplifier Backpack for Laptop, School and Gym | Optio
2026-07-27 04:51:49 | DEBUG    | scraper.parser | Product 32 parsed: LOVEVOOK School Backpack for Teen Girls & College Students, 
2026-07-27 04:51:49 | DEBUG    | scraper.parser | Product 33 parsed: LOVEVOOK School Backpack for Teen Girl,Student College Backp
2026-07-27 04:51:49 | DEBUG    | scraper.parser | Product 34 parsed: NSEQB Kids School Backpack Set for Elementary Girls,Kawaii G
2026-07-27 04:51:49 | DEBUG    | scraper.parser | Product 35 parsed: [Upgraded] Vintage Canvas Messenger Bag 13 15.6 17 inches La
2026-07-27 04:51:49 | DEBUG    | scraper.parser | Product 36 parsed: LOVEVOOK Laptop Backpack Women with Giant Tumbler Holder,15.
2026-07-27 04:51:49 | DEBUG    | scraper.parser | Product 37 parsed: Backpack for School Girls, 3Pcs Kids Cute Bookbag with Lunch
2026-07-27 04:51:50 | DEBUG    | scraper.parser | Product 38 parsed: Hosuly 24 Pcs Back to School Gift Bags School Tote Bags End 
2026-07-27 04:51:50 | DEBUG    | scraper.parser | Product 39 parsed: PUMA Rally Backpack, Black, OS
2026-07-27 04:51:50 | DEBUG    | scraper.parser | Product 40 parsed: ANTERK Extra Large Travel Laptop Backpack 17.3 In Carry on B
2026-07-27 04:51:50 | DEBUG    | scraper.parser | Product 41 parsed: LOVEVOOK Laptop Backpack Purse for Women, Work Travel Comput
2026-07-27 04:51:50 | DEBUG    | scraper.parser | Product 42 parsed: Sherr 20 Pack Foldable Backpacks, Bright Color | Lightweight
2026-07-27 04:51:50 | DEBUG    | scraper.parser | Product 43 parsed: FIORETTO School Backpack for Teen Girls & Women with Compart
2026-07-27 04:51:50 | DEBUG    | scraper.parser | Product 44 parsed: Fimibuke Waterproof Backpacks for School Girls with Lunch Bo
2026-07-27 04:51:50 | DEBUG    | scraper.parser | Product 45 parsed: LOVEVOOK Laptop Backpack for Women with Giant Tumbler Holder
2026-07-27 04:51:50 | DEBUG    | scraper.parser | Product 46 parsed: PUMA Colony Combo Backpack, Pink/Purple, OS
2026-07-27 04:51:51 | DEBUG    | scraper.parser | Product 47 parsed: LOVEVOOK School Backpack for Girls Ages 8-16,Cute Student Bo
2026-07-27 04:51:51 | DEBUG    | scraper.parser | Product 48 parsed: YAMTION Black Backpack for Women Men,Casual School Backpack 
2026-07-27 04:51:51 | DEBUG    | scraper.parser | Product 49 parsed: LOVEVOOK School Backpack for Girls, Bookbag with 15.6" Lapto
2026-07-27 04:51:51 | DEBUG    | scraper.parser | Product 50 parsed: PUMA Terrain Backpack, Pink, OS
2026-07-27 04:51:51 | DEBUG    | scraper.parser | Product 51 parsed: VECAVE School Backpack Black Waterproof Bookbag Casual Light
2026-07-27 04:51:51 | DEBUG    | scraper.parser | Product 52 parsed: adidas Foundation Backpack, Adi Font Madness Stone Grey/Luci
2026-07-27 04:51:51 | DEBUG    | scraper.parser | Product 53 parsed: Bluboon School Backpack Set Girls Womens Laptop Bookbag Casu
2026-07-27 04:51:51 | DEBUG    | scraper.parser | Product 54 parsed: Bookbag for Women Laptop Backpack, Teacher Nurse Work Comput
2026-07-27 04:51:51 | DEBUG    | scraper.parser | Product 55 parsed: Under Armour Hustle Sport Backpack
2026-07-27 04:51:52 | DEBUG    | scraper.parser | Product 56 parsed: adidas Amplifier Backpack for Laptop, School and Gym | Optio
2026-07-27 04:51:52 | DEBUG    | scraper.parser | Product 57 parsed: Sweetude 24 Pcs Back to School Gift Bags 10 x 7 Inch Crayon 
2026-07-27 04:51:52 | DEBUG    | scraper.parser | Product 58 parsed: ProEtrade Backpack Bookbag for College Sturdy Travel Busines
2026-07-27 04:51:52 | DEBUG    | scraper.parser | Product 59 parsed: Girls Backpack for School Backpack for Girls 8-12 with Lunch
2026-07-27 04:51:52 | DEBUG    | scraper.parser | Product 60 parsed: LOVEVOOK Laptop Tote Bag for Women 15.6 Inch, Water-Resistan
2026-07-27 04:51:52 | INFO     | scraper.search | Page 3: Extracted 60 products (total: 180)
2026-07-27 04:51:52 | DEBUG    | utils.resume | Progress saved: keyword='School Bags', last_completed_page=3
2026-07-27 04:51:52 | INFO     | scraper.search | ━━━ Scraping page 4 of 30 ━━━
2026-07-27 04:51:52 | INFO     | scraper.search | Navigating to page 4: https://www.amazon.com/s?k=School Bags&page=4
2026-07-27 04:51:57 | DEBUG    | scraper.search | Page 4 loaded successfully.
2026-07-27 04:51:57 | INFO     | scraper.parser | Found 60 product cards on the page.
2026-07-27 04:51:57 | DEBUG    | scraper.parser | Product 1 parsed: KROSIAS Laptop Backpack for College Teen Girl: Middle High S
2026-07-27 04:51:57 | DEBUG    | scraper.parser | Product 2 parsed: Spotted Tiger School Backpack for Girls Backpack with Lunch 
2026-07-27 04:51:58 | DEBUG    | scraper.parser | Product 3 parsed: outdoor plus Tactical Camo Boys Backpack for School,Military
2026-07-27 04:51:58 | DEBUG    | scraper.parser | Product 4 parsed: Wildkin Kids 16 Inch Elementary School Backpack for Girls – 
2026-07-27 04:51:58 | DEBUG    | scraper.parser | Product 5 parsed: LOVEVOOK School Backpack for Teen Girls & Women 35L Large La
2026-07-27 04:51:58 | DEBUG    | scraper.parser | Product 6 parsed: MOONBABY Girls Backpack with Lunch Bag & Pencil Case, 17" Li
2026-07-27 04:51:58 | DEBUG    | scraper.parser | Product 7 parsed: ACESAK Backpack for Girls - Girls Backpack with Lunch Bag & 
2026-07-27 04:51:58 | DEBUG    | scraper.parser | Product 8 parsed: LOVEVOOK Laptop Backpack for Women, 15.6 Inch Work Backpack 
2026-07-27 04:51:58 | DEBUG    | scraper.parser | Product 9 parsed: PUMA KIDS' EVERCAT BACKPACK & LUNCH KIT COMBO
2026-07-27 04:51:58 | DEBUG    | scraper.parser | Product 10 parsed: LOVEVOOK Laptop Bag for Women, 15.6 Inch Puffer Work Tote Ba
2026-07-27 04:51:59 | DEBUG    | scraper.parser | Product 11 parsed: Fenrici Kids' Backpack with Lunch Box Set for Boys and Girls
2026-07-27 04:51:59 | DEBUG    | scraper.parser | Product 12 parsed: School Backpack for Teen Girls Backpacks Corduroy School Bag
2026-07-27 04:51:59 | DEBUG    | scraper.parser | Product 13 parsed: Big Student Backpack College Women Middle High School Teen G
2026-07-27 04:51:59 | DEBUG    | scraper.parser | Product 14 parsed: School Backpack for Teen Boys, Bookbag for Middle, High Scho
2026-07-27 04:51:59 | DEBUG    | scraper.parser | Product 15 parsed: BAGSMART Tote Bag for Women, Puffer Tote Bag with Zipper, La
2026-07-27 04:51:59 | DEBUG    | scraper.parser | Product 16 parsed: Bentgo Kids Print Durable & Water-Resistant Backpack | Light
2026-07-27 04:51:59 | DEBUG    | scraper.parser | Product 17 parsed: ACESAK Backpack for Girls - Bookbag Backpacks Schoolbag for 
2026-07-27 04:51:59 | DEBUG    | scraper.parser | Product 18 parsed: LOVEVOOK Big School Backpack for Teen Girls Anti-Sagging Lap
2026-07-27 04:52:00 | DEBUG    | scraper.parser | Product 19 parsed: LOVEVOOK Laptop Backpack for Women with Leather Trim & Tumbl
2026-07-27 04:52:00 | DEBUG    | scraper.parser | Product 20 parsed: Bagstellar Corduroy Tote Bag for Women, 17 Pockets Laptop Wo
2026-07-27 04:52:00 | DEBUG    | scraper.parser | Product 21 parsed: Bevalsa Backpack for Boys, Lightning School Bags with Lunch 
2026-07-27 04:52:00 | DEBUG    | scraper.parser | Product 22 parsed: Lightweight Black Backpack for Men Women, School Backpack fo
2026-07-27 04:52:00 | DEBUG    | scraper.parser | Product 23 parsed: LOVEVOOK Laptop Backpack for Men Women with Giant Tumbler Ho
2026-07-27 04:52:00 | DEBUG    | scraper.parser | Product 24 parsed: Kids Backpack for Boys Girls 5-10Age 16in Preschool Students
2026-07-27 04:52:00 | DEBUG    | scraper.parser | Product 25 parsed: Sisipoet Clear Backpack for School, PVC Clear Bookbag Heavy 
2026-07-27 04:52:00 | DEBUG    | scraper.parser | Product 26 parsed: adidas Defender Sports Backpack 33L | Padded 15-In. Laptop S
2026-07-27 04:52:00 | DEBUG    | scraper.parser | Product 27 parsed: Bentgo Kids 2-in-1 Backpack & Insulated Lunch Bag with Padde
2026-07-27 04:52:01 | DEBUG    | scraper.parser | Product 28 parsed: 24 Pcs Back to School Composition Book Drawstring Bag Bulk 1
2026-07-27 04:52:01 | DEBUG    | scraper.parser | Product 29 parsed: Unicorn Backpack for Girls School Backpack for Girls Unicorn
2026-07-27 04:52:01 | DEBUG    | scraper.parser | Product 30 parsed: PUMA Colony Combo Backpack, Lavender, OS
2026-07-27 04:52:01 | DEBUG    | scraper.parser | Product 31 parsed: Disney Stitch Backpack for Girls Teens School Bag Kids Book 
2026-07-27 04:52:01 | DEBUG    | scraper.parser | Product 32 parsed: Bencailor 6 Pcs Back to School Canvas Tote Bags Bulk First D
2026-07-27 04:52:01 | DEBUG    | scraper.parser | Product 33 parsed: ACESAK School Backpack for Girls - 3 PCS Cute Girls Backpack
2026-07-27 04:52:01 | DEBUG    | scraper.parser | Product 34 parsed: Reebok Kids 2-in-1 School Backpack Set with Lunch Bag or Pen
2026-07-27 04:52:01 | DEBUG    | scraper.parser | Product 35 parsed: Soimeat Clear Backpack for Boys - Kids Clear Bookbag for Ele
2026-07-27 04:52:01 | DEBUG    | scraper.parser | Product 36 parsed: LEDAOU School Laptop Backpack for Teen Girls Lightweight 15.
2026-07-27 04:52:02 | DEBUG    | scraper.parser | Product 37 parsed: LOVEVOOK Laptop Backpack for Women, 15.6 Inch Work Business 
2026-07-27 04:52:02 | DEBUG    | scraper.parser | Product 38 parsed: Clear Backpack for Boys Men, Cool Luminous Anime PVC Transpa
2026-07-27 04:52:02 | DEBUG    | scraper.parser | Product 39 parsed: Over the Door Craft Organizer with 5 Removable Storage Bags,
2026-07-27 04:52:02 | DEBUG    | scraper.parser | Product 40 parsed: LOVEVOOK School Backpack for Teen Girls,Large Capacity Lapto
2026-07-27 04:52:02 | DEBUG    | scraper.parser | Product 41 parsed: Hey Yoo School Backpack for Girls Backpack with Lunch Box Te
2026-07-27 04:52:02 | DEBUG    | scraper.parser | Product 42 parsed: LOVEVOOK School Backpack for Teen Girls, Cute Student Backpa
2026-07-27 04:52:02 | DEBUG    | scraper.parser | Product 43 parsed: LOVEVOOK Laptop Backpack for Women, Teacher Bag Work Backpac
2026-07-27 04:52:02 | DEBUG    | scraper.parser | Product 44 parsed: Messenger Bag for Men, 14-Inch Waterproof Laptop Bag, Waxed 
2026-07-27 04:52:03 | DEBUG    | scraper.parser | Product 45 parsed: LOVEVOOK Laptop Backpack for Women & Teens, College Bag/40oz
2026-07-27 04:52:03 | DEBUG    | scraper.parser | Product 46 parsed: PUMA Rally 300 Backpack, Light Pastel Grey, OS
2026-07-27 04:52:03 | DEBUG    | scraper.parser | Product 47 parsed: mommore Clear Backpack for School Transparent See Through Bo
2026-07-27 04:52:03 | DEBUG    | scraper.parser | Product 48 parsed: DIGOBAY Quilted Backpack for Girls with Lunch Bag Pencil Cas
2026-07-27 04:52:03 | DEBUG    | scraper.parser | Product 49 parsed: BTOOP School Backpack for Teens Large Corduroy Bookbag Light
2026-07-27 04:52:03 | DEBUG    | scraper.parser | Product 50 parsed: LOVEVOOK Laptop Bag for Women, Vintage Work Tote, Teacher Ba
2026-07-27 04:52:03 | DEBUG    | scraper.parser | Product 51 parsed: LOVEVOOK School Backpack for Teen Girls, 14-18 Casual Large 
2026-07-27 04:52:03 | DEBUG    | scraper.parser | Product 52 parsed: LOVEVOOK School Backpack for Teen Girls,Student Backpack Fit
2026-07-27 04:52:03 | DEBUG    | scraper.parser | Product 53 parsed: LOVEVOOK Laptop Tote Bag for Women,Computer Briefcase for Wo
2026-07-27 04:52:04 | DEBUG    | scraper.parser | Product 54 parsed: LOVEVOOK Laptop Backpack for Women with Giant Tumbler Holder
2026-07-27 04:52:04 | DEBUG    | scraper.parser | Product 55 parsed: LOVEVOOK Travel Laptop Backpack, Waterproof Carry On Backpac
2026-07-27 04:52:04 | DEBUG    | scraper.parser | Product 56 parsed: LOVEVOOK Toddler Backpack for Kids 2-4, Gifts for 2 Year Old
2026-07-27 04:52:04 | DEBUG    | scraper.parser | Product 57 parsed: Jexine 10 Pcs Backpacks in Bulk 16.5 Inches Back Pack Basic 
2026-07-27 04:52:04 | DEBUG    | scraper.parser | Product 58 parsed: LOVEVOOK Laptop Bag for Women, 15.6 Inch Computer Tote Bags 
2026-07-27 04:52:04 | DEBUG    | scraper.parser | Product 59 parsed: adidas Kids Gotta-Have-It Mini Backpack – School Bag for Gir
2026-07-27 04:52:04 | DEBUG    | scraper.parser | Product 60 parsed: adidas Lineage Backpack for Laptop, School and Travel, 22L
2026-07-27 04:52:04 | INFO     | scraper.search | Page 4: Extracted 60 products (total: 240)
2026-07-27 04:52:04 | DEBUG    | utils.resume | Progress saved: keyword='School Bags', last_completed_page=4
2026-07-27 04:52:04 | INFO     | scraper.search | ━━━ Scraping page 5 of 30 ━━━
2026-07-27 04:52:04 | INFO     | scraper.search | Navigating to page 5: https://www.amazon.com/s?k=School Bags&page=5
2026-07-27 04:52:10 | DEBUG    | scraper.search | Page 5 loaded successfully.
2026-07-27 04:52:10 | INFO     | scraper.parser | Found 60 product cards on the page.
2026-07-27 04:52:10 | DEBUG    | scraper.parser | Product 1 parsed: KROSIAS Laptop Backpack for College Teen Girl: Middle High S
2026-07-27 04:52:10 | DEBUG    | scraper.parser | Product 2 parsed: Spotted Tiger School Backpack for Girls Backpack with Lunch 
2026-07-27 04:52:10 | DEBUG    | scraper.parser | Product 3 parsed: LOVEVOOK Large Laptop Backpack for Men,17.3Inch Heavy Duty T
2026-07-27 04:52:10 | DEBUG    | scraper.parser | Product 4 parsed: Wildkin Kids 16 Inch Elementary School Backpack for Girls – 
2026-07-27 04:52:10 | DEBUG    | scraper.parser | Product 5 parsed: LOVEVOOK Laptop Backpack for Women with Giant Tumbler Holder
2026-07-27 04:52:11 | DEBUG    | scraper.parser | Product 6 parsed: LOVEVOOK School Backpack for Teen Girl, Cute Bookbag 15.6 In
2026-07-27 04:52:11 | DEBUG    | scraper.parser | Product 7 parsed: LOVEVOOK School Backpack for Teen Girls, Bookbag for 8-16 St
2026-07-27 04:52:11 | DEBUG    | scraper.parser | Product 8 parsed: Black School Backpacks for Boys Teens, Backpack for Men,15.6
2026-07-27 04:52:11 | DEBUG    | scraper.parser | Product 9 parsed: Simple Modern Disney Pixar Kids Backpack for School, Girls, 
2026-07-27 04:52:11 | DEBUG    | scraper.parser | Product 10 parsed: Sweetbriar Classic Vintage Messenger Bag - Original Heavywei
2026-07-27 04:52:11 | DEBUG    | scraper.parser | Product 11 parsed: Fenrici Kids' Backpack with Lunch Box Set for Boys and Girls
2026-07-27 04:52:11 | DEBUG    | scraper.parser | Product 12 parsed: School Backpack for Teen Girls Backpacks Corduroy School Bag
2026-07-27 04:52:11 | DEBUG    | scraper.parser | Product 13 parsed: GeeWin School Backpack for Girls, 3PCS 17 Inch Bow Plaid Boo
2026-07-27 04:52:12 | DEBUG    | scraper.parser | Product 14 parsed: adidas Interval School Backpack 32L | Padded 16-In. Laptop S
2026-07-27 04:52:12 | DEBUG    | scraper.parser | Product 15 parsed: mommore Kids Backpack for Girls 4-8 with Lunch Box Elementar
2026-07-27 04:52:12 | DEBUG    | scraper.parser | Product 16 parsed: Amazon Essentials Kids School Backpack Set with Lunch Tote a
2026-07-27 04:52:12 | DEBUG    | scraper.parser | Product 17 parsed: Big Student Backpack College Women Middle High School Teen G
2026-07-27 04:52:12 | DEBUG    | scraper.parser | Product 18 parsed: Bevalsa Backpack for Boys, Lightning School Bags with Lunch 
2026-07-27 04:52:12 | DEBUG    | scraper.parser | Product 19 parsed: School Backpack for Teen Boys, Bookbag for Middle, High Scho
2026-07-27 04:52:12 | DEBUG    | scraper.parser | Product 20 parsed: LOVEVOOK Laptop Backpack for Women with Leather Trim & Tumbl
2026-07-27 04:52:12 | DEBUG    | scraper.parser | Product 21 parsed: BAGSMART Boxy Tote Bag for Women, Crossbody Work Bag with Zi
2026-07-27 04:52:12 | DEBUG    | scraper.parser | Product 22 parsed: DIGOBAY Shool Backpack for Girls 3PCS Backpacks with Lunch B
2026-07-27 04:52:13 | DEBUG    | scraper.parser | Product 23 parsed: LOVEVOOK Laptop Tote Bag for Women, Lightweight Work Tote wi
2026-07-27 04:52:13 | DEBUG    | scraper.parser | Product 24 parsed: ACESAK Kids School Backpack for Girls, Mermaids Bookbag Back
2026-07-27 04:52:13 | DEBUG    | scraper.parser | Product 25 parsed: outdoor plus Tactical Camo Boys Backpack for School,Military
2026-07-27 04:52:13 | DEBUG    | scraper.parser | Product 26 parsed: Bagstellar Corduroy Tote Bag for Women, 17 Pockets Laptop Wo
2026-07-27 04:52:13 | DEBUG    | scraper.parser | Product 27 parsed: adidas Alliance Sackpack – Drawstring Backpack for Sports, S
2026-07-27 04:52:13 | DEBUG    | scraper.parser | Product 28 parsed: SWISSGEAR 1900 ScanSmart Laptop Backpack, Fits Most 17-Inch 
2026-07-27 04:52:13 | DEBUG    | scraper.parser | Product 29 parsed: Bevalsa Backpack for Girls, School Bags for Kids with Lunch 
2026-07-27 04:52:13 | DEBUG    | scraper.parser | Product 30 parsed: Corduroy Tote Bag for Women,Large Capacity Cute Tote Bags Wi
2026-07-27 04:52:14 | DEBUG    | scraper.parser | Product 31 parsed: NIKE Youth Elemental Backpack - Fall'19, Black/Black/White, 
2026-07-27 04:52:14 | DEBUG    | scraper.parser | Product 32 parsed: LOVEVOOK Mens Backpack with Giant Tumbler Holder Pocket,15.6
2026-07-27 04:52:14 | DEBUG    | scraper.parser | Product 33 parsed: Skaypibs Black Backpack for Men Women, School Backpack for B
2026-07-27 04:52:14 | DEBUG    | scraper.parser | Product 34 parsed: 12 Pack Backpacks in Bulk,17-inch Lightweight Bookbags for E
2026-07-27 04:52:14 | DEBUG    | scraper.parser | Product 35 parsed: LOVEVOOK School Backpack for Teen Girls, Student Backpack Pu
2026-07-27 04:52:14 | DEBUG    | scraper.parser | Product 36 parsed: 3PCS Gamer Backpack for Boys with Lunch Box & Pencil Pouch (
2026-07-27 04:52:14 | DEBUG    | scraper.parser | Product 37 parsed: LOVEVOOK School Backpack for Teen Girls Middle High School C
2026-07-27 04:52:14 | DEBUG    | scraper.parser | Product 38 parsed: YOREPEK Large Laptop Backpack for Men, Heavy Duty Travel Bac
2026-07-27 04:52:14 | DEBUG    | scraper.parser | Product 39 parsed: Kids Backpack with Lunch Box,Boys Girls School Bookbag Set K
2026-07-27 04:52:15 | DEBUG    | scraper.parser | Product 40 parsed: Stelle Girls Backpack Butterfly Bookbag Kids School Bags | w
2026-07-27 04:52:15 | DEBUG    | scraper.parser | Product 41 parsed: adidas Excel 6 School Backpack 40L | Padded Laptop Sleeve, M
2026-07-27 04:52:15 | DEBUG    | scraper.parser | Product 42 parsed: Bluboon School Backpack for Teen Girls Bookbags Elementary H
2026-07-27 04:52:15 | DEBUG    | scraper.parser | Product 43 parsed: PUMA Contender Backpack with Laptop Sleeve, Item Organizer &
2026-07-27 04:52:15 | DEBUG    | scraper.parser | Product 44 parsed: LOVEVOOK School Backpack for Teen Girls,Student Backpack Pur
2026-07-27 04:52:15 | DEBUG    | scraper.parser | Product 45 parsed: mibasies Toddler Backpack for Girls 2-4: Cute Kids Backpacks
2026-07-27 04:52:15 | DEBUG    | scraper.parser | Product 46 parsed: SUPACOOL Black Backpack For School, Bookbag for Boys, Girls 
2026-07-27 04:52:15 | DEBUG    | scraper.parser | Product 47 parsed: 3PCS Backpack for Boys Girls, Kids Football Back to School B
2026-07-27 04:52:15 | DEBUG    | scraper.parser | Product 48 parsed: LXYGD Laptop Backpack 15.6 Inch Kids Elementary Middle High 
2026-07-27 04:52:16 | DEBUG    | scraper.parser | Product 49 parsed: Vorspack Clear Backpack for School, 16 inch Large Clear Book
2026-07-27 04:52:16 | DEBUG    | scraper.parser | Product 50 parsed: FIXITOK Girls Backpack Set, 3PCS Kids Backpack for Girls, Ka
2026-07-27 04:52:16 | DEBUG    | scraper.parser | Product 51 parsed: Bevalsa Backpack for Girls Backpack for School with Lunch Ba
2026-07-27 04:52:16 | DEBUG    | scraper.parser | Product 52 parsed: LOVEVOOK Laptop Backpack for Women - Stylish Work Backpack w
2026-07-27 04:52:16 | DEBUG    | scraper.parser | Product 53 parsed: Octsky Backpack for Girls, Kids backpacks Preschool Kinderga
2026-07-27 04:52:16 | DEBUG    | scraper.parser | Product 54 parsed: School Backpack for Teen Girls Cute Bookbags Elementary High
2026-07-27 04:52:16 | DEBUG    | scraper.parser | Product 55 parsed: Fimibuke Kids Backpack for Boys, Waterproof Space Backpack w
2026-07-27 04:52:16 | DEBUG    | scraper.parser | Product 56 parsed: FAHZON Cute Pencil Case, 3 Large Compartments Pencil Pouch, 
2026-07-27 04:52:17 | DEBUG    | scraper.parser | Product 57 parsed: Phaoullzon Cute Messenger Bag Kawaii Crossbody Purse for Tee
2026-07-27 04:52:17 | DEBUG    | scraper.parser | Product 58 parsed: DIGOBAY Backpack for Girls, 5PCS School Bookbag with Lunch B
2026-07-27 04:52:17 | DEBUG    | scraper.parser | Product 59 parsed: Paw Patrol Backpack with Lunch Box for Kids Bundle with 16" 
2026-07-27 04:52:17 | DEBUG    | scraper.parser | Product 60 parsed: Backpack for Boys Gamer, 4pcs Boys Backpack with Lunch Box P
2026-07-27 04:52:17 | INFO     | scraper.search | Page 5: Extracted 60 products (total: 300)
2026-07-27 04:52:17 | DEBUG    | utils.resume | Progress saved: keyword='School Bags', last_completed_page=5
2026-07-27 04:52:17 | INFO     | scraper.search | ━━━ Scraping page 6 of 30 ━━━
2026-07-27 04:52:17 | INFO     | scraper.search | Navigating to page 6: https://www.amazon.com/s?k=School Bags&page=6
2026-07-27 04:52:21 | DEBUG    | scraper.search | Page 6 loaded successfully.
2026-07-27 04:52:21 | INFO     | scraper.parser | Found 60 product cards on the page.
2026-07-27 04:52:21 | DEBUG    | scraper.parser | Product 1 parsed: KROSIAS Laptop Backpack for College Teen Girl: Middle High S
2026-07-27 04:52:21 | DEBUG    | scraper.parser | Product 2 parsed: Spotted Tiger School Backpack for Girls Backpack with Lunch 
2026-07-27 04:52:21 | DEBUG    | scraper.parser | Product 3 parsed: LOVEVOOK Large Laptop Backpack for Men,17.3Inch Heavy Duty T
2026-07-27 04:52:22 | DEBUG    | scraper.parser | Product 4 parsed: Wildkin Kids 16 Inch Elementary School Backpack for Girls – 
2026-07-27 04:52:22 | DEBUG    | scraper.parser | Product 5 parsed: LIGHT FLIGHT Tote Bag for Women, 2-Pc Puffy Tote Bag Set wit
2026-07-27 04:52:22 | DEBUG    | scraper.parser | Product 6 parsed: KIMNERPU Clear Backpack, Fabric & PVC Transparent Backpack w
2026-07-27 04:52:22 | DEBUG    | scraper.parser | Product 7 parsed: LOVEVOOK School Backpack for Girls Boys, Durable Girls Stude
2026-07-27 04:52:22 | DEBUG    | scraper.parser | Product 8 parsed: Bagstellar Quilted Tote Bag for Women Puffer Teacher Nurse C
2026-07-27 04:52:22 | DEBUG    | scraper.parser | Product 9 parsed: Amazon Basics Backpack for School, Travel, Study with Padded
2026-07-27 04:52:22 | DEBUG    | scraper.parser | Product 10 parsed: Backpack for School, School Backpack for Boys Girls Teens , 
2026-07-27 04:52:22 | DEBUG    | scraper.parser | Product 11 parsed: Bevalsa Backpack for Girls, 3PCS School Backpacks with Lunch
2026-07-27 04:52:23 | DEBUG    | scraper.parser | Product 12 parsed: mezhsa Boy School Backpack Elementary Middle Lightning Bookb
2026-07-27 04:52:23 | DEBUG    | scraper.parser | Product 13 parsed: BTOOP School Backpacks for Teen Girls Bookbags Lightweight K
2026-07-27 04:52:23 | DEBUG    | scraper.parser | Product 14 parsed: Fenrici Kids' Backpack with Lunch Box Set for Boys and Girls
2026-07-27 04:52:23 | DEBUG    | scraper.parser | Product 15 parsed: PUMA Women's Poppy Backpack in Memory Cloth with Laptop Slee
2026-07-27 04:52:23 | DEBUG    | scraper.parser | Product 16 parsed: BIKROD Backpack for Men and Women, School Backpacks for Teen
2026-07-27 04:52:23 | DEBUG    | scraper.parser | Product 17 parsed: Bluboon Teen Girls School Backpack Kids Bookbag Set with Lun
2026-07-27 04:52:23 | DEBUG    | scraper.parser | Product 18 parsed: Bansusu Boys Backpack for Kids School Bag, Primary Middle Sc
2026-07-27 04:52:23 | DEBUG    | scraper.parser | Product 19 parsed: School Backpack for Teen Girls Backpacks Corduroy School Bag
2026-07-27 04:52:23 | DEBUG    | scraper.parser | Product 20 parsed: Boys Gaming Backpack Kids Backpacks for Back to School - Coo
2026-07-27 04:52:24 | DEBUG    | scraper.parser | Product 21 parsed: School Backpack for Teen Boys, Bookbag for Middle, High Scho
2026-07-27 04:52:24 | DEBUG    | scraper.parser | Product 22 parsed: LOVEVOOK School Backpack for Teen Girls Middle High School C
2026-07-27 04:52:24 | DEBUG    | scraper.parser | Product 23 parsed: Bevalsa Backpack for Girls, 3PCS Corduroy Kids Backpack Set 
2026-07-27 04:52:24 | DEBUG    | scraper.parser | Product 24 parsed: Corduroy Girls Backpack Set, 3PCS School Backpacks for Kids 
2026-07-27 04:52:24 | DEBUG    | scraper.parser | Product 25 parsed: Skaypibs Backpack for Men,School Backpack for boys teens,Tra
2026-07-27 04:52:24 | DEBUG    | scraper.parser | Product 26 parsed: LOVEVOOK School Backpack for Teen Girl, Cute Student Bookbag
2026-07-27 04:52:24 | DEBUG    | scraper.parser | Product 27 parsed: Lmwzh Backpack For Boys Elementary School Bags Kids Bookbag 
2026-07-27 04:52:24 | DEBUG    | scraper.parser | Product 28 parsed: outdoor plus Tactical Camo Boys Backpack for School,Military
2026-07-27 04:52:25 | DEBUG    | scraper.parser | Product 29 parsed: Big Student Backpack College Women Middle High School Teen G
2026-07-27 04:52:25 | DEBUG    | scraper.parser | Product 30 parsed: Get Trend Pokemon Insulated Lunch Bag with Dual Compartments
2026-07-27 04:52:25 | DEBUG    | scraper.parser | Product 31 parsed: adidas Prime School Backpack 37L | Padded 17-In. Laptop Slee
2026-07-27 04:52:25 | DEBUG    | scraper.parser | Product 32 parsed: LOVEVOOK Laptop Tote Bag for Women, 15.6 Inch Large Puffer W
2026-07-27 04:52:25 | DEBUG    | scraper.parser | Product 33 parsed: LOVEVOOK School Backpack for Girls，large Capacity 15.6 Lapto
2026-07-27 04:52:25 | DEBUG    | scraper.parser | Product 34 parsed: Skaypibs Black Backpack for Men Women, Laptop Travel Backpac
2026-07-27 04:52:25 | DEBUG    | scraper.parser | Product 35 parsed: Laptop Tote Bag for Women 17.3 Inch, Water-resistant Work Ba
2026-07-27 04:52:25 | DEBUG    | scraper.parser | Product 36 parsed: 48 Pcs 17 Inch Backpack in Bulk Foldable Classic Back Packs 
2026-07-27 04:52:25 | DEBUG    | scraper.parser | Product 37 parsed: Nike Air Jordan Backpack Size L
2026-07-27 04:52:26 | DEBUG    | scraper.parser | Product 38 parsed: Fimibuke Backpack for School Boys, 3 PCS Cool Luminous Kids 
2026-07-27 04:52:26 | DEBUG    | scraper.parser | Product 39 parsed: LOVEVOOK Laptop Backpack for Women, Work Teacher Backpack wi
2026-07-27 04:52:26 | DEBUG    | scraper.parser | Product 40 parsed: Girls Floral Backpack Set for Elementary/Middle/High School,
2026-07-27 04:52:26 | DEBUG    | scraper.parser | Product 41 parsed: Backpack for School Boys Backpacks for Kids Camo Bookbag for
2026-07-27 04:52:26 | DEBUG    | scraper.parser | Product 42 parsed: Girls Backpack for Kids School, 3Pcs Backpack and Lunch Bag 
2026-07-27 04:52:26 | DEBUG    | scraper.parser | Product 43 parsed: 42 Pcs Drawstring Backpack Bags Sack Pack Cinch Tote Sport S
2026-07-27 04:52:26 | DEBUG    | scraper.parser | Product 44 parsed: Striker Team Sports Backpack for soccer and more, workout ba
2026-07-27 04:52:26 | DEBUG    | scraper.parser | Product 45 parsed: LOVEVOOK Teacher Tote Bag for Women, Work Laptop Bag Gift wi
2026-07-27 04:52:27 | DEBUG    | scraper.parser | Product 46 parsed: MUDEREK 24 Pack Back to School Gift Bags Bulk - Clear PVC Fi
2026-07-27 04:52:27 | DEBUG    | scraper.parser | Product 47 parsed: Sinload 100 Pieces Back to School Gift Bags Bulk Paper Welco
2026-07-27 04:52:27 | DEBUG    | scraper.parser | Product 48 parsed: abshoo School Backpack for Girls Bookbag with Lunch Bag Teen
2026-07-27 04:52:27 | DEBUG    | scraper.parser | Product 49 parsed: Reebok Travel Backpack Water Resistant Everyday Bag with Lap
2026-07-27 04:52:27 | DEBUG    | scraper.parser | Product 50 parsed: Herschel Supply Co. Classic Backpack, Black, XL - 30L
2026-07-27 04:52:27 | DEBUG    | scraper.parser | Product 51 parsed: High Sierra Swoop SG Backpack, Travel or Work Laptop Bookbag
2026-07-27 04:52:27 | DEBUG    | scraper.parser | Product 52 parsed: WINDARS School Backpacks for Girls Teens: Cute Casual Daypac
2026-07-27 04:52:27 | DEBUG    | scraper.parser | Product 53 parsed: Pander 22L Casual Daypack Everyday Backpack with Luggage Sle
2026-07-27 04:52:27 | DEBUG    | scraper.parser | Product 54 parsed: Scothen Backpacks for Girls, Girls Backpack with Lunch Box &
2026-07-27 04:52:28 | DEBUG    | scraper.parser | Product 55 parsed: LOVEVOOK School Backpack for Teen Girls,Student Backpack Pur
2026-07-27 04:52:28 | DEBUG    | scraper.parser | Product 56 parsed: Corduroy Toddler Backpack for Preschool Boys Girls Ages 2-4 
2026-07-27 04:52:28 | DEBUG    | scraper.parser | Product 57 parsed: abshoo 34L Big School Backpack For College Men Women Middle 
2026-07-27 04:52:28 | DEBUG    | scraper.parser | Product 58 parsed: JanSport Cross Town Plus Backpack - Large Main Compartment, 
2026-07-27 04:52:28 | DEBUG    | scraper.parser | Product 59 parsed: Bluboon Preschool Backpack Kids School BookBags for Boys Gir
2026-07-27 04:52:28 | DEBUG    | scraper.parser | Product 60 parsed: LOVEVOOK Laptop Backpack for Women, 15.6-Inch Work Backpack,
2026-07-27 04:52:28 | INFO     | scraper.search | Page 6: Extracted 60 products (total: 360)
2026-07-27 04:52:28 | DEBUG    | utils.resume | Progress saved: keyword='School Bags', last_completed_page=6
2026-07-27 04:52:28 | INFO     | scraper.search | ━━━ Scraping page 7 of 30 ━━━
2026-07-27 04:52:28 | INFO     | scraper.search | Navigating to page 7: https://www.amazon.com/s?k=School Bags&page=7
2026-07-27 04:52:32 | DEBUG    | scraper.search | Page 7 loaded successfully.
2026-07-27 04:52:32 | INFO     | scraper.parser | Found 30 product cards on the page.
2026-07-27 04:52:32 | DEBUG    | scraper.parser | Product 1 parsed: KROSIAS Laptop Backpack for College Teen Girl: Middle High S
2026-07-27 04:52:33 | DEBUG    | scraper.parser | Product 2 parsed: Spotted Tiger School Backpack for Girls Backpack with Lunch 
2026-07-27 04:52:33 | DEBUG    | scraper.parser | Product 3 parsed: Lmwzh Backpack For Boys Elementary School Bags Kids Bookbag 
2026-07-27 04:52:33 | DEBUG    | scraper.parser | Product 4 parsed: Fenrici Kids' Backpack with Lunch Box Set for Boys and Girls
2026-07-27 04:52:33 | DEBUG    | scraper.parser | Product 5 parsed: 3PCS Multi-Pocket Backpacks for Girls with Lunch Bag & Penci
2026-07-27 04:52:33 | DEBUG    | scraper.parser | Product 6 parsed: WINDARS School Backpacks for Girls Teens: Cute Casual Daypac
2026-07-27 04:52:33 | DEBUG    | scraper.parser | Product 7 parsed: Scothen Backpacks for Girls, Girls Backpack with Lunch Box &
2026-07-27 04:52:33 | DEBUG    | scraper.parser | Product 8 parsed: Large Laptop Backpack Bookbag for Women, Multi Compartment T
2026-07-27 04:52:33 | DEBUG    | scraper.parser | Product 9 parsed: Corduroy Toddler Backpack for Preschool Boys Girls Ages 2-4 
2026-07-27 04:52:33 | DEBUG    | scraper.parser | Product 10 parsed: School Backpack, Kids Backpack for Girls with Anti-Theft Bac
2026-07-27 04:52:34 | DEBUG    | scraper.parser | Product 11 parsed: abshoo 34L Big School Backpack For College Men Women Middle 
2026-07-27 04:52:34 | DEBUG    | scraper.parser | Product 12 parsed: Maelstrom Travel Backpack for Men Women, 17.3" Laptop with S
2026-07-27 04:52:34 | DEBUG    | scraper.parser | Product 13 parsed: Nike 3 Brand Backpack with matching Pencil Case – Black – On
2026-07-27 04:52:34 | DEBUG    | scraper.parser | Product 14 parsed: School Backpack for Teen Girls Backpacks Corduroy School Bag
2026-07-27 04:52:34 | DEBUG    | scraper.parser | Product 15 parsed: JanSport Big Break Insulated Lunch Bag - Small Soft-Sided Co
2026-07-27 04:52:34 | DEBUG    | scraper.parser | Product 16 parsed: LOVEVOOK Laptop Backpack for Women with Giant Tumbler Holder
2026-07-27 04:52:34 | DEBUG    | scraper.parser | Product 17 parsed: Asge Large Nylon Backpacks for Boys & Girls, Waterproof Satc
2026-07-27 04:52:34 | DEBUG    | scraper.parser | Product 18 parsed: Lands' End Unisex Kids Large ClassMate Lightweight Durable E
2026-07-27 04:52:34 | DEBUG    | scraper.parser | Product 19 parsed: JIANYA School Backpack for Boys and Girls Elementary Childre
2026-07-27 04:52:35 | DEBUG    | scraper.parser | Product 20 parsed: Big Student Backpack College Women Middle High School Teen G
2026-07-27 04:52:35 | DEBUG    | scraper.parser | Product 21 parsed: Teen Girl School Backpack, Cute Bookbag with Laptop Compartm
2026-07-27 04:52:35 | DEBUG    | scraper.parser | Product 22 parsed: School Backpack for Teen Boys, Bookbag for Middle, High Scho
2026-07-27 04:52:35 | DEBUG    | scraper.parser | Product 23 parsed: WINDARS School Backpack for Teen Girls, Cute College Backpac
2026-07-27 04:52:35 | DEBUG    | scraper.parser | Product 24 parsed: Fast Forward Kids Backpack & Lunch Bag Set –Minnie Mouse 16"
2026-07-27 04:52:35 | DEBUG    | scraper.parser | Product 25 parsed: 17 inch Clear Backpack for School, Heavy Duty Transparent Bo
2026-07-27 04:52:35 | DEBUG    | scraper.parser | Product 26 parsed: Simple Modern Disney Princess Kids Lunch Box & Insulated Sch
2026-07-27 04:52:35 | DEBUG    | scraper.parser | Product 27 parsed: Wildkin Kids 16 Inch Elementary School Backpack for Girls – 
2026-07-27 04:52:35 | DEBUG    | scraper.parser | Product 28 parsed: Boys Backpack for Kids Elementary School Bags Lightning Teen
2026-07-27 04:52:36 | DEBUG    | scraper.parser | Product 29 parsed: School Backpack for Girls, Cute School Bag with Lunch Box & 
2026-07-27 04:52:36 | DEBUG    | scraper.parser | Product 30 parsed: LOVEVOOK School Backpack for Teen Girls, Large Capacity Coll
2026-07-27 04:52:36 | INFO     | scraper.search | Page 7: Extracted 30 products (total: 390)
2026-07-27 04:52:36 | DEBUG    | utils.resume | Progress saved: keyword='School Bags', last_completed_page=7
2026-07-27 04:52:36 | INFO     | scraper.search | ━━━ Scraping page 8 of 30 ━━━
2026-07-27 04:52:36 | INFO     | scraper.search | Navigating to page 8: https://www.amazon.com/s?k=School Bags&page=8
2026-07-27 04:52:39 | DEBUG    | scraper.search | Page 8 loaded successfully.
2026-07-27 04:52:39 | INFO     | scraper.parser | Found 12 product cards on the page.
2026-07-27 04:52:39 | DEBUG    | scraper.parser | Product 1 parsed: Kids School Backpack for Boys Girls, Children Teens Back Pac
2026-07-27 04:52:39 | DEBUG    | scraper.parser | Product 2 parsed: Aimsnk Kids Lunch Box with Thermo Insulated Lunch Bag for Sc
2026-07-27 04:52:39 | DEBUG    | scraper.parser | Product 3 parsed: LOVEVOOK Laptop Backpack for Men Women with Giant Tumbler Ho
2026-07-27 04:52:39 | DEBUG    | scraper.parser | Product 4 parsed: Spotted Tiger School Backpack for Girls Backpack with Lunch 
2026-07-27 04:52:40 | DEBUG    | scraper.parser | Product 5 parsed: Premium Lightweight Laptop Backpack with USB Charging Port, 
2026-07-27 04:52:40 | DEBUG    | scraper.parser | Product 6 parsed: JIANYA School Backpack for Boys and Girls Elementary Childre
2026-07-27 04:52:40 | DEBUG    | scraper.parser | Product 7 parsed: Fenrici Kids' Backpack with Lunch Box Set for Boys and Girls
2026-07-27 04:52:40 | DEBUG    | scraper.parser | Product 8 parsed: CAFELE Backpack,17.3in Durable Travel Laptop Backpack, Colle
2026-07-27 04:52:40 | DEBUG    | scraper.parser | Product 9 parsed: LOVEVOOK School Backpack for Teen Girls, 14-18 Casual Large 
2026-07-27 04:52:40 | DEBUG    | scraper.parser | Product 10 parsed: Black School Backpacks for Boys Teens, Backpack for Men,15.6
2026-07-27 04:52:40 | DEBUG    | scraper.parser | Product 11 parsed: KROSIAS Laptop Backpack for College Teen Girl: Middle High S
2026-07-27 04:52:40 | DEBUG    | scraper.parser | Product 12 parsed: School Backpack for Teen Girls Backpacks Corduroy School Bag
2026-07-27 04:52:40 | INFO     | scraper.search | Page 8: Extracted 12 products (total: 402)
2026-07-27 04:52:40 | DEBUG    | utils.resume | Progress saved: keyword='School Bags', last_completed_page=8
2026-07-27 04:52:40 | INFO     | scraper.search | ━━━ Scraping page 9 of 30 ━━━
2026-07-27 04:52:40 | INFO     | scraper.search | Navigating to page 9: https://www.amazon.com/s?k=School Bags&page=9
2026-07-27 04:52:45 | DEBUG    | scraper.search | Page 9 loaded successfully.
2026-07-27 04:52:45 | INFO     | scraper.parser | Found 12 product cards on the page.
2026-07-27 04:52:46 | DEBUG    | scraper.parser | Product 1 parsed: Kids School Backpack for Boys Girls, Children Teens Back Pac
2026-07-27 04:52:46 | DEBUG    | scraper.parser | Product 2 parsed: Aimsnk Kids Lunch Box with Thermo Insulated Lunch Bag for Sc
2026-07-27 04:52:46 | DEBUG    | scraper.parser | Product 3 parsed: LOVEVOOK Laptop Backpack for Men Women with Giant Tumbler Ho
2026-07-27 04:52:46 | DEBUG    | scraper.parser | Product 4 parsed: Premium Lightweight Laptop Backpack with USB Charging Port, 
2026-07-27 04:52:46 | DEBUG    | scraper.parser | Product 5 parsed: Fenrici Kids' Backpack with Lunch Box Set for Boys and Girls
2026-07-27 04:52:46 | DEBUG    | scraper.parser | Product 6 parsed: Kids School Backpack Set for Elementary Girls,Cute Rabbit Bo
2026-07-27 04:52:46 | DEBUG    | scraper.parser | Product 7 parsed: JIANYA School Backpack for Boys and Girls Elementary Childre
2026-07-27 04:52:46 | DEBUG    | scraper.parser | Product 8 parsed: Scothen Boys Backpack, 4PCS Cool Luminous Gamer School Backp
2026-07-27 04:52:46 | DEBUG    | scraper.parser | Product 9 parsed: KROSIAS Laptop Backpack for College Teen Girl: Middle High S
2026-07-27 04:52:47 | DEBUG    | scraper.parser | Product 10 parsed: CAFELE Backpack,17.3in Durable Travel Laptop Backpack, Colle
2026-07-27 04:52:47 | DEBUG    | scraper.parser | Product 11 parsed: LOVEVOOK School Backpack for Teen Girls, 14-18 Casual Large 
2026-07-27 04:52:47 | DEBUG    | scraper.parser | Product 12 parsed: School Backpack for Teen Girls Backpacks Corduroy School Bag
2026-07-27 04:52:47 | INFO     | scraper.search | Page 9: Extracted 12 products (total: 414)
2026-07-27 04:52:47 | DEBUG    | utils.resume | Progress saved: keyword='School Bags', last_completed_page=9
2026-07-27 04:52:47 | INFO     | scraper.search | ━━━ Scraping page 10 of 30 ━━━
2026-07-27 04:52:47 | INFO     | scraper.search | Navigating to page 10: https://www.amazon.com/s?k=School Bags&page=10
2026-07-27 04:52:51 | DEBUG    | scraper.search | Page 10 loaded successfully.
2026-07-27 04:52:51 | INFO     | scraper.parser | Found 12 product cards on the page.
2026-07-27 04:52:51 | DEBUG    | scraper.parser | Product 1 parsed: Kids School Backpack for Boys Girls, Children Teens Back Pac
2026-07-27 04:52:51 | DEBUG    | scraper.parser | Product 2 parsed: Aimsnk Kids Lunch Box with Thermo Insulated Lunch Bag for Sc
2026-07-27 04:52:51 | DEBUG    | scraper.parser | Product 3 parsed: LOVEVOOK Laptop Backpack for Men Women with Giant Tumbler Ho
2026-07-27 04:52:51 | DEBUG    | scraper.parser | Product 4 parsed: Spotted Tiger School Backpack for Girls Backpack with Lunch 
2026-07-27 04:52:51 | DEBUG    | scraper.parser | Product 5 parsed: Premium Lightweight Laptop Backpack with USB Charging Port, 
2026-07-27 04:52:51 | DEBUG    | scraper.parser | Product 6 parsed: JIANYA School Backpack for Boys and Girls Elementary Childre
2026-07-27 04:52:51 | DEBUG    | scraper.parser | Product 7 parsed: Fenrici Kids' Backpack with Lunch Box Set for Boys and Girls
2026-07-27 04:52:52 | DEBUG    | scraper.parser | Product 8 parsed: CAFELE Backpack,17.3in Durable Travel Laptop Backpack, Colle
2026-07-27 04:52:52 | DEBUG    | scraper.parser | Product 9 parsed: LOVEVOOK School Backpack for Teen Girls, 14-18 Casual Large 
2026-07-27 04:52:52 | DEBUG    | scraper.parser | Product 10 parsed: Black School Backpacks for Boys Teens, Backpack for Men,15.6
2026-07-27 04:52:52 | DEBUG    | scraper.parser | Product 11 parsed: Laptop Backpack for Women Girls Teens: 15.6 Inch College Sch
2026-07-27 04:52:52 | DEBUG    | scraper.parser | Product 12 parsed: Bagstellar Corduroy Tote Bag for Women, 17 Pockets Laptop Wo
2026-07-27 04:52:52 | INFO     | scraper.search | Page 10: Extracted 12 products (total: 426)
2026-07-27 04:52:52 | DEBUG    | utils.resume | Progress saved: keyword='School Bags', last_completed_page=10
2026-07-27 04:52:52 | INFO     | scraper.search | ━━━ Scraping page 11 of 30 ━━━
2026-07-27 04:52:52 | INFO     | scraper.search | Navigating to page 11: https://www.amazon.com/s?k=School Bags&page=11
2026-07-27 04:53:09 | WARNING  | utils.retry | Attempt 1/3 failed for 'navigate_to_page': Message: 
Stacktrace:
	chromedriver!GetHandleVerifier [0x7ff797710d25+155a5]
	chromedriver!GetHandleVerifier [0x7ff797710d80+15600]
	chromedriver!(No symbol) [0x7ff79726594d]
	chromedriver!(No symbol) [0x7ff7972c08e9]
	chromedriver!(No symbol) [0x7ff7972c0bec]
	chromedriver!(No symbol) [0x7ff797311437]
	chromedriver!(No symbol) [0x7ff79730e01b]
	chromedriver!(No symbol) [0x7ff7972b2e6c]
	chromedriver!(No symbol) [0x7ff7972b3d93]
	chromedriver!GetHandleVerifier [0x7ff797cf6431+5facb1]
	chromedriver!GetHandleVerifier [0x7ff797cf0a9b+5f531b]
	chromedriver!GetHandleVerifier [0x7ff797d15865+61a0e5]
	chromedriver!GetHandleVerifier [0x7ff79772dace+3234e]
	chromedriver!GetHandleVerifier [0x7ff79773661c+3ae9c]
	chromedriver!GetHandleVerifier [0x7ff79771ab74+1f3f4]
	chromedriver!GetHandleVerifier [0x7ff79771ad04+1f584]
	chromedriver!GetHandleVerifier [0x7ff7976fd9d7+2257]
	KERNEL32!BaseThreadInitThunk [0x7ffb3b9f7374+14]
	ntdll!RtlUserThreadStart [0x7ffb3bd1cc91+21]
. Retrying in 2.0 seconds...
2026-07-27 04:53:11 | INFO     | scraper.search | Navigating to page 11: https://www.amazon.com/s?k=School Bags&page=11
2026-07-27 04:53:17 | DEBUG    | scraper.search | Page 11 loaded successfully.
2026-07-27 04:53:17 | INFO     | scraper.parser | Found 12 product cards on the page.
2026-07-27 04:53:17 | DEBUG    | scraper.parser | Product 1 parsed: Aimsnk Kids Lunch Box with Thermo Insulated Lunch Bag for Sc
2026-07-27 04:53:18 | DEBUG    | scraper.parser | Product 2 parsed: LOVEVOOK Laptop Backpack for Men Women with Giant Tumbler Ho
2026-07-27 04:53:18 | DEBUG    | scraper.parser | Product 3 parsed: Premium Lightweight Laptop Backpack with USB Charging Port, 
2026-07-27 04:53:18 | DEBUG    | scraper.parser | Product 4 parsed: JIANYA School Backpack for Boys and Girls Elementary Childre
2026-07-27 04:53:18 | DEBUG    | scraper.parser | Product 5 parsed: Fenrici Kids' Backpack with Lunch Box Set for Boys and Girls
2026-07-27 04:53:18 | DEBUG    | scraper.parser | Product 6 parsed: Kids School Backpack Set for Elementary Girls,Cute Rabbit Bo
2026-07-27 04:53:18 | DEBUG    | scraper.parser | Product 7 parsed: Wildkin Kids 16 Inch Elementary School Backpack for Girls – 
2026-07-27 04:53:18 | DEBUG    | scraper.parser | Product 8 parsed: Scothen Boys Backpack, 4PCS Cool Luminous Gamer School Backp
2026-07-27 04:53:18 | DEBUG    | scraper.parser | Product 9 parsed: School Backpack for Teen Girls Backpacks Corduroy School Bag
2026-07-27 04:53:18 | DEBUG    | scraper.parser | Product 10 parsed: Scothen 3PCS Boys Backpack Set, Cool Backpack for Boys with 
2026-07-27 04:53:18 | DEBUG    | scraper.parser | Product 11 parsed: KROSIAS Laptop Backpack for College Teen Girl: Middle High S
2026-07-27 04:53:19 | DEBUG    | scraper.parser | Product 12 parsed: DIGOBAY Backpack for Girls, 3PCS Girls Backpack with Lunch B
2026-07-27 04:53:19 | INFO     | scraper.search | Page 11: Extracted 12 products (total: 438)
2026-07-27 04:53:19 | DEBUG    | utils.resume | Progress saved: keyword='School Bags', last_completed_page=11
2026-07-27 04:53:19 | INFO     | scraper.search | ━━━ Scraping page 12 of 30 ━━━
2026-07-27 04:53:19 | INFO     | scraper.search | Navigating to page 12: https://www.amazon.com/s?k=School Bags&page=12
2026-07-27 04:53:23 | DEBUG    | scraper.search | Page 12 loaded successfully.
2026-07-27 04:53:23 | INFO     | scraper.parser | Found 12 product cards on the page.
2026-07-27 04:53:23 | DEBUG    | scraper.parser | Product 1 parsed: Kids School Backpack for Boys Girls, Children Teens Back Pac
2026-07-27 04:53:23 | DEBUG    | scraper.parser | Product 2 parsed: YOPCDJ Double Layers Mesh Zipper Pouch Bags A4 (13x9 in, 24 
2026-07-27 04:53:23 | DEBUG    | scraper.parser | Product 3 parsed: Aimsnk Kids Lunch Box with Thermo Insulated Lunch Bag for Sc
2026-07-27 04:53:23 | DEBUG    | scraper.parser | Product 4 parsed: LOVEVOOK Laptop Backpack for Men Women with Giant Tumbler Ho
2026-07-27 04:53:23 | DEBUG    | scraper.parser | Product 5 parsed: MGgear Bulk 24 Pack 16.5 Inch Heavy Duty School Backpacks As
2026-07-27 04:53:23 | DEBUG    | scraper.parser | Product 6 parsed: Premium Lightweight Laptop Backpack with USB Charging Port, 
2026-07-27 04:53:23 | DEBUG    | scraper.parser | Product 7 parsed: JIANYA School Backpack for Boys and Girls Elementary Childre
2026-07-27 04:53:23 | DEBUG    | scraper.parser | Product 8 parsed: Fenrici Kids' Backpack with Lunch Box Set for Boys and Girls
2026-07-27 04:53:24 | DEBUG    | scraper.parser | Product 9 parsed: CAFELE Backpack,17.3in Durable Travel Laptop Backpack, Colle
2026-07-27 04:53:24 | DEBUG    | scraper.parser | Product 10 parsed: willikiva Kids Backpack for School Boys Girls Teens Toddler 
2026-07-27 04:53:24 | DEBUG    | scraper.parser | Product 11 parsed: LOVEVOOK School Backpack for Teen Girls, 14-18 Casual Large 
2026-07-27 04:53:24 | DEBUG    | scraper.parser | Product 12 parsed: School Backpack for Teen Girls Backpacks Corduroy School Bag
2026-07-27 04:53:24 | INFO     | scraper.search | Page 12: Extracted 12 products (total: 450)
2026-07-27 04:53:24 | DEBUG    | utils.resume | Progress saved: keyword='School Bags', last_completed_page=12
2026-07-27 04:53:24 | INFO     | scraper.search | ━━━ Scraping page 13 of 30 ━━━
2026-07-27 04:53:24 | INFO     | scraper.search | Navigating to page 13: https://www.amazon.com/s?k=School Bags&page=13
2026-07-27 04:53:41 | WARNING  | utils.retry | Attempt 1/3 failed for 'navigate_to_page': Message: 
Stacktrace:
	chromedriver!GetHandleVerifier [0x7ff797710d25+155a5]
	chromedriver!GetHandleVerifier [0x7ff797710d80+15600]
	chromedriver!(No symbol) [0x7ff79726594d]
	chromedriver!(No symbol) [0x7ff7972c08e9]
	chromedriver!(No symbol) [0x7ff7972c0bec]
	chromedriver!(No symbol) [0x7ff797311437]
	chromedriver!(No symbol) [0x7ff79730e01b]
	chromedriver!(No symbol) [0x7ff7972b2e6c]
	chromedriver!(No symbol) [0x7ff7972b3d93]
	chromedriver!GetHandleVerifier [0x7ff797cf6431+5facb1]
	chromedriver!GetHandleVerifier [0x7ff797cf0a9b+5f531b]
	chromedriver!GetHandleVerifier [0x7ff797d15865+61a0e5]
	chromedriver!GetHandleVerifier [0x7ff79772dace+3234e]
	chromedriver!GetHandleVerifier [0x7ff79773661c+3ae9c]
	chromedriver!GetHandleVerifier [0x7ff79771ab74+1f3f4]
	chromedriver!GetHandleVerifier [0x7ff79771ad04+1f584]
	chromedriver!GetHandleVerifier [0x7ff7976fd9d7+2257]
	KERNEL32!BaseThreadInitThunk [0x7ffb3b9f7374+14]
	ntdll!RtlUserThreadStart [0x7ffb3bd1cc91+21]
. Retrying in 2.0 seconds...
2026-07-27 04:53:43 | INFO     | scraper.search | Navigating to page 13: https://www.amazon.com/s?k=School Bags&page=13
2026-07-27 04:54:01 | WARNING  | utils.retry | Attempt 2/3 failed for 'navigate_to_page': Message: 
Stacktrace:
	chromedriver!GetHandleVerifier [0x7ff797710d25+155a5]
	chromedriver!GetHandleVerifier [0x7ff797710d80+15600]
	chromedriver!(No symbol) [0x7ff79726594d]
	chromedriver!(No symbol) [0x7ff7972c08e9]
	chromedriver!(No symbol) [0x7ff7972c0bec]
	chromedriver!(No symbol) [0x7ff797311437]
	chromedriver!(No symbol) [0x7ff79730e01b]
	chromedriver!(No symbol) [0x7ff7972b2e6c]
	chromedriver!(No symbol) [0x7ff7972b3d93]
	chromedriver!GetHandleVerifier [0x7ff797cf6431+5facb1]
	chromedriver!GetHandleVerifier [0x7ff797cf0a9b+5f531b]
	chromedriver!GetHandleVerifier [0x7ff797d15865+61a0e5]
	chromedriver!GetHandleVerifier [0x7ff79772dace+3234e]
	chromedriver!GetHandleVerifier [0x7ff79773661c+3ae9c]
	chromedriver!GetHandleVerifier [0x7ff79771ab74+1f3f4]
	chromedriver!GetHandleVerifier [0x7ff79771ad04+1f584]
	chromedriver!GetHandleVerifier [0x7ff7976fd9d7+2257]
	KERNEL32!BaseThreadInitThunk [0x7ffb3b9f7374+14]
	ntdll!RtlUserThreadStart [0x7ffb3bd1cc91+21]
. Retrying in 2.0 seconds...
2026-07-27 04:54:03 | INFO     | scraper.search | Navigating to page 13: https://www.amazon.com/s?k=School Bags&page=13
2026-07-27 04:54:07 | DEBUG    | scraper.search | Page 13 loaded successfully.
2026-07-27 04:54:07 | INFO     | scraper.parser | Found 12 product cards on the page.
2026-07-27 04:54:08 | DEBUG    | scraper.parser | Product 1 parsed: Kids School Backpack for Boys Girls, Children Teens Back Pac
2026-07-27 04:54:08 | DEBUG    | scraper.parser | Product 2 parsed: YOPCDJ Double Layers Mesh Zipper Pouch Bags A4 (13x9 in, 24 
2026-07-27 04:54:08 | DEBUG    | scraper.parser | Product 3 parsed: Aimsnk Kids Lunch Box with Thermo Insulated Lunch Bag for Sc
2026-07-27 04:54:08 | DEBUG    | scraper.parser | Product 4 parsed: LOVEVOOK Laptop Backpack for Men Women with Giant Tumbler Ho
2026-07-27 04:54:08 | DEBUG    | scraper.parser | Product 5 parsed: Premium Lightweight Laptop Backpack with USB Charging Port, 
2026-07-27 04:54:08 | DEBUG    | scraper.parser | Product 6 parsed: JIANYA School Backpack for Boys and Girls Elementary Childre
2026-07-27 04:54:08 | DEBUG    | scraper.parser | Product 7 parsed: Fenrici Kids' Backpack with Lunch Box Set for Boys and Girls
2026-07-27 04:54:08 | DEBUG    | scraper.parser | Product 8 parsed: CAFELE Backpack,17.3in Durable Travel Laptop Backpack, Colle
2026-07-27 04:54:08 | DEBUG    | scraper.parser | Product 9 parsed: willikiva Kids Backpack for School Boys Girls Teens Toddler 
2026-07-27 04:54:09 | DEBUG    | scraper.parser | Product 10 parsed: LOVEVOOK School Backpack for Teen Girls, 14-18 Casual Large 
2026-07-27 04:54:09 | DEBUG    | scraper.parser | Product 11 parsed: Laptop Backpack for Women Girls Teens: 15.6 Inch College Sch
2026-07-27 04:54:09 | DEBUG    | scraper.parser | Product 12 parsed: Bagstellar Corduroy Tote Bag for Women, 17 Pockets Laptop Wo
2026-07-27 04:54:09 | INFO     | scraper.search | Page 13: Extracted 12 products (total: 462)
2026-07-27 04:54:09 | DEBUG    | utils.resume | Progress saved: keyword='School Bags', last_completed_page=13
2026-07-27 04:54:09 | INFO     | scraper.search | ━━━ Scraping page 14 of 30 ━━━
2026-07-27 04:54:09 | INFO     | scraper.search | Navigating to page 14: https://www.amazon.com/s?k=School Bags&page=14
2026-07-27 04:54:11 | WARNING  | __main__ | Scraping interrupted by user (Ctrl+C).
2026-07-27 04:54:11 | INFO     | __main__ | Progress has been saved. Use --resume to continue later.
2026-07-27 04:57:49 | INFO     | __main__ | ============================================================
2026-07-27 04:57:49 | INFO     | __main__ | Amazon Product Search Scraper — Starting
2026-07-27 04:57:49 | INFO     | __main__ | ============================================================
2026-07-27 04:57:49 | INFO     | __main__ | Keyword:    iPhone cases
2026-07-27 04:57:49 | INFO     | __main__ | Pages:      30
2026-07-27 04:57:49 | INFO     | __main__ | Headless:   False
2026-07-27 04:57:49 | INFO     | __main__ | Resume:     False
2026-07-27 04:57:49 | INFO     | __main__ | ------------------------------------------------------------
2026-07-27 04:57:49 | INFO     | scraper.driver | Initializing Chrome WebDriver (headless=False)...
2026-07-27 04:57:51 | INFO     | scraper.driver | Chrome WebDriver initialized successfully.
2026-07-27 04:57:51 | INFO     | scraper.search | Starting scrape: keyword='iPhone cases', pages 1 to 30
2026-07-27 04:57:51 | INFO     | scraper.search | ━━━ Scraping page 1 of 30 ━━━
2026-07-27 04:57:51 | INFO     | scraper.search | Navigating to Amazon homepage...
2026-07-27 04:57:54 | DEBUG    | scraper.search | Search input found. Typing keyword: 'iPhone cases'
2026-07-27 04:58:01 | INFO     | scraper.search | Search submitted for keyword: 'iPhone cases'
2026-07-27 04:58:02 | INFO     | scraper.parser | Found 16 product cards on the page.
2026-07-27 04:58:03 | DEBUG    | scraper.parser | Product 1 parsed: SUPFINE Magnetic for iPhone 13 Case/iPhone 14 Case Black | W
2026-07-27 04:58:03 | DEBUG    | scraper.parser | Product 2 parsed: FNTCASE for iPhone 15/14/13 Case, Fit for Magsafe, Glass Scr
2026-07-27 04:58:03 | DEBUG    | scraper.parser | Product 3 parsed: OtterBox iPhone 17e, 16e, 15, 14, & 13 Commuter Series Case 
2026-07-27 04:58:03 | DEBUG    | scraper.parser | Product 4 parsed: TORRAS for iPhone 17 Pro Case Crystal Clear, Upgraded Anti-Y
2026-07-27 04:58:04 | DEBUG    | scraper.parser | Product 5 parsed: TORRAS Magnetic Shockproof for iPhone 17 Pro Case, Camera Co
2026-07-27 04:58:04 | DEBUG    | scraper.parser | Product 6 parsed: Magnetic for iPhone 17 Case, Compatible with MagSafe, [Full 
2026-07-27 04:58:04 | DEBUG    | scraper.parser | Product 7 parsed: Miracase for iPhone 16 Case 6.1'', Full-Body Bumper Phone ca
2026-07-27 04:58:04 | DEBUG    | scraper.parser | Product 8 parsed: GolbinBox Magnetic for iPhone 13 Case & iPhone 14 Case, Comp
2026-07-27 04:58:04 | DEBUG    | scraper.parser | Product 9 parsed: GVIEWIN for iPhone 17 Pro Case Compatible with MagSafe [Curl
2026-07-27 04:58:05 | DEBUG    | scraper.parser | Product 10 parsed: TORRAS for iPhone 17 Pro Max Case Crystal Clear, Anti-Yellow
2026-07-27 04:58:05 | DEBUG    | scraper.parser | Product 11 parsed: OtterBox iPhone 17 Pro Defender Pro Series Case - Black - To
2026-07-27 04:58:05 | DEBUG    | scraper.parser | Product 12 parsed: OtterBox iPhone SE 3rd & 2nd Gen, iPhone 8 & iPhone 7 (not C
2026-07-27 04:58:05 | DEBUG    | scraper.parser | Product 13 parsed: OtterBox iPhone 17e & iPhone 16e (Only) - Defender Series Ca
2026-07-27 04:58:05 | DEBUG    | scraper.parser | Product 14 parsed: OtterBox iPhone 12 & iPhone 12 Pro Commuter Series Case - Bl
2026-07-27 04:58:06 | DEBUG    | scraper.parser | Product 15 parsed: OtterBox iPhone 15 Pro MAX (Only) Commuter Series Case - Bla
2026-07-27 04:58:06 | DEBUG    | scraper.parser | Product 16 parsed: OtterBox iPhone 17 Symmetry Series Clear Case - Clear - Ultr
2026-07-27 04:58:06 | INFO     | scraper.search | Page 1: Extracted 16 products (total: 16)
2026-07-27 04:58:06 | DEBUG    | utils.resume | Progress saved: keyword='iPhone cases', last_completed_page=1
2026-07-27 04:58:06 | INFO     | scraper.search | ━━━ Scraping page 2 of 30 ━━━
2026-07-27 04:58:06 | INFO     | scraper.search | Navigating to page 2: https://www.amazon.com/s?k=iPhone cases&page=2
2026-07-27 04:58:11 | DEBUG    | scraper.search | Page 2 loaded successfully.
2026-07-27 04:58:11 | INFO     | scraper.parser | Found 22 product cards on the page.
2026-07-27 04:58:11 | DEBUG    | scraper.parser | Product 1 parsed: Compatible with iPhone 14 Case with Magnetic Ring Stand [Com
2026-07-27 04:58:11 | DEBUG    | scraper.parser | Product 2 parsed: Aurorastar for iPhone 12/12 Pro Cute Light Pink Striped Soft
2026-07-27 04:58:12 | DEBUG    | scraper.parser | Product 3 parsed: Cute Striped Case for iPhone 15 6.1",Pink/Yellow | Non-fade 
2026-07-27 04:58:12 | DEBUG    | scraper.parser | Product 4 parsed: TORRAS Stronger Magnetic & Shockproof for iPhone 17 Pro Max 
2026-07-27 04:58:12 | DEBUG    | scraper.parser | Product 5 parsed: ZTOFERA Cute Vertical Striped Case for iPhone 13/14,Light Bl
2026-07-27 04:58:12 | DEBUG    | scraper.parser | Product 6 parsed: IDweel for iPhone SE 2020 Case with Screen Protector, Case f
2026-07-27 04:58:13 | DEBUG    | scraper.parser | Product 7 parsed: Yeddabox for iPhone 17 Pro Case Cute Striped Phone Case Soft
2026-07-27 04:58:13 | DEBUG    | scraper.parser | Product 8 parsed: ORNARTO for iPhone 17 Pro Max Case, Liquid Silicone, Chalk P
2026-07-27 04:58:13 | DEBUG    | scraper.parser | Product 9 parsed: OtterBox iPhone 15 Pro (Only) Commuter Series Case - Black, 
2026-07-27 04:58:13 | DEBUG    | scraper.parser | Product 10 parsed: OtterBox iPhone 14 & iPhone 13 Commuter Series Case - INTO T
2026-07-27 04:58:14 | DEBUG    | scraper.parser | Product 11 parsed: Nvollnoe for iPhone 17e Case/iPhone 16e Case with Slide Came
2026-07-27 04:58:14 | DEBUG    | scraper.parser | Product 12 parsed: Compatible with iPhone 13/14 Case,Deer Camo Flag Case for iP
2026-07-27 04:58:14 | DEBUG    | scraper.parser | Product 13 parsed: CASEKOO for iPhone 14 Pro Max Case with Magnetic Invisible S
2026-07-27 04:58:14 | DEBUG    | scraper.parser | Product 14 parsed: inewateri for iPhone 13/14 Case Cute Polka Dot Aesthetics TP
2026-07-27 04:58:15 | DEBUG    | scraper.parser | Product 15 parsed: FNTCASE for iPhone 16 Pro-Max Case Compatible with Magsafe C
2026-07-27 04:58:15 | DEBUG    | scraper.parser | Product 16 parsed: TOCOL Magnetic for iPhone 14 Case, Upgraded Full Camera Prot
2026-07-27 04:58:15 | DEBUG    | scraper.parser | Product 17 parsed: OtterBox Defender Series Case for Apple iPhone 12 & iPhone 1
2026-07-27 04:58:15 | DEBUG    | scraper.parser | Product 18 parsed: Miracase for iPhone 16e case & iPhone 17e Case for MagSafe [
2026-07-27 04:58:16 | DEBUG    | scraper.parser | Product 19 parsed: TORRAS Ostand for iPhone 17 Pro Case Magnetic, Fit for MagSa
2026-07-27 04:58:16 | DEBUG    | scraper.parser | Product 20 parsed: TORRAS Ostand Q3 Air for iPhone 17 Pro Max Case with 360 Mag
2026-07-27 04:58:16 | DEBUG    | scraper.parser | Product 21 parsed: VisEnt for iPhone 13 14 Case, Cute Phone Case, Aesthetic Dua
2026-07-27 04:58:16 | DEBUG    | scraper.parser | Product 22 parsed: FABSPARK for iPhone 16 Pro Case, Soft Wave Design Wavy Frame
2026-07-27 04:58:16 | INFO     | scraper.search | Page 2: Extracted 22 products (total: 38)
2026-07-27 04:58:16 | DEBUG    | utils.resume | Progress saved: keyword='iPhone cases', last_completed_page=2
2026-07-27 04:58:16 | INFO     | scraper.search | ━━━ Scraping page 3 of 30 ━━━
2026-07-27 04:58:16 | INFO     | scraper.search | Navigating to page 3: https://www.amazon.com/s?k=iPhone cases&page=3
2026-07-27 04:58:22 | DEBUG    | scraper.search | Page 3 loaded successfully.
2026-07-27 04:58:22 | INFO     | scraper.parser | Found 22 product cards on the page.
2026-07-27 04:58:22 | DEBUG    | scraper.parser | Product 1 parsed: Nvollnoe for iPhone 17e Case/iPhone 16e Case with Slide Came
2026-07-27 04:58:22 | DEBUG    | scraper.parser | Product 2 parsed: SOKAD Magnetic Sage Floral Phone Case for iPhone 17, Green F
2026-07-27 04:58:23 | DEBUG    | scraper.parser | Product 3 parsed: SUPFINE Magnetic for iPhone 13 Pro Case Black | With Screen 
2026-07-27 04:58:23 | DEBUG    | scraper.parser | Product 4 parsed: Magnetic for iPhone 13/14 Case Cute Stripes Phone Case, Blue
2026-07-27 04:58:23 | DEBUG    | scraper.parser | Product 5 parsed: jaroco Magnetic for iPhone 14 Case Heavy Duty Protection Bla
2026-07-27 04:58:23 | DEBUG    | scraper.parser | Product 6 parsed: ORNARTO for iPhone 16 Case 6.1", Slim Liquid Silicone,Chalk 
2026-07-27 04:58:24 | DEBUG    | scraper.parser | Product 7 parsed: Speck CandyShell Grip Case iPhone 16 - Slim MagSafe Case for
2026-07-27 04:58:24 | DEBUG    | scraper.parser | Product 8 parsed: Cute Phone Case for iPhone 15 Case Cheetah Leopard Print | A
2026-07-27 04:58:24 | DEBUG    | scraper.parser | Product 9 parsed: kate spade new york iPhone 17 Pro Max Case - Flowerbed Blue 
2026-07-27 04:58:25 | DEBUG    | scraper.parser | Product 10 parsed: YENAPOON for iPhone 12 Pro/iPhone 12 Case, Matte Magnetic Ca
2026-07-27 04:58:25 | DEBUG    | scraper.parser | Product 11 parsed: Magnetic for iPhone 14 Case with Ring Stand, [10 FT Drop Pro
2026-07-27 04:58:25 | DEBUG    | scraper.parser | Product 12 parsed: Compatible with iPhone 14 Case with Magnetic Ring Stand [Com
2026-07-27 04:58:25 | DEBUG    | scraper.parser | Product 13 parsed: OtterBox iPhone 13 Pro Max & iPhone 12 Pro Max Commuter Seri
2026-07-27 04:58:26 | DEBUG    | scraper.parser | Product 14 parsed: OtterBox iPhone SE 3rd & 2nd Gen, iPhone 8 & iPhone 7 (not C
2026-07-27 04:58:26 | DEBUG    | scraper.parser | Product 15 parsed: GVIEWIN for iPhone 17 Case, with Screen Protector+Camera Len
2026-07-27 04:58:26 | DEBUG    | scraper.parser | Product 16 parsed: Pelican Protector iPhone 17 Pro Case - Rugged MagSafe Phone 
2026-07-27 04:58:26 | DEBUG    | scraper.parser | Product 17 parsed: ESR for iPhone 16 Case, Camera Control Cover, Compatible wit
2026-07-27 04:58:27 | DEBUG    | scraper.parser | Product 18 parsed: JETech Case for iPhone 15 Pro, Anti-Yellowing, Clear | Shock
2026-07-27 04:58:27 | DEBUG    | scraper.parser | Product 19 parsed: ESR for iPhone 17 Pro Case Flex Stand, for MagSafe, Clear | 
2026-07-27 04:58:27 | DEBUG    | scraper.parser | Product 20 parsed: Apple iPhone 13 Silicone Case with MagSafe – Midnight
2026-07-27 04:58:27 | DEBUG    | scraper.parser | Product 21 parsed: CHAOFEnG Magnetic Compatible with iPhone 13 Case with Stand 
2026-07-27 04:58:28 | DEBUG    | scraper.parser | Product 22 parsed: Follaroma for iPhone 15 Case, Heavy Duty Shockproof Protecti
2026-07-27 04:58:28 | INFO     | scraper.search | Page 3: Extracted 22 products (total: 60)
2026-07-27 04:58:28 | DEBUG    | utils.resume | Progress saved: keyword='iPhone cases', last_completed_page=3
2026-07-27 04:58:28 | INFO     | scraper.search | ━━━ Scraping page 4 of 30 ━━━
2026-07-27 04:58:28 | INFO     | scraper.search | Navigating to page 4: https://www.amazon.com/s?k=iPhone cases&page=4
2026-07-27 04:58:32 | DEBUG    | scraper.search | Page 4 loaded successfully.
2026-07-27 04:58:32 | INFO     | scraper.parser | Found 22 product cards on the page.
2026-07-27 04:58:32 | DEBUG    | scraper.parser | Product 1 parsed: Aurorastar for iPhone 12/12 Pro Cute Light Pink Striped Soft
2026-07-27 04:58:33 | DEBUG    | scraper.parser | Product 2 parsed: FNTCASE for iPhone 13 Pro Case, Fit for Magsafe, Screen Prot
2026-07-27 04:58:33 | DEBUG    | scraper.parser | Product 3 parsed: Compatible with iPhone 13/14 Case, Cute Fashion Aesthetic St
2026-07-27 04:58:33 | DEBUG    | scraper.parser | Product 4 parsed: Apple iPhone 17 Pro Clear Case with MagSafe MagSafe and Came
2026-07-27 04:58:33 | DEBUG    | scraper.parser | Product 5 parsed: Yeddabox for iPhone 17 Pro Max Case Cute Polka Dot Phone Cas
2026-07-27 04:58:33 | DEBUG    | scraper.parser | Product 6 parsed: OtterBox iPhone 17 Figura Series Case - Polus Blue - Aesthet
2026-07-27 04:58:34 | DEBUG    | scraper.parser | Product 7 parsed: FireNova Magnetic for iPhone 17 Pro Case, 6.3", Calke Green 
2026-07-27 04:58:34 | DEBUG    | scraper.parser | Product 8 parsed: OtterBox iPhone 15 Plus and iPhone 14 Plus Commuter Series C
2026-07-27 04:58:34 | DEBUG    | scraper.parser | Product 9 parsed: Diverbox for iPhone 16e Case & iPhone 17e Case [Compatible w
2026-07-27 04:58:34 | DEBUG    | scraper.parser | Product 10 parsed: TAURI for iPhone 16 Case, Compatible with MagSafe, with Scre
2026-07-27 04:58:35 | DEBUG    | scraper.parser | Product 11 parsed: Nvollnoe for iPhone 17e Case/iPhone 16e Case with Slide Came
2026-07-27 04:58:35 | DEBUG    | scraper.parser | Product 12 parsed: Compatible with iPhone 14 Pro Max Case, with Aesthetics Stri
2026-07-27 04:58:35 | DEBUG    | scraper.parser | Product 13 parsed: OtterBox Commuter Series Case for iPhone 11 & iPhone XR (Onl
2026-07-27 04:58:35 | DEBUG    | scraper.parser | Product 14 parsed: ORNARTO for iPhone 16 Pro Max Case, Liquid Silicone, Chalk P
2026-07-27 04:58:36 | DEBUG    | scraper.parser | Product 15 parsed: OtterBox iPhone 14 & iPhone 13 Symmetry Series+ Case - CLEAR
2026-07-27 04:58:36 | DEBUG    | scraper.parser | Product 16 parsed: OtterBox iPhone 16 Pro Commuter Series Case - Black, Thin & 
2026-07-27 04:58:36 | DEBUG    | scraper.parser | Product 17 parsed: ORNARTO for iPhone 17 Pro Case 6.3", Slim Liquid Silicone,Ch
2026-07-27 04:58:37 | DEBUG    | scraper.parser | Product 18 parsed: FNTCASE for iPhone 17 Pro Max Case, Fit for Magsafe, Screen 
2026-07-27 04:58:37 | DEBUG    | scraper.parser | Product 19 parsed: ESR for iPhone 16 Pro Case, Compatible with MagSafe, Shockpr
2026-07-27 04:58:37 | DEBUG    | scraper.parser | Product 20 parsed: FNTCASE for iPhone 15/14 Plus Case, Fit for Magsafe, Screen 
2026-07-27 04:58:37 | DEBUG    | scraper.parser | Product 21 parsed: SOKAD Magnetic Floral Phone Case for iPhone 17, Blue Small F
2026-07-27 04:58:37 | DEBUG    | scraper.parser | Product 22 parsed: VisEnt for iPhone 17 Case, Cute Phone Case, Aesthetic Dual L
2026-07-27 04:58:37 | INFO     | scraper.search | Page 4: Extracted 22 products (total: 82)
2026-07-27 04:58:37 | DEBUG    | utils.resume | Progress saved: keyword='iPhone cases', last_completed_page=4
2026-07-27 04:58:37 | INFO     | scraper.search | ━━━ Scraping page 5 of 30 ━━━
2026-07-27 04:58:37 | INFO     | scraper.search | Navigating to page 5: https://www.amazon.com/s?k=iPhone cases&page=5
2026-07-27 04:58:43 | DEBUG    | scraper.search | Page 5 loaded successfully.
2026-07-27 04:58:43 | INFO     | scraper.parser | Found 22 product cards on the page.
2026-07-27 04:58:44 | DEBUG    | scraper.parser | Product 1 parsed: GolbinBox for iPhone 17 Pro Case for Women,[Compatible with 
2026-07-27 04:58:44 | DEBUG    | scraper.parser | Product 2 parsed: Aurorastar for iPhone 12/12 Pro Cute Light Pink Striped Soft
2026-07-27 04:58:44 | DEBUG    | scraper.parser | Product 3 parsed: OtterBox iPhone 16 Pro React Series Case - Clear - Ultra-Thi
2026-07-27 04:58:44 | DEBUG    | scraper.parser | Product 4 parsed: Apple iPhone 15 Silicone Case with MagSafe - Winter Blue
2026-07-27 04:58:45 | DEBUG    | scraper.parser | Product 5 parsed: YENAPOON for iPhone 17e Case, iPhone 16e Case, Magnetic Cove
2026-07-27 04:58:45 | DEBUG    | scraper.parser | Product 6 parsed: TORRAS Q3 Spin for iPhone 17 Pro Max Case with 360 Magnetic 
2026-07-27 04:58:45 | DEBUG    | scraper.parser | Product 7 parsed: TORRAS Q3 Silicone for iPhone 17 Pro Case with Magnetic 360 
2026-07-27 04:58:45 | DEBUG    | scraper.parser | Product 8 parsed: ESR for iPhone 14 Pro Max Case, Compatible with MagSafe, Sho
2026-07-27 04:58:46 | DEBUG    | scraper.parser | Product 9 parsed: kate spade new york iPhone 17 Pro Case - Flowerbed Blue Gems
2026-07-27 04:58:46 | DEBUG    | scraper.parser | Product 10 parsed: OtterBox iPhone 16 React Series Case - Clear - Ultra-Thin, S
2026-07-27 04:58:46 | DEBUG    | scraper.parser | Product 11 parsed: Nvollnoe for iPhone 17e Case/iPhone 16e Case with Slide Came
2026-07-27 04:58:46 | DEBUG    | scraper.parser | Product 12 parsed: Casely iPhone 16 Pro Case | On the Dot | Pink & Brown Polka 
2026-07-27 04:58:47 | DEBUG    | scraper.parser | Product 13 parsed: TORRAS Magnetic Shockproof for iPhone 16 Pro Max Case, [Fit 
2026-07-27 04:58:47 | DEBUG    | scraper.parser | Product 14 parsed: Miracase Ultra Slim Designed for iPhone SE Case 2022(3rd Gen
2026-07-27 04:58:47 | DEBUG    | scraper.parser | Product 15 parsed: OtterBox iPhone 17 Pro Max FRĒ Series Waterproof Case - Blac
2026-07-27 04:58:47 | DEBUG    | scraper.parser | Product 16 parsed: OtterBox iPhone 16 Profile Series Case - Black - Ultra-Thin,
2026-07-27 04:58:48 | DEBUG    | scraper.parser | Product 17 parsed: OtterBox iPhone 16 Pro Max Defender Series Case - Black - To
2026-07-27 04:58:48 | DEBUG    | scraper.parser | Product 18 parsed: GVIEWIN for iPhone 17e Case & iPhone 16e Case with Screen Pr
2026-07-27 04:58:48 | DEBUG    | scraper.parser | Product 19 parsed: Apple iPhone 15 Plus Silicone Case with MagSafe - Winter Blu
2026-07-27 04:58:48 | DEBUG    | scraper.parser | Product 20 parsed: OtterBox Sole Series Phone Case for iPhone 17 Pro Max - Xtra
2026-07-27 04:58:49 | DEBUG    | scraper.parser | Product 21 parsed: Casely iPhone 16 Case | On the Dot | Blue & Brown Polka Dot 
2026-07-27 04:58:49 | DEBUG    | scraper.parser | Product 22 parsed: SOKAD Magnetic Floral Phone Case for iPhone 17, Blue Small F
2026-07-27 04:58:49 | INFO     | scraper.search | Page 5: Extracted 22 products (total: 104)
2026-07-27 04:58:49 | DEBUG    | utils.resume | Progress saved: keyword='iPhone cases', last_completed_page=5
2026-07-27 04:58:49 | INFO     | scraper.search | ━━━ Scraping page 6 of 30 ━━━
2026-07-27 04:58:49 | INFO     | scraper.search | Navigating to page 6: https://www.amazon.com/s?k=iPhone cases&page=6
2026-07-27 04:58:54 | DEBUG    | scraper.search | Page 6 loaded successfully.
2026-07-27 04:58:54 | INFO     | scraper.parser | Found 22 product cards on the page.
2026-07-27 04:58:55 | DEBUG    | scraper.parser | Product 1 parsed: Aurorastar for iPhone 17 Pro Cute Light Pink Striped Soft Ph
2026-07-27 04:58:55 | DEBUG    | scraper.parser | Product 2 parsed: Nvollnoe for iPhone 17e Case/iPhone 16e Case with Slide Came
2026-07-27 04:58:55 | DEBUG    | scraper.parser | Product 3 parsed: TORRAS Stronger Magnetic for iPhone 17 Pro Case, Camera Cont
2026-07-27 04:58:56 | DEBUG    | scraper.parser | Product 4 parsed: GVIEWIN for iPhone 16 Pro Case Compatible with MagSafe Scree
2026-07-27 04:58:56 | DEBUG    | scraper.parser | Product 5 parsed: TORRAS Q3 Silicone for iPhone 17 Pro Max Case Magnetic Stand
2026-07-27 04:58:56 | DEBUG    | scraper.parser | Product 6 parsed: OtterBox iPhone 17 Pro Commuter Series Case - Purple Mystery
2026-07-27 04:58:56 | DEBUG    | scraper.parser | Product 7 parsed: SPIDERCASE Magnetic for iPhone 17 Pro Case,with [3 Stand Way
2026-07-27 04:58:57 | DEBUG    | scraper.parser | Product 8 parsed: OtterBox iPhone 11 Prefix Series Case - Clear, Ultra-Thin, P
2026-07-27 04:58:57 | DEBUG    | scraper.parser | Product 9 parsed: CASEKOO 360 Spin Magnetic Stand for iPhone 16 Pro Case Deser
2026-07-27 04:58:57 | DEBUG    | scraper.parser | Product 10 parsed: ORNARTO for iPhone 17 Pro Case, Magnetic Matte Translucent, 
2026-07-27 04:58:58 | DEBUG    | scraper.parser | Product 11 parsed: UEEBAI Wallet Case for iPhone 13, PU Leather Phone Cover Kic
2026-07-27 04:58:58 | DEBUG    | scraper.parser | Product 12 parsed: Miracase for iPhone 17e Case & iPhone 16e Case, Full-Body Ph
2026-07-27 04:58:58 | DEBUG    | scraper.parser | Product 13 parsed: OtterBox iPhone 13 Pro (ONLY) Commuter Series Case - Rock Sk
2026-07-27 04:58:58 | DEBUG    | scraper.parser | Product 14 parsed: Diverbox for iPhone 16 Case [Shockproof] [Dropproof] [Temper
2026-07-27 04:58:59 | DEBUG    | scraper.parser | Product 15 parsed: TENOC Phone Case Compatible with iPhone 11, Clear Case Shock
2026-07-27 04:58:59 | DEBUG    | scraper.parser | Product 16 parsed: OtterBox iPhone 14 Pro (ONLY) Symmetry Series Case - Black, 
2026-07-27 04:58:59 | DEBUG    | scraper.parser | Product 17 parsed: toushion 3 in 1 for iPhone 16 Case Clear with MagSafe, Not Y
2026-07-27 04:58:59 | DEBUG    | scraper.parser | Product 18 parsed: OtterBox iPhone 15 Pro MAX (Only) Defender Series XT Clear C
2026-07-27 04:59:00 | DEBUG    | scraper.parser | Product 19 parsed: ORNARTO Compatible with iPhone 15 Case 6.1, Slim Liquid Sili
2026-07-27 04:59:00 | DEBUG    | scraper.parser | Product 20 parsed: zapica Magnetic for iPhone 14 Pro Case, Dark Purple | Compat
2026-07-27 04:59:00 | DEBUG    | scraper.parser | Product 21 parsed: SOKAD Magnetic Floral Phone Case for iPhone 17, Blue Small F
2026-07-27 04:59:00 | DEBUG    | scraper.parser | Product 22 parsed: Compatible with iPhone 13/14 Case,Deer Camo Flag Case for iP
2026-07-27 04:59:00 | INFO     | scraper.search | Page 6: Extracted 22 products (total: 126)
2026-07-27 04:59:00 | DEBUG    | utils.resume | Progress saved: keyword='iPhone cases', last_completed_page=6
2026-07-27 04:59:00 | INFO     | scraper.search | ━━━ Scraping page 7 of 30 ━━━
2026-07-27 04:59:00 | INFO     | scraper.search | Navigating to page 7: https://www.amazon.com/s?k=iPhone cases&page=7
2026-07-27 04:59:05 | DEBUG    | scraper.search | Page 7 loaded successfully.
2026-07-27 04:59:05 | INFO     | scraper.parser | Found 22 product cards on the page.
2026-07-27 04:59:05 | DEBUG    | scraper.parser | Product 1 parsed: Aurorastar for iPhone 17 Pro Cute Light Pink Striped Soft Ph
2026-07-27 04:59:05 | DEBUG    | scraper.parser | Product 2 parsed: Nvollnoe for iPhone 17e Case/iPhone 16e Case with Slide Came
2026-07-27 04:59:06 | DEBUG    | scraper.parser | Product 3 parsed: CASEKOO 360 Spin Magnetic Stand for iPhone 16 Pro Case Deser
2026-07-27 04:59:06 | DEBUG    | scraper.parser | Product 4 parsed: OtterBox iPhone 16e, 15, iPhone 14, and iPhone 13 Symmetry S
2026-07-27 04:59:06 | DEBUG    | scraper.parser | Product 5 parsed: OtterBox iPhone 14 Pro (ONLY) Symmetry Series Case - Black, 
2026-07-27 04:59:06 | DEBUG    | scraper.parser | Product 6 parsed: ORNARTO for iPhone 17 Case, Slim Liquid Silicone Cover, Chal
2026-07-27 04:59:07 | DEBUG    | scraper.parser | Product 7 parsed: ORNARTO Compatible with iPhone 15 Case 6.1, Slim Liquid Sili
2026-07-27 04:59:07 | DEBUG    | scraper.parser | Product 8 parsed: BENTOBEN Magnetic for iPhone 13 Case & iPhone 14 Case [Compa
2026-07-27 04:59:07 | DEBUG    | scraper.parser | Product 9 parsed: toushion 3 in 1 for iPhone 16 Case Clear with MagSafe, Not Y
2026-07-27 04:59:07 | DEBUG    | scraper.parser | Product 10 parsed: OtterBox iPhone 15 Pro MAX (Only) Defender Series XT Clear C
2026-07-27 04:59:08 | DEBUG    | scraper.parser | Product 11 parsed: for Apple iPhone 17 Case Military Grade Drop Shock Protectio
2026-07-27 04:59:08 | DEBUG    | scraper.parser | Product 12 parsed: Compatible with iPhone 14 Pro Case, with Aesthetics Striped 
2026-07-27 04:59:08 | DEBUG    | scraper.parser | Product 13 parsed: zapica Magnetic for iPhone 14 Pro Case, Dark Purple | Compat
2026-07-27 04:59:09 | DEBUG    | scraper.parser | Product 14 parsed: BENTOBEN Magnetic for iPhone 17 Pro Max 6.9" Case, Compatibl
2026-07-27 04:59:09 | DEBUG    | scraper.parser | Product 15 parsed: TORRAS Magnetic Shockproof for iPhone 17 Pro Case, Camera Co
2026-07-27 04:59:09 | DEBUG    | scraper.parser | Product 16 parsed: Apple iPhone 16 Pro Max Silicone Case with MagSafe and Camer
2026-07-27 04:59:09 | DEBUG    | scraper.parser | Product 17 parsed: TIESZEN for iPhone 15 Case, Compatible with MagSafe, Built-i
2026-07-27 04:59:10 | DEBUG    | scraper.parser | Product 18 parsed: EYZUTAK Case for iPhone 16, Colorful Retro Oil Painting Prin
2026-07-27 04:59:10 | DEBUG    | scraper.parser | Product 19 parsed: ORNARTO Magnetic for iPhone 17 Pro Max Case, Translucent Mat
2026-07-27 04:59:10 | DEBUG    | scraper.parser | Product 20 parsed: Casely iPhone 17 Pro Max Case | On the Dot | Pink & Brown Po
2026-07-27 04:59:10 | DEBUG    | scraper.parser | Product 21 parsed: SOKAD Magnetic Sage Floral Phone Case for iPhone 16, Beige F
2026-07-27 04:59:11 | DEBUG    | scraper.parser | Product 22 parsed: UEEBAI Wallet Case for iPhone 13, PU Leather Phone Cover Kic
2026-07-27 04:59:11 | INFO     | scraper.search | Page 7: Extracted 22 products (total: 148)
2026-07-27 04:59:11 | DEBUG    | utils.resume | Progress saved: keyword='iPhone cases', last_completed_page=7
2026-07-27 04:59:11 | INFO     | scraper.search | ━━━ Scraping page 8 of 30 ━━━
2026-07-27 04:59:11 | INFO     | scraper.search | Navigating to page 8: https://www.amazon.com/s?k=iPhone cases&page=8
2026-07-27 04:59:15 | DEBUG    | scraper.search | Page 8 loaded successfully.
2026-07-27 04:59:15 | INFO     | scraper.parser | Found 22 product cards on the page.
2026-07-27 04:59:15 | DEBUG    | scraper.parser | Product 1 parsed: Aurorastar for iPhone 12/12 Pro Cute Light Pink Striped Soft
2026-07-27 04:59:16 | DEBUG    | scraper.parser | Product 2 parsed: Nvollnoe for iPhone 17e Case/iPhone 16e Case with Slide Came
2026-07-27 04:59:16 | DEBUG    | scraper.parser | Product 3 parsed: OtterBox iPhone 15 Pro (Only) Commuter Series Case - GET You
2026-07-27 04:59:16 | DEBUG    | scraper.parser | Product 4 parsed: OtterBox iPhone 17 Pro Defender Series Pro XT Clear Case - O
2026-07-27 04:59:16 | DEBUG    | scraper.parser | Product 5 parsed: Mkeke for iPhone 16 Case Clear, [Not Yellowing] [16FT Milita
2026-07-27 04:59:17 | DEBUG    | scraper.parser | Product 6 parsed: Diverbox for iPhone 11 Case [Shockproof] [Dropproof] [Temper
2026-07-27 04:59:17 | DEBUG    | scraper.parser | Product 7 parsed: ESR for iPhone 14 Pro Max Case with Stand, Compatible with M
2026-07-27 04:59:17 | DEBUG    | scraper.parser | Product 8 parsed: OtterBox iPhone 15 Pro Max Symmetry Series Case - Black, Sna
2026-07-27 04:59:17 | DEBUG    | scraper.parser | Product 9 parsed: ESR for iPhone 16 Pro Max Case Flex Stand, for MagSafe, Rugg
2026-07-27 04:59:18 | DEBUG    | scraper.parser | Product 10 parsed: TORRAS Magnetic Slim-Fit for iPhone 16 Pro Case Thin Black |
2026-07-27 04:59:18 | DEBUG    | scraper.parser | Product 11 parsed: Compatible with iPhone 14 Pro Case, with Aesthetics Striped 
2026-07-27 04:59:18 | DEBUG    | scraper.parser | Product 12 parsed: Compatible with iPhone 13/14 Case,Deer Camo Flag Case for iP
2026-07-27 04:59:19 | DEBUG    | scraper.parser | Product 13 parsed: FNTCASE for iPhone 17e Case with Built-in Screen Protector a
2026-07-27 04:59:19 | DEBUG    | scraper.parser | Product 14 parsed: OtterBox iPhone 15 Pro Max (Only) - Defender Series Case - B
2026-07-27 04:59:19 | DEBUG    | scraper.parser | Product 15 parsed: OtterBox iPhone 14 Pro (ONLY) Commuter Series Case - Trees C
2026-07-27 04:59:19 | DEBUG    | scraper.parser | Product 16 parsed: ESR for iPhone 16 Pro Max Case, Compatible with MagSafe, Mil
2026-07-27 04:59:20 | DEBUG    | scraper.parser | Product 17 parsed: Diaclara Magnetic Designed for iPhone 17 Case Full Body Bump
2026-07-27 04:59:20 | DEBUG    | scraper.parser | Product 18 parsed: OtterBox iPhone 16 Pro Max Symmetry Series Clear Case - Foxb
2026-07-27 04:59:20 | DEBUG    | scraper.parser | Product 19 parsed: OtterBox iPhone 14 Plus Defender Series Case - Black, Rugged
2026-07-27 04:59:20 | DEBUG    | scraper.parser | Product 20 parsed: Nvollnoe for iPhone 14 Case with Card Holder Black | Heavy D
2026-07-27 04:59:21 | DEBUG    | scraper.parser | Product 21 parsed: Cute Aesthetic Pink Striped Magnetic Phone Case for iPhone 1
2026-07-27 04:59:21 | DEBUG    | scraper.parser | Product 22 parsed: SOKAD Magnetic Sage Floral Phone Case for iPhone 16, Beige F
2026-07-27 04:59:21 | INFO     | scraper.search | Page 8: Extracted 22 products (total: 170)
2026-07-27 04:59:21 | DEBUG    | utils.resume | Progress saved: keyword='iPhone cases', last_completed_page=8
2026-07-27 04:59:21 | INFO     | scraper.search | ━━━ Scraping page 9 of 30 ━━━
2026-07-27 04:59:21 | INFO     | scraper.search | Navigating to page 9: https://www.amazon.com/s?k=iPhone cases&page=9
2026-07-27 04:59:25 | DEBUG    | scraper.search | Page 9 loaded successfully.
2026-07-27 04:59:25 | INFO     | scraper.parser | Found 22 product cards on the page.
2026-07-27 04:59:25 | DEBUG    | scraper.parser | Product 1 parsed: Aurorastar for iPhone 12/12 Pro Cute Light Pink Striped Soft
2026-07-27 04:59:25 | DEBUG    | scraper.parser | Product 2 parsed: GolbinBox for iPhone 17 Pro Case for Women,[Compatible with 
2026-07-27 04:59:26 | DEBUG    | scraper.parser | Product 3 parsed: OtterBox Defender Series Case for iPhone SE 3rd Gen (2022), 
2026-07-27 04:59:26 | DEBUG    | scraper.parser | Product 4 parsed: OtterBox iPhone 13 (ONLY) Symmetry Series Case - Black, Ultr
2026-07-27 04:59:26 | DEBUG    | scraper.parser | Product 5 parsed: SPIDERCASE for iPhone 15 Case, Magnetic Translucent with 2PC
2026-07-27 04:59:26 | DEBUG    | scraper.parser | Product 6 parsed: OtterBox iPhone 13 Pro (ONLY) Defender Series Case - Black, 
2026-07-27 04:59:27 | DEBUG    | scraper.parser | Product 7 parsed: kate spade new york iPhone 17 Pro Case - Autumn Toile | Comp
2026-07-27 04:59:27 | DEBUG    | scraper.parser | Product 8 parsed: OtterBox iPhone 16 Pro Symmetry Series Cactus Leather for Ma
2026-07-27 04:59:27 | DEBUG    | scraper.parser | Product 9 parsed: Magnetic Compatible with iPhone 15 Plus Case & iPhone 14 Plu
2026-07-27 04:59:28 | DEBUG    | scraper.parser | Product 10 parsed: OtterBox iPhone XR Symmetry Series Case - Black, Ultra-Sleek
2026-07-27 04:59:28 | DEBUG    | scraper.parser | Product 11 parsed: Nvollnoe for iPhone 17e Case/iPhone 16e Case with Slide Came
2026-07-27 04:59:28 | DEBUG    | scraper.parser | Product 12 parsed: Rectangle Case for iPhone 16, Ocean Blue | Summer Sea Surfac
2026-07-27 04:59:28 | DEBUG    | scraper.parser | Product 13 parsed: OtterBox iPhone 15 Pro (Only) Symmetry Series Clear Case - (
2026-07-27 04:59:29 | DEBUG    | scraper.parser | Product 14 parsed: TORRAS Magnetic Slim-Fit for iPhone 16 Pro Max Case Thin Bla
2026-07-27 04:59:29 | DEBUG    | scraper.parser | Product 15 parsed: TORRAS Magnetic Slim Fit for iPhone 17 Pro Case Thin, Deep B
2026-07-27 04:59:29 | DEBUG    | scraper.parser | Product 16 parsed: OtterBox iPhone 13 mini & iPhone 12 mini Commuter Series Cas
2026-07-27 04:59:29 | DEBUG    | scraper.parser | Product 17 parsed: OTOFLY for iPhone 15 Pro Case, Military-Grade Protection, Sh
2026-07-27 04:59:30 | DEBUG    | scraper.parser | Product 18 parsed: Speck Clear iPhone 14 & iPhone 13 Case - Drop Protection, Sc
2026-07-27 04:59:30 | DEBUG    | scraper.parser | Product 19 parsed: Choiche Compatible for iPhone 16 Case Women Phone Case, Cute
2026-07-27 04:59:30 | DEBUG    | scraper.parser | Product 20 parsed: GolbinBox for iPhone 17 Pro Case for Women,[Compatible with 
2026-07-27 04:59:30 | DEBUG    | scraper.parser | Product 21 parsed: Compatible with iPhone 14 Pro Case, with Aesthetics Striped 
2026-07-27 04:59:31 | DEBUG    | scraper.parser | Product 22 parsed: Magnetic for iPhone 13 Case/iPhone 14 Case with Screen Prote
2026-07-27 04:59:31 | INFO     | scraper.search | Page 9: Extracted 22 products (total: 192)
2026-07-27 04:59:31 | DEBUG    | utils.resume | Progress saved: keyword='iPhone cases', last_completed_page=9
2026-07-27 04:59:31 | INFO     | scraper.search | ━━━ Scraping page 10 of 30 ━━━
2026-07-27 04:59:31 | INFO     | scraper.search | Navigating to page 10: https://www.amazon.com/s?k=iPhone cases&page=10
2026-07-27 04:59:35 | DEBUG    | scraper.search | Page 10 loaded successfully.
2026-07-27 04:59:35 | INFO     | scraper.parser | Found 22 product cards on the page.
2026-07-27 04:59:35 | DEBUG    | scraper.parser | Product 1 parsed: Aurorastar for iPhone 12/12 Pro Cute Light Pink Striped Soft
2026-07-27 04:59:35 | DEBUG    | scraper.parser | Product 2 parsed: Cute Aesthetic Pink Striped Magnetic Phone Case for iPhone 1
2026-07-27 04:59:36 | DEBUG    | scraper.parser | Product 3 parsed: Vooii Compatible with iPhone 13 Case, Liquid Silicone Upgrad
2026-07-27 04:59:36 | DEBUG    | scraper.parser | Product 4 parsed: CAPRARO for iPhone 16 Pro Case for Women Girls, Upgraded [Fu
2026-07-27 04:59:36 | DEBUG    | scraper.parser | Product 5 parsed: FNTCASE for iPhone 15 Plus Case Clear Magnetic Compatible wi
2026-07-27 04:59:37 | DEBUG    | scraper.parser | Product 6 parsed: ImpactStrong Magnetic Guard Designed for iPhone 14 Pro Case 
2026-07-27 04:59:37 | DEBUG    | scraper.parser | Product 7 parsed: Tigowos Magnetic for iPhone 15 Case Drop Resistant Matte Ski
2026-07-27 04:59:37 | DEBUG    | scraper.parser | Product 8 parsed: OtterBox iPhone 13 Symmetry Series+ Case - Clear, Ultra-Slee
2026-07-27 04:59:37 | DEBUG    | scraper.parser | Product 9 parsed: kate spade new york iPhone 16 Pro Max Case - Tortoise | Comp
2026-07-27 04:59:38 | DEBUG    | scraper.parser | Product 10 parsed: BERFY for iPhone 16 Pro Case, Compatible with MagSafe, Built
2026-07-27 04:59:38 | DEBUG    | scraper.parser | Product 11 parsed: SKYLMW Compatible with iPhone 14 Case with Magnetic Invisibl
2026-07-27 04:59:38 | DEBUG    | scraper.parser | Product 12 parsed: Nvollnoe for iPhone 17e Case/iPhone 16e Case with Slide Came
2026-07-27 04:59:38 | DEBUG    | scraper.parser | Product 13 parsed: Longlayss Compatible with iPhone 17 Pro Max Case Tortoise Sh
2026-07-27 04:59:39 | DEBUG    | scraper.parser | Product 14 parsed: OtterBox Defender Series Screenless Edition Case for iPhone 
2026-07-27 04:59:39 | DEBUG    | scraper.parser | Product 15 parsed: OtterBox iPhone 16 Plus React Series Case - Clear - Ultra-Th
2026-07-27 04:59:39 | DEBUG    | scraper.parser | Product 16 parsed: Magnetic for iPhone 16 Pro Case,[with 360°Rotatable Invisibl
2026-07-27 04:59:39 | DEBUG    | scraper.parser | Product 17 parsed: GolbinBox Magnetic for iPhone 16 Pro Case, Compatible with M
2026-07-27 04:59:40 | DEBUG    | scraper.parser | Product 18 parsed: for iPhone 16 Plus Case Clear with Screen Protector, Compati
2026-07-27 04:59:40 | DEBUG    | scraper.parser | Product 19 parsed: kate spade new york iPhone 15 Pro Case - Tortoiseshell | Com
2026-07-27 04:59:40 | DEBUG    | scraper.parser | Product 20 parsed: Symcele Designed for iPhone 16 Pro Case, Black | Compatible 
2026-07-27 04:59:41 | DEBUG    | scraper.parser | Product 21 parsed: Compatible with iPhone 14 Pro Case, with Aesthetics Striped 
2026-07-27 04:59:41 | DEBUG    | scraper.parser | Product 22 parsed: Rectangle Case for iPhone 16, Ocean Blue | Summer Sea Surfac
2026-07-27 04:59:41 | INFO     | scraper.search | Page 10: Extracted 22 products (total: 214)
2026-07-27 04:59:41 | DEBUG    | utils.resume | Progress saved: keyword='iPhone cases', last_completed_page=10
2026-07-27 04:59:41 | INFO     | scraper.search | ━━━ Scraping page 11 of 30 ━━━
2026-07-27 04:59:41 | INFO     | scraper.search | Navigating to page 11: https://www.amazon.com/s?k=iPhone cases&page=11
2026-07-27 04:59:45 | DEBUG    | scraper.search | Page 11 loaded successfully.
2026-07-27 04:59:45 | INFO     | scraper.parser | Found 16 product cards on the page.
2026-07-27 04:59:45 | DEBUG    | scraper.parser | Product 1 parsed: Compatible with iPhone 16 Pro Max Case with Magnetic Ring St
2026-07-27 04:59:45 | DEBUG    | scraper.parser | Product 2 parsed: TORRAS Magnetic for iPhone 14 Pro Max Case with stand, Magsa
2026-07-27 04:59:46 | DEBUG    | scraper.parser | Product 3 parsed: SKYLMW Compatible with iPhone 15 Pro Max Case with Invisible
2026-07-27 04:59:46 | DEBUG    | scraper.parser | Product 4 parsed: GolbinBox for iPhone 17 Pro Case with 360° Spin Magnetic Sta
2026-07-27 04:59:46 | DEBUG    | scraper.parser | Product 5 parsed: for iPhone 13/14 Cute Polka Dot Phone Case, Burgundy | Polka
2026-07-27 04:59:47 | DEBUG    | scraper.parser | Product 6 parsed: CASEKOO for iPhone 15 Pro Case Crystal Clear, [Never Yellow 
2026-07-27 04:59:47 | DEBUG    | scraper.parser | Product 7 parsed: GONEZ Magnetic for iPhone 14 Pro Max Case, Silicone Cover St
2026-07-27 04:59:47 | DEBUG    | scraper.parser | Product 8 parsed: Nvollnoe for iPhone 16 Case with Card Holder Black | Heavy D
2026-07-27 04:59:47 | DEBUG    | scraper.parser | Product 9 parsed: ORNARTO Compatible with iPhone 16 Plus Case 6.7, Slim Liquid
2026-07-27 04:59:48 | DEBUG    | scraper.parser | Product 10 parsed: Cute Phone Case for iPhone 17 Case Tortoiseshell Leopard Sli
2026-07-27 04:59:48 | DEBUG    | scraper.parser | Product 11 parsed: FireNova Magnetic for iPhone 17 Pro Case, 6.3", Black | Comp
2026-07-27 04:59:48 | DEBUG    | scraper.parser | Product 12 parsed: OtterBox iPhone 13 Pro Max & iPhone 12 Pro Max Symmetry Seri
2026-07-27 04:59:48 | DEBUG    | scraper.parser | Product 13 parsed: OtterBox iPhone 13 Pro Max & iPhone 12 Pro Max Commuter Seri
2026-07-27 04:59:49 | DEBUG    | scraper.parser | Product 14 parsed: OtterBox iPhone 13 Mini & iPhone 12 Mini (Only) - Commuter S
2026-07-27 04:59:49 | DEBUG    | scraper.parser | Product 15 parsed: OtterBox iPhone 15 Pro Max Defender Series Case - Black, Scr
2026-07-27 04:59:49 | DEBUG    | scraper.parser | Product 16 parsed: for iPhone 13 Case Cute, Wireless Charging Compatible | Dual
2026-07-27 04:59:49 | INFO     | scraper.search | Page 11: Extracted 16 products (total: 230)
2026-07-27 04:59:49 | DEBUG    | utils.resume | Progress saved: keyword='iPhone cases', last_completed_page=11
2026-07-27 04:59:49 | INFO     | scraper.search | ━━━ Scraping page 12 of 30 ━━━
2026-07-27 04:59:49 | INFO     | scraper.search | Navigating to page 12: https://www.amazon.com/s?k=iPhone cases&page=12
2026-07-27 04:59:54 | DEBUG    | scraper.search | Page 12 loaded successfully.
2026-07-27 04:59:54 | INFO     | scraper.parser | Found 16 product cards on the page.
2026-07-27 04:59:54 | DEBUG    | scraper.parser | Product 1 parsed: OtterBox iPhone 11 Commuter Series Case - Black, Slim & Toug
2026-07-27 04:59:54 | DEBUG    | scraper.parser | Product 2 parsed: for iPhone 17 Case [Compatible with MagSafe] [2X Screen Prot
2026-07-27 04:59:55 | DEBUG    | scraper.parser | Product 3 parsed: OtterBox iPhone 13 Pro (ONLY) Symmetry Series Case Clear
2026-07-27 04:59:55 | DEBUG    | scraper.parser | Product 4 parsed: OtterBox iPhone 16 Pro Defender Series Case - Black (Single 
2026-07-27 04:59:55 | DEBUG    | scraper.parser | Product 5 parsed: Lanhiem Magnetic for iPhone 16 Case, IP68 Waterproof Dustpro
2026-07-27 04:59:55 | DEBUG    | scraper.parser | Product 6 parsed: Longlayss Compatible with iPhone 17 Pro Max Case Cute Stripe
2026-07-27 04:59:56 | DEBUG    | scraper.parser | Product 7 parsed: SUPFINE Magnetic for iPhone Air Case Black | (Compatible wit
2026-07-27 04:59:56 | DEBUG    | scraper.parser | Product 8 parsed: OtterBox iPhone 15 Plus & iPhone 14 Plus (Only) - Defender S
2026-07-27 04:59:56 | DEBUG    | scraper.parser | Product 9 parsed: Custom Embossed Case for iPhone – Personalized Leather Case 
2026-07-27 04:59:57 | DEBUG    | scraper.parser | Product 10 parsed: Sonix Case for iPhone 17 Pro | Compatible with MagSafe | 10f
2026-07-27 04:59:57 | DEBUG    | scraper.parser | Product 11 parsed: NGB Designed for iPhone 14/13 Case, Cute Liquid Glitter Pink
2026-07-27 04:59:57 | DEBUG    | scraper.parser | Product 12 parsed: Misea Magnetic for iPhone 15 Case Compatible with MagSafe [N
2026-07-27 04:59:57 | DEBUG    | scraper.parser | Product 13 parsed: BENTOBEN for iPhone SE 2022 Case and iPhone SE 2020 Case, He
2026-07-27 04:59:58 | DEBUG    | scraper.parser | Product 14 parsed: Speck iPhone 17e, 15 Case - iPhone 16e - Built for MagSafe, 
2026-07-27 04:59:58 | DEBUG    | scraper.parser | Product 15 parsed: Beats iPhone Air Case with MagSafe & Camera Control, Matte F
2026-07-27 04:59:58 | DEBUG    | scraper.parser | Product 16 parsed: CAPRARO Magnetic for iPhone 17 Pro Case, Upgraded [Full Came
2026-07-27 04:59:58 | INFO     | scraper.search | Page 12: Extracted 16 products (total: 246)
2026-07-27 04:59:58 | DEBUG    | utils.resume | Progress saved: keyword='iPhone cases', last_completed_page=12
2026-07-27 04:59:58 | INFO     | scraper.search | ━━━ Scraping page 13 of 30 ━━━
2026-07-27 04:59:58 | INFO     | scraper.search | Navigating to page 13: https://www.amazon.com/s?k=iPhone cases&page=13
2026-07-27 05:00:02 | DEBUG    | scraper.search | Page 13 loaded successfully.
2026-07-27 05:00:02 | INFO     | scraper.parser | Found 22 product cards on the page.
2026-07-27 05:00:02 | DEBUG    | scraper.parser | Product 1 parsed: Aurorastar for iPhone 12/12 Pro Cute Light Pink Striped Soft
2026-07-27 05:00:03 | DEBUG    | scraper.parser | Product 2 parsed: FABSPARK for iPhone 16 Pro Case, Soft Wave Design Wavy Frame
2026-07-27 05:00:03 | DEBUG    | scraper.parser | Product 3 parsed: Nvollnoe for iPhone 12/iPhone 12 Pro Case with Card Holder B
2026-07-27 05:00:03 | DEBUG    | scraper.parser | Product 4 parsed: TORRAS Magnetic Slim Fit Case for iPhone 17 Pro Max Thin Dee
2026-07-27 05:00:03 | DEBUG    | scraper.parser | Product 5 parsed: Magnetic Compatible with iPhone 15 Pro Case, [Built-in Kicks
2026-07-27 05:00:04 | DEBUG    | scraper.parser | Product 6 parsed: LOVE 3000 Designed for iPhone 16e/17e Case, Premium Silicone
2026-07-27 05:00:04 | DEBUG    | scraper.parser | Product 7 parsed: OtterBox iPhone 14 Plus Symmetry Series+ Case - CLEAR , ultr
2026-07-27 05:00:04 | DEBUG    | scraper.parser | Product 8 parsed: Goton for iPhone 14 Case with Privacy Tempered Glass Screen 
2026-07-27 05:00:04 | DEBUG    | scraper.parser | Product 9 parsed: GVIEWIN for iPhone 15 Case Floral, with Screen Protector&Cam
2026-07-27 05:00:05 | DEBUG    | scraper.parser | Product 10 parsed: Nvollnoe for iPhone 15 Pro Case with Card Holder Black | Hea
2026-07-27 05:00:05 | DEBUG    | scraper.parser | Product 11 parsed: Nvollnoe for iPhone 17e Case/iPhone 16e Case with Slide Came
2026-07-27 05:00:05 | DEBUG    | scraper.parser | Product 12 parsed: Rectangle Case for iPhone 16, Ocean Blue | Summer Sea Surfac
2026-07-27 05:00:05 | DEBUG    | scraper.parser | Product 13 parsed: FNTCASE for iPhone 15 Pro Case, Fit for Magsafe, Screen Prot
2026-07-27 05:00:06 | DEBUG    | scraper.parser | Product 14 parsed: 360°Ring Stand for iPhone 17 Pro Max Case with 1X Screen Pro
2026-07-27 05:00:06 | DEBUG    | scraper.parser | Product 15 parsed: ORNARTO Compatible with iPhone 14 Pro Max Case 6.7, Slim Liq
2026-07-27 05:00:06 | DEBUG    | scraper.parser | Product 16 parsed: Nvollnoe for iPhone 13 Case with Card Holder Black | Heavy D
2026-07-27 05:00:07 | DEBUG    | scraper.parser | Product 17 parsed: OtterBox Symmetry Series Case for iPhone SE 3rd Gen (2022), 
2026-07-27 05:00:07 | DEBUG    | scraper.parser | Product 18 parsed: CANSHN Magnetic Shockproof for iPhone 15 Case, Hot Pink
2026-07-27 05:00:07 | DEBUG    | scraper.parser | Product 19 parsed: TORRAS Slim Fit for iPhone 14/13 Case, Ultra-Thin Sturdy Pro
2026-07-27 05:00:07 | DEBUG    | scraper.parser | Product 20 parsed: TORRAS Magnetic Slim-Fit for iPhone 15 Pro Max Case, Ultra-T
2026-07-27 05:00:08 | DEBUG    | scraper.parser | Product 21 parsed: SOKAD Magnetic Sage Floral Phone Case for iPhone 16, Beige F
2026-07-27 05:00:08 | DEBUG    | scraper.parser | Product 22 parsed: Compatible with iPhone 14 Pro Case, with Aesthetics Striped 
2026-07-27 05:00:08 | INFO     | scraper.search | Page 13: Extracted 22 products (total: 268)
2026-07-27 05:00:08 | DEBUG    | utils.resume | Progress saved: keyword='iPhone cases', last_completed_page=13
2026-07-27 05:00:08 | INFO     | scraper.search | ━━━ Scraping page 14 of 30 ━━━
2026-07-27 05:00:08 | INFO     | scraper.search | Navigating to page 14: https://www.amazon.com/s?k=iPhone cases&page=14
2026-07-27 05:00:12 | DEBUG    | scraper.search | Page 14 loaded successfully.
2026-07-27 05:00:12 | INFO     | scraper.parser | Found 16 product cards on the page.
2026-07-27 05:00:12 | DEBUG    | scraper.parser | Product 1 parsed: LXK Magnetic Stand for iPhone 16 Pro Max Case 6.9" Clear [Fi
2026-07-27 05:00:13 | DEBUG    | scraper.parser | Product 2 parsed: OtterBox iPhone 17 Pro Max Symmetry Series Cactus Leather Em
2026-07-27 05:00:13 | DEBUG    | scraper.parser | Product 3 parsed: MAGIC JOHN for iPhone 17 Pro Case with Stand, Fit for MagSaf
2026-07-27 05:00:13 | DEBUG    | scraper.parser | Product 4 parsed: OtterBox Commuter Series Case for iPhone SE 3rd Gen (2022), 
2026-07-27 05:00:13 | DEBUG    | scraper.parser | Product 5 parsed: kate spade new york iPhone 16 Pro Case - Tortoise | Compatib
2026-07-27 05:00:14 | DEBUG    | scraper.parser | Product 6 parsed: OtterBox iPhone 17 Pro Max Profile Series Case Compatible wi
2026-07-27 05:00:14 | DEBUG    | scraper.parser | Product 7 parsed: Case-Mate Soap Bubble iPhone 16 Pro Max Case - Iridescent Wa
2026-07-27 05:00:14 | DEBUG    | scraper.parser | Product 8 parsed: OtterBox iPhone 15 Plus and iPhone 14 Plus Symmetry Series C
2026-07-27 05:00:14 | DEBUG    | scraper.parser | Product 9 parsed: ZTOFERA Magnetic for iPhone 16 Case with Polka Dot,White Dot
2026-07-27 05:00:15 | DEBUG    | scraper.parser | Product 10 parsed: Sonix Case for iPhone 16 Pro Max | Compatible with MagSafe |
2026-07-27 05:00:15 | DEBUG    | scraper.parser | Product 11 parsed: for iPhone 16 Case,[3 in 1] with Screen Protector & Camera L
2026-07-27 05:00:15 | DEBUG    | scraper.parser | Product 12 parsed: ESR for iPhone 17e/16e Case Flex Stand, for MagSafe, Clear |
2026-07-27 05:00:15 | DEBUG    | scraper.parser | Product 13 parsed: OtterBox iPhone 16 Pro React Series Case - Indigo Night - Ul
2026-07-27 05:00:15 | DEBUG    | scraper.parser | Product 14 parsed: SPIDERCASE for iPhone 17 Pro Max Case Waterproof,Black/Clear
2026-07-27 05:00:16 | DEBUG    | scraper.parser | Product 15 parsed: Sonix Case for iPhone 15 Pro | Compatible with MagSafe | 10f
2026-07-27 05:00:16 | DEBUG    | scraper.parser | Product 16 parsed: OtterBox iPhone 16 Pro Max FRĒ Series Waterproof Case with M
2026-07-27 05:00:16 | INFO     | scraper.search | Page 14: Extracted 16 products (total: 284)
2026-07-27 05:00:16 | DEBUG    | utils.resume | Progress saved: keyword='iPhone cases', last_completed_page=14
2026-07-27 05:00:16 | INFO     | scraper.search | ━━━ Scraping page 15 of 30 ━━━
2026-07-27 05:00:16 | INFO     | scraper.search | Navigating to page 15: https://www.amazon.com/s?k=iPhone cases&page=15
2026-07-27 05:00:21 | DEBUG    | scraper.search | Page 15 loaded successfully.
2026-07-27 05:00:21 | INFO     | scraper.parser | Found 22 product cards on the page.
2026-07-27 05:00:21 | DEBUG    | scraper.parser | Product 1 parsed: Aurorastar for iPhone 12/12 Pro Cute Light Pink Striped Soft
2026-07-27 05:00:21 | DEBUG    | scraper.parser | Product 2 parsed: Nvollnoe for iPhone 17e Case/iPhone 16e Case with Slide Came
2026-07-27 05:00:21 | DEBUG    | scraper.parser | Product 3 parsed: Oterkin for iPhone 17e Case & iPhone 16e Case with 360°Spin 
2026-07-27 05:00:22 | DEBUG    | scraper.parser | Product 4 parsed: for iPhone 15 Pro Case for Magsafe Wavy Frame Cute, Yellow |
2026-07-27 05:00:22 | DEBUG    | scraper.parser | Product 5 parsed: OtterBox iPhone 16e & 15 Prefix Series Case - Clear, Ultra-T
2026-07-27 05:00:22 | DEBUG    | scraper.parser | Product 6 parsed: OtterBox iPhone 14 Plus Commuter Series Case - Dont BE Blue 
2026-07-27 05:00:23 | DEBUG    | scraper.parser | Product 7 parsed: AOTESIER Magnetic for iPhone 13 Mini Case, [Compatible with 
2026-07-27 05:00:23 | DEBUG    | scraper.parser | Product 8 parsed: Casely iPhone 17 Pro Case | Sunday Best | Blue Stripes | Com
2026-07-27 05:00:23 | DEBUG    | scraper.parser | Product 9 parsed: Speck Clear iPhone 17e & iPhone 15 Case - Slim, Drop Protect
2026-07-27 05:00:23 | DEBUG    | scraper.parser | Product 10 parsed: DEERLAMN Strong Magnetic Case for iPhone 13/iPhone 14 6.1-In
2026-07-27 05:00:24 | DEBUG    | scraper.parser | Product 11 parsed: Rectangle Case for iPhone 16, Ocean Blue | Summer Sea Surfac
2026-07-27 05:00:24 | DEBUG    | scraper.parser | Product 12 parsed: ONETOP for Magsafe for iPhone 17 Pro Wallet Case with 5 Card
2026-07-27 05:00:24 | DEBUG    | scraper.parser | Product 13 parsed: MOCCA Strong Magnetic for iPhone 13 Case, [Compatible with M
2026-07-27 05:00:24 | DEBUG    | scraper.parser | Product 14 parsed: GVIEWIN for iPhone 16 Pro Case Compatible with MagSafe Cute 
2026-07-27 05:00:25 | DEBUG    | scraper.parser | Product 15 parsed: ESR for iPhone 15 Pro Case, MagSafe Silicone Case with Stand
2026-07-27 05:00:25 | DEBUG    | scraper.parser | Product 16 parsed: FNTCASE for iPhone 14 Pro Max Case Purple: Compatible with M
2026-07-27 05:00:25 | DEBUG    | scraper.parser | Product 17 parsed: OtterBox iPhone 16 Pro Defender Series XT Clear Case - Flora
2026-07-27 05:00:26 | DEBUG    | scraper.parser | Product 18 parsed: BENTOBEN Magnetic for iPhone 16 Pro Max Case,(Compatible wit
2026-07-27 05:00:26 | DEBUG    | scraper.parser | Product 19 parsed: ESR for iPhone 16 Pro Case, for MagSafe, Rugged, Black | 7X 
2026-07-27 05:00:26 | DEBUG    | scraper.parser | Product 20 parsed: TORRAS for iPhone 16 Case, Magnetic Shockproof 18N Mighty Ma
2026-07-27 05:00:26 | DEBUG    | scraper.parser | Product 21 parsed: SOKAD Magnetic Sage Floral Phone Case for iPhone 16, Beige F
2026-07-27 05:00:27 | DEBUG    | scraper.parser | Product 22 parsed: for Apple iPhone 17 Case Military Grade Drop Shock Protectio
2026-07-27 05:00:27 | INFO     | scraper.search | Page 15: Extracted 22 products (total: 306)
2026-07-27 05:00:27 | DEBUG    | utils.resume | Progress saved: keyword='iPhone cases', last_completed_page=15
2026-07-27 05:00:27 | INFO     | scraper.search | ━━━ Scraping page 16 of 30 ━━━
2026-07-27 05:00:27 | INFO     | scraper.search | Navigating to page 16: https://www.amazon.com/s?k=iPhone cases&page=16
2026-07-27 05:00:32 | DEBUG    | scraper.search | Page 16 loaded successfully.
2026-07-27 05:00:32 | INFO     | scraper.parser | Found 22 product cards on the page.
2026-07-27 05:00:32 | DEBUG    | scraper.parser | Product 1 parsed: Aurorastar for iPhone 12/12 Pro Cute Light Pink Striped Soft
2026-07-27 05:00:32 | DEBUG    | scraper.parser | Product 2 parsed: Reukdnv Magnetic for iPhone 16 Pro Case with 360° Spin Stand
2026-07-27 05:00:33 | DEBUG    | scraper.parser | Product 3 parsed: BENTOBEN Magnetic for iPhone 17 Pro Max Case, Cute Wavy [Ful
2026-07-27 05:00:33 | DEBUG    | scraper.parser | Product 4 parsed: Huahuacase Compatible with for iPhone 16 Case, Tortoise Shel
2026-07-27 05:00:33 | DEBUG    | scraper.parser | Product 5 parsed: TORRAS Shockproof iPhone SE 2020 Case & iPhone 8 Case [Milit
2026-07-27 05:00:34 | DEBUG    | scraper.parser | Product 6 parsed: Designed Magnetic Series for iPhone 16 Pro Max Case,Orange |
2026-07-27 05:00:34 | DEBUG    | scraper.parser | Product 7 parsed: MOSNOVO for iPhone 13/14 Case | Military Grade 6.6ft Drop Te
2026-07-27 05:00:34 | DEBUG    | scraper.parser | Product 8 parsed: SkyEagle Compatible with Magsafe 2 in 1 Detachable iPhone 17
2026-07-27 05:00:34 | DEBUG    | scraper.parser | Product 9 parsed: OtterBox iPhone 16 Plus Figura Series Case - EOS Pink - Hydr
2026-07-27 05:00:35 | DEBUG    | scraper.parser | Product 10 parsed: Sonix Case for iPhone 16 Pro | Compatible with MagSafe | 10f
2026-07-27 05:00:35 | DEBUG    | scraper.parser | Product 11 parsed: Nvollnoe for iPhone 17e Case/iPhone 16e Case with Slide Came
2026-07-27 05:00:35 | DEBUG    | scraper.parser | Product 12 parsed: Rectangle Case for iPhone 16, Ocean Blue | Summer Sea Surfac
2026-07-27 05:00:36 | DEBUG    | scraper.parser | Product 13 parsed: XYZ for iPhone 15 Case, Glitter Bling Phone Cover with 2-Rin
2026-07-27 05:00:36 | DEBUG    | scraper.parser | Product 14 parsed: LSEEKA for iPhone 15 / iPhone 14/ iPhone 13 Clear Case with 
2026-07-27 05:00:36 | DEBUG    | scraper.parser | Product 15 parsed: CASETiFY for iPhone 16 Pro Max Case - Compact Compatible wit
2026-07-27 05:00:36 | DEBUG    | scraper.parser | Product 16 parsed: TORRAS Q3 Spin for iPhone 17 Pro Max Case with 360 Magnetic 
2026-07-27 05:00:37 | DEBUG    | scraper.parser | Product 17 parsed: Lifedance Designed for iPhone 14/13 Case, Full-Body Rugged P
2026-07-27 05:00:37 | DEBUG    | scraper.parser | Product 18 parsed: BURGA Unisex Phone Case for iPhone 15 Pro – Dual-Layer Hybri
2026-07-27 05:00:37 | DEBUG    | scraper.parser | Product 19 parsed: Magnetic for iPhone 14/iPhone 13 Case with Card Holder, Deta
2026-07-27 05:00:37 | DEBUG    | scraper.parser | Product 20 parsed: Speck Presidio Clear/Chrome iPhone 16 Pro Max MagSafe Case
2026-07-27 05:00:38 | DEBUG    | scraper.parser | Product 21 parsed: SOKAD Magnetic Sage Floral Phone Case for iPhone 16, Beige F
2026-07-27 05:00:38 | DEBUG    | scraper.parser | Product 22 parsed: GolbinBox for iPhone 17 Pro Case for Women,[Compatible with 
2026-07-27 05:00:38 | INFO     | scraper.search | Page 16: Extracted 22 products (total: 328)
2026-07-27 05:00:38 | DEBUG    | utils.resume | Progress saved: keyword='iPhone cases', last_completed_page=16
2026-07-27 05:00:38 | INFO     | scraper.search | ━━━ Scraping page 17 of 30 ━━━
2026-07-27 05:00:38 | INFO     | scraper.search | Navigating to page 17: https://www.amazon.com/s?k=iPhone cases&page=17
2026-07-27 05:00:42 | DEBUG    | scraper.search | Page 17 loaded successfully.
2026-07-27 05:00:42 | INFO     | scraper.parser | Found 22 product cards on the page.
2026-07-27 05:00:43 | DEBUG    | scraper.parser | Product 1 parsed: Aurorastar for iPhone 12/12 Pro Cute Light Pink Striped Soft
2026-07-27 05:00:43 | DEBUG    | scraper.parser | Product 2 parsed: Reukdnv Magnetic for iPhone 16 Pro Case with 360° Spin Stand
2026-07-27 05:00:43 | DEBUG    | scraper.parser | Product 3 parsed: Smartish iPhone 16 Pro MagSafe Case, Gripmunk, Slim Grip Cas
2026-07-27 05:00:43 | DEBUG    | scraper.parser | Product 4 parsed: TORRAS for iPhone 16 Pro Case with Magsafe, Durable Titanium
2026-07-27 05:00:44 | DEBUG    | scraper.parser | Product 5 parsed: TORRAS Q3 Silicone for iPhone 17 Pro Case with Magnetic 360 
2026-07-27 05:00:44 | DEBUG    | scraper.parser | Product 6 parsed: OtterBox iPhone 14 Pro Max (ONLY) Commuter Series Case - Don
2026-07-27 05:00:44 | DEBUG    | scraper.parser | Product 7 parsed: ORNARTO Designed for iPhone 13 Case, Shockproof Liquid Silic
2026-07-27 05:00:44 | DEBUG    | scraper.parser | Product 8 parsed: OtterBox iPhone 16 Pro React Series Case - Stardust - Ultra-
2026-07-27 05:00:45 | DEBUG    | scraper.parser | Product 9 parsed: TORRAS Magnetic Slim Fit for iPhone Air Case 6.5 inch, Ultra
2026-07-27 05:00:45 | DEBUG    | scraper.parser | Product 10 parsed: TORRAS for iPhone 17 Pro Case, Beyond Military-Grade Protect
2026-07-27 05:00:45 | DEBUG    | scraper.parser | Product 11 parsed: Nvollnoe for iPhone 17e Case/iPhone 16e Case with Slide Came
2026-07-27 05:00:46 | DEBUG    | scraper.parser | Product 12 parsed: Rectangle Case for iPhone 16, Ocean Blue | Summer Sea Surfac
2026-07-27 05:00:46 | DEBUG    | scraper.parser | Product 13 parsed: Magnetic for iPhone 17 Case with Stand, Compatible with MagS
2026-07-27 05:00:46 | DEBUG    | scraper.parser | Product 14 parsed: HOOMIL Case for iPhone 15 Pro Max, Anti-Yellowing, Clear | S
2026-07-27 05:00:46 | DEBUG    | scraper.parser | Product 15 parsed: Diverbox for iPhone 16 Case [Shockproof] [Dropproof] [Temper
2026-07-27 05:00:47 | DEBUG    | scraper.parser | Product 16 parsed: Nvollnoe for iPhone 16 Pro Max Case Compatible with MagSafe 
2026-07-27 05:00:47 | DEBUG    | scraper.parser | Product 17 parsed: OtterBox Commuter Series Case for iPhone 12 Pro Max - Bespok
2026-07-27 05:00:47 | DEBUG    | scraper.parser | Product 18 parsed: JETech Case for iPhone 14 Pro, Anti-Yellowing, Clear | Shock
2026-07-27 05:00:48 | DEBUG    | scraper.parser | Product 19 parsed: Apple iPhone 15 Plus Silicone Case with MagSafe - Black
2026-07-27 05:00:48 | DEBUG    | scraper.parser | Product 20 parsed: ORNARTO for iPhone 17 Pro Case Clear, Fit for MagSafe, Pink 
2026-07-27 05:00:48 | DEBUG    | scraper.parser | Product 21 parsed: SOKAD Magnetic Sage Floral Phone Case for iPhone 16, Beige F
2026-07-27 05:00:48 | DEBUG    | scraper.parser | Product 22 parsed: FABSPARK for iPhone 16 Pro Case, Soft Wave Design Wavy Frame
2026-07-27 05:00:48 | INFO     | scraper.search | Page 17: Extracted 22 products (total: 350)
2026-07-27 05:00:48 | DEBUG    | utils.resume | Progress saved: keyword='iPhone cases', last_completed_page=17
2026-07-27 05:00:48 | INFO     | scraper.search | ━━━ Scraping page 18 of 30 ━━━
2026-07-27 05:00:48 | INFO     | scraper.search | Navigating to page 18: https://www.amazon.com/s?k=iPhone cases&page=18
2026-07-27 05:00:54 | DEBUG    | scraper.search | Page 18 loaded successfully.
2026-07-27 05:00:54 | INFO     | scraper.parser | Found 22 product cards on the page.
2026-07-27 05:00:54 | DEBUG    | scraper.parser | Product 1 parsed: Aurorastar for iPhone 12/12 Pro Cute Light Pink Striped Soft
2026-07-27 05:00:54 | DEBUG    | scraper.parser | Product 2 parsed: Reukdnv Magnetic for iPhone 16 Pro Case with 360° Spin Stand
2026-07-27 05:00:55 | DEBUG    | scraper.parser | Product 3 parsed: LEKEVO Magnetic for iPhone 17 Pro Case [Compatible with MagS
2026-07-27 05:00:55 | DEBUG    | scraper.parser | Product 4 parsed: Vihibii for iPhone 15 Pro Max Case with Card Holder (4 Cards
2026-07-27 05:00:55 | DEBUG    | scraper.parser | Product 5 parsed: Aesthetic Polka Dot Retro Phone Case for iPhone 16 6.1",Vint
2026-07-27 05:00:55 | DEBUG    | scraper.parser | Product 6 parsed: GolbinBox for iPhone 15 Pro Max Case with Invisible Stand Bl
2026-07-27 05:00:56 | DEBUG    | scraper.parser | Product 7 parsed: OtterBox iPhone 12 & iPhone 12 Pro Symmetry Series Series Ca
2026-07-27 05:00:56 | DEBUG    | scraper.parser | Product 8 parsed: DEERLAMN Case for iPhone 13/iPhone 14 6.1-Inch with Slide Ca
2026-07-27 05:00:56 | DEBUG    | scraper.parser | Product 9 parsed: SOiOS for iPhone 13/14/15 Phone Case with Built-in Screen Pr
2026-07-27 05:00:57 | DEBUG    | scraper.parser | Product 10 parsed: XIZYO for iPhone 16 Pro Case Cute Floral, Wine Red | Girly W
2026-07-27 05:00:57 | DEBUG    | scraper.parser | Product 11 parsed: Nvollnoe for iPhone 17e Case/iPhone 16e Case with Slide Came
2026-07-27 05:00:57 | DEBUG    | scraper.parser | Product 12 parsed: Rectangle Case for iPhone 16, Ocean Blue | Summer Sea Surfac
2026-07-27 05:00:57 | DEBUG    | scraper.parser | Product 13 parsed: Misscase for iPhone 15 Pro Max Magnetic Glitter Case Compati
2026-07-27 05:00:58 | DEBUG    | scraper.parser | Product 14 parsed: OtterBox iPhone 14 & iPhone 13 (Only) - Commuter Series Case
2026-07-27 05:00:58 | DEBUG    | scraper.parser | Product 15 parsed: OtterBox iPhone 15 Pro Max Symmetry Series Cactus Leather fo
2026-07-27 05:00:58 | DEBUG    | scraper.parser | Product 16 parsed: Magnetic for iPhone 14 Case & iPhone 13 Case with Stand Clea
2026-07-27 05:00:58 | DEBUG    | scraper.parser | Product 17 parsed: ESR for iPhone 14/iPhone 13 Case, Military-Grade Protection 
2026-07-27 05:00:59 | DEBUG    | scraper.parser | Product 18 parsed: CellEver Heavy-Duty Silicone Case for iPhone 14 [Camera Prot
2026-07-27 05:00:59 | DEBUG    | scraper.parser | Product 19 parsed: JETech Case for iPhone 17e/16e, Anti-Yellowing, Clear | Shoc
2026-07-27 05:00:59 | DEBUG    | scraper.parser | Product 20 parsed: Magnetic for iPhone 17 Case with Invisible Stand[Compatible 
2026-07-27 05:00:59 | DEBUG    | scraper.parser | Product 21 parsed: SOKAD Magnetic Sage Floral Phone Case for iPhone 16, Beige F
2026-07-27 05:01:00 | DEBUG    | scraper.parser | Product 22 parsed: Compatible with iPhone 14 Pro Max Case, with Aesthetics Stri
2026-07-27 05:01:00 | INFO     | scraper.search | Page 18: Extracted 22 products (total: 372)
2026-07-27 05:01:00 | DEBUG    | utils.resume | Progress saved: keyword='iPhone cases', last_completed_page=18
2026-07-27 05:01:00 | INFO     | scraper.search | ━━━ Scraping page 19 of 30 ━━━
2026-07-27 05:01:00 | INFO     | scraper.search | Navigating to page 19: https://www.amazon.com/s?k=iPhone cases&page=19
2026-07-27 05:01:04 | DEBUG    | scraper.search | Page 19 loaded successfully.
2026-07-27 05:01:04 | INFO     | scraper.parser | Found 22 product cards on the page.
2026-07-27 05:01:04 | DEBUG    | scraper.parser | Product 1 parsed: Aurorastar for iPhone 17 Pro Cute Light Pink Striped Soft Ph
2026-07-27 05:01:04 | DEBUG    | scraper.parser | Product 2 parsed: Nvollnoe for iPhone 17e Case/iPhone 16e Case with Slide Came
2026-07-27 05:01:05 | DEBUG    | scraper.parser | Product 3 parsed: CENHUFO Privacy for iPhone 14 Case/iPhone 13 Case, Full Body
2026-07-27 05:01:05 | DEBUG    | scraper.parser | Product 4 parsed: ZTOFERA for iPhone 15 Case Fit for MagSafe - Big White Flowe
2026-07-27 05:01:05 | DEBUG    | scraper.parser | Product 5 parsed: ZAGG Santa Cruz Snap iPhone 15/14/13 Case - MagSafe Phone Ca
2026-07-27 05:01:06 | DEBUG    | scraper.parser | Product 6 parsed: for iPhone 14/iPhone 13 Phone Case Built in Slide Camera Len
2026-07-27 05:01:06 | DEBUG    | scraper.parser | Product 7 parsed: Designed for iPhone 15 Pro Max Case Clear, [Crystal Clear][A
2026-07-27 05:01:06 | DEBUG    | scraper.parser | Product 8 parsed: FNTCASE for iPhone 17e Case, iPhone 16e Phone Cover, 360 Mag
2026-07-27 05:01:06 | DEBUG    | scraper.parser | Product 9 parsed: vnnink for iPhone 15 Case,iPhone 14/iPhone 13 Case, Magnetic
2026-07-27 05:01:07 | DEBUG    | scraper.parser | Product 10 parsed: FNTCASE for iPhone 15/14/13 Case, Built-in Screen Protector,
2026-07-27 05:01:07 | DEBUG    | scraper.parser | Product 11 parsed: Rectangle Case for iPhone 16, Ocean Blue | Summer Sea Surfac
2026-07-27 05:01:07 | DEBUG    | scraper.parser | Product 12 parsed: Compatible with iPhone 16E Case 6.1'' with 360 Spin Magnetic
2026-07-27 05:01:07 | DEBUG    | scraper.parser | Product 13 parsed: OtterBox iPhone 11 Defender Series Case - Black, Rugged & Du
2026-07-27 05:01:07 | DEBUG    | scraper.parser | Product 14 parsed: TORRAS Strong Magnetic & Seamless Stand for iPhone 15 Case B
2026-07-27 05:01:08 | DEBUG    | scraper.parser | Product 15 parsed: Magnetic Striped Phone Case for iPhone 13/14, Blue and White
2026-07-27 05:01:08 | DEBUG    | scraper.parser | Product 16 parsed: JETech Silicone Case for iPhone 15 Pro, Black | Silky Soft T
2026-07-27 05:01:08 | DEBUG    | scraper.parser | Product 17 parsed: SUPFINE Magnetic for iPhone 16 Case with Camera Control Butt
2026-07-27 05:01:09 | DEBUG    | scraper.parser | Product 18 parsed: AIGOMARA Magnetic Case for iPhone 16 Pro, Black Leopard Patt
2026-07-27 05:01:09 | DEBUG    | scraper.parser | Product 19 parsed: OtterBox Defender Series Case for iPhone 12 & iPhone 12 Pro 
2026-07-27 05:01:09 | DEBUG    | scraper.parser | Product 20 parsed: Compatible with iPhone 15 Case, Fashion Cute Polka Dot Patte
2026-07-27 05:01:09 | DEBUG    | scraper.parser | Product 21 parsed: SOKAD Magnetic Sage Floral Phone Case for iPhone 16, Beige F
2026-07-27 05:01:10 | DEBUG    | scraper.parser | Product 22 parsed: Reukdnv Magnetic for iPhone 16 Pro Case with 360° Spin Stand
2026-07-27 05:01:10 | INFO     | scraper.search | Page 19: Extracted 22 products (total: 394)
2026-07-27 05:01:10 | DEBUG    | utils.resume | Progress saved: keyword='iPhone cases', last_completed_page=19
2026-07-27 05:01:10 | INFO     | scraper.search | ━━━ Scraping page 20 of 30 ━━━
2026-07-27 05:01:10 | INFO     | scraper.search | Navigating to page 20: https://www.amazon.com/s?k=iPhone cases&page=20
2026-07-27 05:01:14 | DEBUG    | scraper.search | Page 20 loaded successfully.
2026-07-27 05:01:14 | INFO     | scraper.parser | Found 8 product cards on the page.
2026-07-27 05:01:14 | DEBUG    | scraper.parser | Product 1 parsed: Aurorastar for iPhone 17 Pro Cute Light Pink Striped Soft Ph
2026-07-27 05:01:14 | DEBUG    | scraper.parser | Product 2 parsed: GVIEWIN for iPhone 17 Pro Case, Screen Protector+Full Camera
2026-07-27 05:01:14 | DEBUG    | scraper.parser | Product 3 parsed: OtterBox iPhone 15 (Only) FRĒ Series Waterproof Case with Ma
2026-07-27 05:01:15 | DEBUG    | scraper.parser | Product 4 parsed: kate spade new york iPhone 17 Case - Tortoise | Compatible w
2026-07-27 05:01:15 | DEBUG    | scraper.parser | Product 5 parsed: Nvollnoe for iPhone 17e Case/iPhone 16e Case with Slide Came
2026-07-27 05:01:15 | DEBUG    | scraper.parser | Product 6 parsed: Compatible with iPhone 14 Pro Case, with Aesthetics Striped 
2026-07-27 05:01:15 | DEBUG    | scraper.parser | Product 7 parsed: IYH for iPhone 13/14 Case, Rotatable Magnetic Shockproof(Pin
2026-07-27 05:01:16 | DEBUG    | scraper.parser | Product 8 parsed: SOKAD Magnetic Sage Floral Phone Case for iPhone 16, Beige F
2026-07-27 05:01:16 | INFO     | scraper.search | Page 20: Extracted 8 products (total: 402)
2026-07-27 05:01:16 | DEBUG    | utils.resume | Progress saved: keyword='iPhone cases', last_completed_page=20
2026-07-27 05:01:16 | INFO     | scraper.search | ━━━ Scraping page 21 of 30 ━━━
2026-07-27 05:01:16 | INFO     | scraper.search | Navigating to page 21: https://www.amazon.com/s?k=iPhone cases&page=21
2026-07-27 05:01:20 | DEBUG    | scraper.search | Page 21 loaded successfully.
2026-07-27 05:01:20 | INFO     | scraper.parser | Found 6 product cards on the page.
2026-07-27 05:01:20 | DEBUG    | scraper.parser | Product 1 parsed: Aurorastar for iPhone 17 Pro Cute Light Pink Striped Soft Ph
2026-07-27 05:01:20 | DEBUG    | scraper.parser | Product 2 parsed: SOKAD Magnetic Sage Floral Phone Case for iPhone 16, Beige F
2026-07-27 05:01:21 | DEBUG    | scraper.parser | Product 3 parsed: Nvollnoe for iPhone 17e Case/iPhone 16e Case with Slide Came
2026-07-27 05:01:21 | DEBUG    | scraper.parser | Product 4 parsed: Compatible with iPhone 14 Pro Case, with Aesthetics Striped 
2026-07-27 05:01:21 | DEBUG    | scraper.parser | Product 5 parsed: KANGHAR Case for iPhone 16 Phone Case Leopard Printed Patter
2026-07-27 05:01:21 | DEBUG    | scraper.parser | Product 6 parsed: Bonoma Glitter Case for iPhone 16,Cute 3D Pink Butterfly Pat
2026-07-27 05:01:21 | INFO     | scraper.search | Page 21: Extracted 6 products (total: 408)
2026-07-27 05:01:21 | DEBUG    | utils.resume | Progress saved: keyword='iPhone cases', last_completed_page=21
2026-07-27 05:01:21 | INFO     | scraper.search | ━━━ Scraping page 22 of 30 ━━━
2026-07-27 05:01:21 | INFO     | scraper.search | Navigating to page 22: https://www.amazon.com/s?k=iPhone cases&page=22
2026-07-27 05:01:26 | DEBUG    | scraper.search | Page 22 loaded successfully.
2026-07-27 05:01:26 | INFO     | scraper.parser | Found 6 product cards on the page.
2026-07-27 05:01:26 | DEBUG    | scraper.parser | Product 1 parsed: Miracase for iPhone 17 Pro Privacy Series Case, Magsafe, Dee
2026-07-27 05:01:26 | DEBUG    | scraper.parser | Product 2 parsed: Magnetic for iPhone 13 Case/iPhone 14 Case with Screen Prote
2026-07-27 05:01:27 | DEBUG    | scraper.parser | Product 3 parsed: Bonoma Glitter Case for iPhone 16,Cute 3D Pink Butterfly Pat
2026-07-27 05:01:27 | DEBUG    | scraper.parser | Product 4 parsed: KANGHAR for iPhone Air Case Flowers Floral Pattern Clear | C
2026-07-27 05:01:27 | DEBUG    | scraper.parser | Product 5 parsed: BITOBE Floral Case for iPhone 15 Pro Max [Compatible with Ma
2026-07-27 05:01:28 | DEBUG    | scraper.parser | Product 6 parsed: Aurorastar for iPhone 12/12 Pro Cute Light Pink Striped Soft
2026-07-27 05:01:28 | INFO     | scraper.search | Page 22: Extracted 6 products (total: 414)
2026-07-27 05:01:28 | DEBUG    | utils.resume | Progress saved: keyword='iPhone cases', last_completed_page=22
2026-07-27 05:01:28 | INFO     | scraper.search | ━━━ Scraping page 23 of 30 ━━━
2026-07-27 05:01:28 | INFO     | scraper.search | Navigating to page 23: https://www.amazon.com/s?k=iPhone cases&page=23
2026-07-27 05:01:32 | DEBUG    | scraper.search | Page 23 loaded successfully.
2026-07-27 05:01:32 | INFO     | scraper.parser | Found 6 product cards on the page.
2026-07-27 05:01:33 | DEBUG    | scraper.parser | Product 1 parsed: Case for iPhone 14, Plum Blossom Flower Drop Protection Shoc
2026-07-27 05:01:33 | DEBUG    | scraper.parser | Product 2 parsed: GVIEWIN for iPhone 17 Pro Case, Screen Protector+Full Camera
2026-07-27 05:01:33 | DEBUG    | scraper.parser | Product 3 parsed: BITOBE Floral Case for iPhone 15 Pro Max [Compatible with Ma
2026-07-27 05:01:34 | DEBUG    | scraper.parser | Product 4 parsed: Bonoma Glitter Case for iPhone 16,Cute 3D Pink Butterfly Pat
2026-07-27 05:01:34 | DEBUG    | scraper.parser | Product 5 parsed: BLACKBROOK Wallet Case for iPhone 17 Pro – Burkley 2-in-1 De
2026-07-27 05:01:34 | DEBUG    | scraper.parser | Product 6 parsed: TORRAS for iPhone 16 Pro Case with Magsafe, Durable Titanium
2026-07-27 05:01:34 | INFO     | scraper.search | Page 23: Extracted 6 products (total: 420)
2026-07-27 05:01:34 | DEBUG    | utils.resume | Progress saved: keyword='iPhone cases', last_completed_page=23
2026-07-27 05:01:34 | INFO     | scraper.search | ━━━ Scraping page 24 of 30 ━━━
2026-07-27 05:01:34 | INFO     | scraper.search | Navigating to page 24: https://www.amazon.com/s?k=iPhone cases&page=24
2026-07-27 05:01:39 | DEBUG    | scraper.search | Page 24 loaded successfully.
2026-07-27 05:01:39 | INFO     | scraper.parser | Found 6 product cards on the page.
2026-07-27 05:01:40 | DEBUG    | scraper.parser | Product 1 parsed: Magnetic for iPhone 13 Case/iPhone 14 Case with Screen Prote
2026-07-27 05:01:40 | DEBUG    | scraper.parser | Product 2 parsed: GVIEWIN for iPhone 17 Pro Case, Screen Protector+Full Camera
2026-07-27 05:01:40 | DEBUG    | scraper.parser | Product 3 parsed: BITOBE Floral Case for iPhone 15 Pro Max [Compatible with Ma
2026-07-27 05:01:40 | DEBUG    | scraper.parser | Product 4 parsed: Bonoma Glitter Case for iPhone 16,Cute 3D Pink Butterfly Pat
2026-07-27 05:01:41 | DEBUG    | scraper.parser | Product 5 parsed: Aurorastar for iPhone 12/12 Pro Cute Light Pink Striped Soft
2026-07-27 05:01:41 | DEBUG    | scraper.parser | Product 6 parsed: AIGOMARA Magnetic Case Made for iPhone 17, Cute Black Flower
2026-07-27 05:01:41 | INFO     | scraper.search | Page 24: Extracted 6 products (total: 426)
2026-07-27 05:01:41 | DEBUG    | utils.resume | Progress saved: keyword='iPhone cases', last_completed_page=24
2026-07-27 05:01:41 | INFO     | scraper.search | ━━━ Scraping page 25 of 30 ━━━
2026-07-27 05:01:41 | INFO     | scraper.search | Navigating to page 25: https://www.amazon.com/s?k=iPhone cases&page=25
2026-07-27 05:01:45 | DEBUG    | scraper.search | Page 25 loaded successfully.
2026-07-27 05:01:45 | INFO     | scraper.parser | Found 6 product cards on the page.
2026-07-27 05:01:45 | DEBUG    | scraper.parser | Product 1 parsed: SOKAD Magnetic Sage Floral Phone Case for iPhone 16, Beige F
2026-07-27 05:01:45 | DEBUG    | scraper.parser | Product 2 parsed: Aurorastar for iPhone 12/12 Pro Cute Light Pink Striped Soft
2026-07-27 05:01:46 | DEBUG    | scraper.parser | Product 3 parsed: Bonoma Glitter Case for iPhone 16,Cute 3D Pink Butterfly Pat
2026-07-27 05:01:46 | DEBUG    | scraper.parser | Product 4 parsed: BITOBE Floral Case for iPhone 15 Pro Max [Compatible with Ma
2026-07-27 05:01:46 | DEBUG    | scraper.parser | Product 5 parsed: BLACKBROOK Wallet Case for iPhone 17 Pro – Burkley 2-in-1 De
2026-07-27 05:01:46 | DEBUG    | scraper.parser | Product 6 parsed: TORRAS for iPhone 16 Pro Case with Magsafe, Durable Titanium
2026-07-27 05:01:46 | INFO     | scraper.search | Page 25: Extracted 6 products (total: 432)
2026-07-27 05:01:46 | DEBUG    | utils.resume | Progress saved: keyword='iPhone cases', last_completed_page=25
2026-07-27 05:01:46 | INFO     | scraper.search | ━━━ Scraping page 26 of 30 ━━━
2026-07-27 05:01:46 | INFO     | scraper.search | Navigating to page 26: https://www.amazon.com/s?k=iPhone cases&page=26
2026-07-27 05:02:04 | WARNING  | utils.retry | Attempt 1/3 failed for 'navigate_to_page': Message: 
Stacktrace:
	chromedriver!GetHandleVerifier [0x7ff797710d25+155a5]
	chromedriver!GetHandleVerifier [0x7ff797710d80+15600]
	chromedriver!(No symbol) [0x7ff79726594d]
	chromedriver!(No symbol) [0x7ff7972c08e9]
	chromedriver!(No symbol) [0x7ff7972c0bec]
	chromedriver!(No symbol) [0x7ff797311437]
	chromedriver!(No symbol) [0x7ff79730e01b]
	chromedriver!(No symbol) [0x7ff7972b2e6c]
	chromedriver!(No symbol) [0x7ff7972b3d93]
	chromedriver!GetHandleVerifier [0x7ff797cf6431+5facb1]
	chromedriver!GetHandleVerifier [0x7ff797cf0a9b+5f531b]
	chromedriver!GetHandleVerifier [0x7ff797d15865+61a0e5]
	chromedriver!GetHandleVerifier [0x7ff79772dace+3234e]
	chromedriver!GetHandleVerifier [0x7ff79773661c+3ae9c]
	chromedriver!GetHandleVerifier [0x7ff79771ab74+1f3f4]
	chromedriver!GetHandleVerifier [0x7ff79771ad04+1f584]
	chromedriver!GetHandleVerifier [0x7ff7976fd9d7+2257]
	KERNEL32!BaseThreadInitThunk [0x7ffb3b9f7374+14]
	ntdll!RtlUserThreadStart [0x7ffb3bd1cc91+21]
. Retrying in 2.0 seconds...
2026-07-27 05:02:06 | INFO     | scraper.search | Navigating to page 26: https://www.amazon.com/s?k=iPhone cases&page=26
2026-07-27 05:02:10 | DEBUG    | scraper.search | Page 26 loaded successfully.
2026-07-27 05:02:10 | INFO     | scraper.parser | Found 6 product cards on the page.
2026-07-27 05:02:11 | DEBUG    | scraper.parser | Product 1 parsed: Magnetic for iPhone 13 Case/iPhone 14 Case with Screen Prote
2026-07-27 05:02:11 | DEBUG    | scraper.parser | Product 2 parsed: SOKAD Magnetic Floral Phone Case for iPhone 17, Blue Small F
2026-07-27 05:02:11 | DEBUG    | scraper.parser | Product 3 parsed: BITOBE Floral Case for iPhone 15 Pro Max [Compatible with Ma
2026-07-27 05:02:11 | DEBUG    | scraper.parser | Product 4 parsed: Bonoma Glitter Case for iPhone 16,Cute 3D Pink Butterfly Pat
2026-07-27 05:02:12 | DEBUG    | scraper.parser | Product 5 parsed: BLACKBROOK Wallet Case for iPhone 17 Pro – Burkley 2-in-1 De
2026-07-27 05:02:12 | DEBUG    | scraper.parser | Product 6 parsed: TORRAS for iPhone 16 Pro Case with Magsafe, Durable Titanium
2026-07-27 05:02:12 | INFO     | scraper.search | Page 26: Extracted 6 products (total: 438)
2026-07-27 05:02:12 | DEBUG    | utils.resume | Progress saved: keyword='iPhone cases', last_completed_page=26
2026-07-27 05:02:12 | INFO     | scraper.search | ━━━ Scraping page 27 of 30 ━━━
2026-07-27 05:02:12 | INFO     | scraper.search | Navigating to page 27: https://www.amazon.com/s?k=iPhone cases&page=27
2026-07-27 05:02:16 | DEBUG    | scraper.search | Page 27 loaded successfully.
2026-07-27 05:02:16 | INFO     | scraper.parser | Found 6 product cards on the page.
2026-07-27 05:02:16 | DEBUG    | scraper.parser | Product 1 parsed: Magnetic for iPhone 13 Case/iPhone 14 Case with Screen Prote
2026-07-27 05:02:17 | DEBUG    | scraper.parser | Product 2 parsed: SOKAD Magnetic Floral Phone Case for iPhone 17, Blue Small F
2026-07-27 05:02:17 | DEBUG    | scraper.parser | Product 3 parsed: Aurorastar for iPhone 12/12 Pro Cute Light Pink Striped Soft
2026-07-27 05:02:17 | DEBUG    | scraper.parser | Product 4 parsed: BITOBE Floral Case for iPhone 15 Pro Max [Compatible with Ma
2026-07-27 05:02:18 | DEBUG    | scraper.parser | Product 5 parsed: Compatible with iPhone 13/14 Case,Glossy Case All-Round Prot
2026-07-27 05:02:18 | DEBUG    | scraper.parser | Product 6 parsed: Bonoma Glitter Case for iPhone 16,Cute 3D Pink Butterfly Pat
2026-07-27 05:02:18 | INFO     | scraper.search | Page 27: Extracted 6 products (total: 444)
2026-07-27 05:02:18 | DEBUG    | utils.resume | Progress saved: keyword='iPhone cases', last_completed_page=27
2026-07-27 05:02:18 | INFO     | scraper.search | ━━━ Scraping page 28 of 30 ━━━
2026-07-27 05:02:18 | INFO     | scraper.search | Navigating to page 28: https://www.amazon.com/s?k=iPhone cases&page=28
2026-07-27 05:02:23 | DEBUG    | scraper.search | Page 28 loaded successfully.
2026-07-27 05:02:23 | INFO     | scraper.parser | Found 6 product cards on the page.
2026-07-27 05:02:23 | DEBUG    | scraper.parser | Product 1 parsed: Miracase for iPhone 17 Pro Privacy Series Case, Magsafe, Dee
2026-07-27 05:02:23 | DEBUG    | scraper.parser | Product 2 parsed: Magnetic for iPhone 13 Case/iPhone 14 Case with Screen Prote
2026-07-27 05:02:24 | DEBUG    | scraper.parser | Product 3 parsed: BITOBE Floral Case for iPhone 15 Pro Max [Compatible with Ma
2026-07-27 05:02:24 | DEBUG    | scraper.parser | Product 4 parsed: Bonoma Glitter Case for iPhone 16,Cute 3D Pink Butterfly Pat
2026-07-27 05:02:24 | DEBUG    | scraper.parser | Product 5 parsed: Aurorastar for iPhone 12/12 Pro Cute Light Pink Striped Soft
2026-07-27 05:02:24 | DEBUG    | scraper.parser | Product 6 parsed: FNTCASE for iPhone 17-Pro Case Light Blue: Translucent Fit f
2026-07-27 05:02:24 | INFO     | scraper.search | Page 28: Extracted 6 products (total: 450)
2026-07-27 05:02:24 | DEBUG    | utils.resume | Progress saved: keyword='iPhone cases', last_completed_page=28
2026-07-27 05:02:24 | INFO     | scraper.search | ━━━ Scraping page 29 of 30 ━━━
2026-07-27 05:02:24 | INFO     | scraper.search | Navigating to page 29: https://www.amazon.com/s?k=iPhone cases&page=29
2026-07-27 05:02:30 | DEBUG    | scraper.search | Page 29 loaded successfully.
2026-07-27 05:02:30 | INFO     | scraper.parser | Found 6 product cards on the page.
2026-07-27 05:02:30 | DEBUG    | scraper.parser | Product 1 parsed: Miracase for iPhone 17 Pro Privacy Series Case, Magsafe, Dee
2026-07-27 05:02:30 | DEBUG    | scraper.parser | Product 2 parsed: Magnetic for iPhone 13 Case/iPhone 14 Case with Screen Prote
2026-07-27 05:02:31 | DEBUG    | scraper.parser | Product 3 parsed: Bonoma Glitter Case for iPhone 16,Cute 3D Pink Butterfly Pat
2026-07-27 05:02:31 | DEBUG    | scraper.parser | Product 4 parsed: Defender for iPhone 14 Case with Belt Clip Holster, Compatib
2026-07-27 05:02:31 | DEBUG    | scraper.parser | Product 5 parsed: FNTCASE for iPhone 17-Pro Case Light Blue: Translucent Fit f
2026-07-27 05:02:31 | DEBUG    | scraper.parser | Product 6 parsed: BITOBE Floral Case for iPhone 15 Pro Max [Compatible with Ma
2026-07-27 05:02:31 | INFO     | scraper.search | Page 29: Extracted 6 products (total: 456)
2026-07-27 05:02:31 | DEBUG    | utils.resume | Progress saved: keyword='iPhone cases', last_completed_page=29
2026-07-27 05:02:31 | INFO     | scraper.search | ━━━ Scraping page 30 of 30 ━━━
2026-07-27 05:02:31 | INFO     | scraper.search | Navigating to page 30: https://www.amazon.com/s?k=iPhone cases&page=30
2026-07-27 05:02:35 | DEBUG    | scraper.search | Page 30 loaded successfully.
2026-07-27 05:02:35 | INFO     | scraper.parser | Found 6 product cards on the page.
2026-07-27 05:02:36 | DEBUG    | scraper.parser | Product 1 parsed: Miracase for iPhone 17 Pro Privacy Series Case, Magsafe, Dee
2026-07-27 05:02:36 | DEBUG    | scraper.parser | Product 2 parsed: GVIEWIN for iPhone 17 Pro Case, Screen Protector+Full Camera
2026-07-27 05:02:36 | DEBUG    | scraper.parser | Product 3 parsed: BITOBE Floral Case for iPhone 15 Pro Max [Compatible with Ma
2026-07-27 05:02:36 | DEBUG    | scraper.parser | Product 4 parsed: Rectangle Case for iPhone 16, Ocean Blue | Summer Sea Surfac
2026-07-27 05:02:37 | DEBUG    | scraper.parser | Product 5 parsed: Magnetic for iPhone 13 Case/iPhone 14 Case with Screen Prote
2026-07-27 05:02:37 | DEBUG    | scraper.parser | Product 6 parsed: Aurorastar for iPhone 17 Pro Cute Light Pink Striped Soft Ph
2026-07-27 05:02:37 | INFO     | scraper.search | Page 30: Extracted 6 products (total: 462)
2026-07-27 05:02:37 | DEBUG    | utils.resume | Progress saved: keyword='iPhone cases', last_completed_page=30
2026-07-27 05:02:37 | INFO     | scraper.search | Scraping complete. Total products extracted: 462
2026-07-27 05:02:37 | INFO     | __main__ | Scraping finished: 462 products extracted.
2026-07-27 05:02:37 | INFO     | filters.product_filter | No filters applied. All 462 products kept.
2026-07-27 05:02:37 | INFO     | exporters.csv_exporter | CSV export complete: 462 products saved to 'E:\Anas\internship\Week3\Amazon_Automation\output\results.csv'
2026-07-27 05:02:37 | INFO     | exporters.json_exporter | JSON export complete: 462 products saved to 'E:\Anas\internship\Week3\Amazon_Automation\output\results.json'
2026-07-27 05:02:37 | INFO     | exporters.sqlite_exporter | SQLite export complete: 462 products saved to 'E:\Anas\internship\Week3\Amazon_Automation\output\results.db' (0 skipped — no ASIN)
2026-07-27 05:02:37 | DEBUG    | utils.resume | Progress file cleared.
2026-07-27 05:02:37 | INFO     | __main__ | ------------------------------------------------------------
2026-07-27 05:02:37 | INFO     | __main__ | SCRAPE SUMMARY
2026-07-27 05:02:37 | INFO     | __main__ | ------------------------------------------------------------
2026-07-27 05:02:37 | INFO     | __main__ | Keyword:          iPhone cases
2026-07-27 05:02:37 | INFO     | __main__ | Pages scraped:    30
2026-07-27 05:02:37 | INFO     | __main__ | Products found:   462
2026-07-27 05:02:37 | INFO     | __main__ | After filtering:  462
2026-07-27 05:02:37 | INFO     | __main__ | Time elapsed:     287.8 seconds
2026-07-27 05:02:37 | INFO     | __main__ | CSV output:       E:\Anas\internship\Week3\Amazon_Automation\output\results.csv
2026-07-27 05:02:37 | INFO     | __main__ | JSON output:      E:\Anas\internship\Week3\Amazon_Automation\output\results.json
2026-07-27 05:02:37 | INFO     | __main__ | SQLite output:    E:\Anas\internship\Week3\Amazon_Automation\output\results.db
2026-07-27 05:02:37 | INFO     | __main__ | ============================================================
2026-07-27 05:02:37 | INFO     | __main__ | Scraping completed successfully!
2026-07-27 05:02:37 | INFO     | __main__ | ============================================================
2026-07-27 05:02:39 | INFO     | scraper.driver | Chrome WebDriver closed successfully.
2026-07-27 05:10:24 | INFO     | __main__ | ============================================================
2026-07-27 05:10:24 | INFO     | __main__ | Amazon Product Search Scraper — Starting
2026-07-27 05:10:24 | INFO     | __main__ | ============================================================
2026-07-27 05:10:24 | INFO     | __main__ | Keyword:    gloves
2026-07-27 05:10:24 | INFO     | __main__ | Pages:      40
2026-07-27 05:10:24 | INFO     | __main__ | Headless:   False
2026-07-27 05:10:24 | INFO     | __main__ | Resume:     False
2026-07-27 05:10:24 | INFO     | __main__ | ------------------------------------------------------------
2026-07-27 05:10:24 | INFO     | scraper.driver | Initializing Chrome WebDriver (headless=False)...
2026-07-27 05:10:26 | INFO     | scraper.driver | Chrome WebDriver initialized successfully.
2026-07-27 05:10:26 | INFO     | scraper.search | Starting scrape: keyword='gloves', pages 1 to 40
2026-07-27 05:10:26 | INFO     | scraper.search | ━━━ Scraping page 1 of 40 ━━━
2026-07-27 05:10:26 | INFO     | scraper.search | Navigating to Amazon homepage...
2026-07-27 05:10:29 | DEBUG    | scraper.search | Search input found. Typing keyword: 'gloves'
2026-07-27 05:10:37 | INFO     | scraper.search | Search submitted for keyword: 'gloves'
2026-07-27 05:10:38 | INFO     | scraper.parser | Found 48 product cards on the page.
2026-07-27 05:10:39 | DEBUG    | scraper.parser | Product 1 parsed: Supmedic Medical Soft Max Nitrile Exam Gloves Powder-Free Di
2026-07-27 05:10:39 | DEBUG    | scraper.parser | Product 2 parsed: RDX Boxing Gloves, Pro Training Sparring, Maya Hide Leather,
2026-07-27 05:10:39 | DEBUG    | scraper.parser | Product 3 parsed: Inspire Black Nitrile Disposable Gloves | 4.5 Nitrile Dispos
2026-07-27 05:10:39 | DEBUG    | scraper.parser | Product 4 parsed: Schneider Medical Nitrile/Vinyl Blend Exam Gloves, Black Dis
2026-07-27 05:10:39 | DEBUG    | scraper.parser | Product 5 parsed: Lamicall Bike Gloves for Men Women - [Anti-Slip Shock-Absorb
2026-07-27 05:10:40 | DEBUG    | scraper.parser | Product 6 parsed: HANDLANDY Work Gloves for Men & Women, Utility Mechanic Work
2026-07-27 05:10:40 | DEBUG    | scraper.parser | Product 7 parsed: Basic Medical Synmax Vinyl Exam Gloves - Latex-Free & Powder
2026-07-27 05:10:40 | DEBUG    | scraper.parser | Product 8 parsed: MedPride Powder-Free Nitrile Exam Gloves, Large, Case/1000 (
2026-07-27 05:10:40 | DEBUG    | scraper.parser | Product 9 parsed: ForPro Disposable Nitrile Gloves, Chemical Resistant, Powder
2026-07-27 05:10:40 | DEBUG    | scraper.parser | Product 10 parsed: Ansell RINGERS R-840 Black Impact Gloves for Warehousing, Lo
2026-07-27 05:10:41 | DEBUG    | scraper.parser | Product 11 parsed: Inspire Cobalt Blue Nitrile Disposable Gloves | 4.5 Nitrile 
2026-07-27 05:10:41 | DEBUG    | scraper.parser | Product 12 parsed: Basic Medical Synmax Vinyl Exam Gloves - Latex-Free & Powder
2026-07-27 05:10:41 | DEBUG    | scraper.parser | Product 13 parsed: Fox Racing Men's Ranger Mountain Bike Glove
2026-07-27 05:10:41 | DEBUG    | scraper.parser | Product 14 parsed: Mechanix Wear Original MultiCam Tactical Gloves, Medium | Se
2026-07-27 05:10:41 | DEBUG    | scraper.parser | Product 15 parsed: Carhartt Men's GD0794M High Dexterity Open Cuff Glove
2026-07-27 05:10:42 | DEBUG    | scraper.parser | Product 16 parsed: Carhartt Men's Stretch Fleece Liner Glove
2026-07-27 05:10:42 | DEBUG    | scraper.parser | Product 17 parsed: HOZMOZ Ventilated Weight Lifting Gloves, Thick Padded Workou
2026-07-27 05:10:42 | DEBUG    | scraper.parser | Product 18 parsed: Medguy Medical Blue Nitrile Disposable Exam Gloves, 4 Mil 10
2026-07-27 05:10:42 | DEBUG    | scraper.parser | Product 19 parsed: Supmedic Medical Soft Max Nitrile Exam Disposable Gloves Pow
2026-07-27 05:10:42 | DEBUG    | scraper.parser | Product 20 parsed: Achiou Winter Gloves for Men and Women, Touchscreen Soft Kni
2026-07-27 05:10:42 | DEBUG    | scraper.parser | Product 21 parsed: SUP Powder-Free Nitrile Exam Gloves, 100 Count Food Safe Lat
2026-07-27 05:10:43 | DEBUG    | scraper.parser | Product 22 parsed: SwiftGrip Pink Nitrile Gloves, 3-mil, Industrial Gloves Disp
2026-07-27 05:10:43 | DEBUG    | scraper.parser | Product 23 parsed: Schneider Medical Vinyl Exam Disposable Gloves Latex Free | 
2026-07-27 05:10:43 | DEBUG    | scraper.parser | Product 24 parsed: Inspire Black Nitrile Gloves HEAVY DUTY 6 Mil Nitrile Chemic
2026-07-27 05:10:43 | DEBUG    | scraper.parser | Product 25 parsed: MaxiFlex Seamless Knit Nylon Gloves with Nitrile Coat and Mi
2026-07-27 05:10:43 | DEBUG    | scraper.parser | Product 26 parsed: ATERCEL Workout Gloves for Men and Women, Exercise Gloves fo
2026-07-27 05:10:44 | DEBUG    | scraper.parser | Product 27 parsed: TaylorMade Golf Stratus Tech Glove 2 Pack Lefthanded
2026-07-27 05:10:44 | DEBUG    | scraper.parser | Product 28 parsed: MED PRIDE Vinyl Exam Medical Gloves,Powder & Latex-Free,Larg
2026-07-27 05:10:44 | DEBUG    | scraper.parser | Product 29 parsed: Unigear Lightweight Running Gloves, Touch Screen Glove Liner
2026-07-27 05:10:44 | DEBUG    | scraper.parser | Product 30 parsed: Schneider Medical Black Nitrile Gloves, Powder Free, Disposa
2026-07-27 05:10:44 | DEBUG    | scraper.parser | Product 31 parsed: Inspire HEAVY DUTY 6Mil ORIGINAL Quality Stretch Nitrile Glo
2026-07-27 05:10:45 | DEBUG    | scraper.parser | Product 32 parsed: Caring Nitrile Exam Gloves, Blue, Powder-Free, Disposable Gl
2026-07-27 05:10:45 | DEBUG    | scraper.parser | Product 33 parsed: SWIFTLITE Black Vinyl Gloves, Food Grade Gloves Disposable L
2026-07-27 05:10:45 | DEBUG    | scraper.parser | Product 34 parsed: Schneider Medical Vinyl Exam Disposable Gloves Latex Free | 
2026-07-27 05:10:45 | DEBUG    | scraper.parser | Product 35 parsed: MED PRIDE Nitrile/Vinyl Blend Exam Gloves,Powder-Free,Blue,L
2026-07-27 05:10:45 | DEBUG    | scraper.parser | Product 36 parsed: Winter Gloves Men Women Made with 3M Thinsulate, Lightweight
2026-07-27 05:10:46 | DEBUG    | scraper.parser | Product 37 parsed: SwiftGrip Pink Nitrile Gloves, 3-mil, Industrial Gloves Disp
2026-07-27 05:10:46 | DEBUG    | scraper.parser | Product 38 parsed: Jointown Basic Medical Synmax Vinyl Exam Gloves - Latex-Free
2026-07-27 05:10:46 | DEBUG    | scraper.parser | Product 39 parsed: Bamllum Rubber Kitchen Dishwashing Gloves - 4 Pairs Colorful
2026-07-27 05:10:46 | DEBUG    | scraper.parser | Product 40 parsed: NEOTRIL Safety Work Gloves MicroFoam Nitrile Coated-3/6/12/3
2026-07-27 05:10:47 | DEBUG    | scraper.parser | Product 41 parsed: Ansell Unisex Adult Sg375
2026-07-27 05:10:47 | DEBUG    | scraper.parser | Product 42 parsed: FINITEX - Black Nitrile Disposable Gloves, Exam Gloves, Powd
2026-07-27 05:10:47 | DEBUG    | scraper.parser | Product 43 parsed: LOCCEF MicroFoam Nitrile Coated Safety Work Gloves
2026-07-27 05:10:48 | DEBUG    | scraper.parser | Product 44 parsed: SIMARI Breathable Workout Gloves for Men Women, Padded Weigh
2026-07-27 05:10:48 | DEBUG    | scraper.parser | Product 45 parsed: ForPro Disposable Vinyl Gloves, Industrial Grade, Powder & L
2026-07-27 05:10:48 | DEBUG    | scraper.parser | Product 46 parsed: G & F Products - 3100-10 120 Pairs Large Rubber Latex Double
2026-07-27 05:10:48 | DEBUG    | scraper.parser | Product 47 parsed: Supmedic Soft Max Disposable Nitrile Exam Gloves, Powder-Fre
2026-07-27 05:10:49 | DEBUG    | scraper.parser | Product 48 parsed: Supmedic Vinyl Disposable Exam Gloves, Black 4Mil Powder-Fre
2026-07-27 05:10:49 | INFO     | scraper.search | Page 1: Extracted 48 products (total: 48)
2026-07-27 05:10:49 | DEBUG    | utils.resume | Progress saved: keyword='gloves', last_completed_page=1
2026-07-27 05:10:49 | INFO     | scraper.search | ━━━ Scraping page 2 of 40 ━━━
2026-07-27 05:10:49 | INFO     | scraper.search | Navigating to page 2: https://www.amazon.com/s?k=gloves&page=2
2026-07-27 05:10:53 | DEBUG    | scraper.search | Page 2 loaded successfully.
2026-07-27 05:10:53 | INFO     | scraper.parser | Found 60 product cards on the page.
2026-07-27 05:10:53 | DEBUG    | scraper.parser | Product 1 parsed: FRAMAR Mocha Mittens Brown Nitrile Gloves, Powder Free Glove
2026-07-27 05:10:54 | DEBUG    | scraper.parser | Product 2 parsed: Mechanix Wear: FastFit Work Glove with Elastic Cuff for Secu
2026-07-27 05:10:54 | DEBUG    | scraper.parser | Product 3 parsed: Mechanix Wear FastFit Tactical Covert Gloves, Medium | Heavy
2026-07-27 05:10:54 | DEBUG    | scraper.parser | Product 4 parsed: PACIFIC PPE 2 Pairs Cleaning Gloves, Cotton Liner, Purple+Bl
2026-07-27 05:10:55 | DEBUG    | scraper.parser | Product 5 parsed: Basic Medical Black Nitrile Exam Gloves - Latex-Free & Powde
2026-07-27 05:10:55 | DEBUG    | scraper.parser | Product 6 parsed: MOREOK Cycling Gloves Bike Bicycle Gloves, Half Finger 5MM G
2026-07-27 05:10:55 | DEBUG    | scraper.parser | Product 7 parsed: Gorilla Grip Gloves, Max Grip, All Purpose Work Gloves, Slip
2026-07-27 05:10:55 | DEBUG    | scraper.parser | Product 8 parsed: Powder Free Disposable Gloves Medium, [1000 Count] - 4 Mil C
2026-07-27 05:10:56 | DEBUG    | scraper.parser | Product 9 parsed: Schneider Medical Nitrile Exam Gloves, 4 mil, Powder-Free, L
2026-07-27 05:10:56 | DEBUG    | scraper.parser | Product 10 parsed: Aegend Wheelchair Gloves, Anti-Slip & Wear-Resistant Half-Fi
2026-07-27 05:10:56 | DEBUG    | scraper.parser | Product 11 parsed: Safety Work Gloves - 7 Pairs, Seamless Knit Glove with Micro
2026-07-27 05:10:56 | DEBUG    | scraper.parser | Product 12 parsed: linconson 12 Pack Safety Performance Series Construction Mec
2026-07-27 05:10:57 | DEBUG    | scraper.parser | Product 13 parsed: squish Disposable Gloves, 100 Count 4 mil Clear Vinyl Gloves
2026-07-27 05:10:57 | DEBUG    | scraper.parser | Product 14 parsed: GLOVEWORKS Nitrile Gloves Disposable Orange 8 mil, XX-Large 
2026-07-27 05:10:57 | DEBUG    | scraper.parser | Product 15 parsed: Bike Gloves for Men Women with Anti-Slip Shock-Absorbing Pad
2026-07-27 05:10:57 | DEBUG    | scraper.parser | Product 16 parsed: COOLJOB 60 Pairs Safety Work Gloves Pack Bulk with Grip PU C
2026-07-27 05:10:58 | DEBUG    | scraper.parser | Product 17 parsed: Microflex MF-300-M Diamond Grip Exam Gloves, PF Latex, Textu
2026-07-27 05:10:58 | DEBUG    | scraper.parser | Product 18 parsed: Supmedic Soft Max Disposable Nitrile Exam Gloves, Powder-Fre
2026-07-27 05:10:58 | DEBUG    | scraper.parser | Product 19 parsed: TREEGO 10 Mil Heavy Duty Black Nitrile Mechanic Gloves, 100 
2026-07-27 05:10:58 | DEBUG    | scraper.parser | Product 20 parsed: YESWELDER Premium Goatskin TIG Welding Gloves | Top Grain Le
2026-07-27 05:10:59 | DEBUG    | scraper.parser | Product 21 parsed: 100 Pack Disposable TPE Gloves, Clear Food Prep Gloves with 
2026-07-27 05:10:59 | DEBUG    | scraper.parser | Product 22 parsed: Jointown Basic Synmax Vinyl Exam Gloves Disposable Exam Glov
2026-07-27 05:10:59 | DEBUG    | scraper.parser | Product 23 parsed: SAS Astro-Grip Exam Grade Powder-Free Nitrile Disposable Glo
2026-07-27 05:10:59 | DEBUG    | scraper.parser | Product 24 parsed: SHOWA Atlas 620 Double-Dipped PVC Chemical Resistant Gloves,
2026-07-27 05:11:00 | DEBUG    | scraper.parser | Product 25 parsed: Bike Gloves for Men Women with Anti-Slip Shock-Absorbing Pad
2026-07-27 05:11:00 | DEBUG    | scraper.parser | Product 26 parsed: SIMARI Winter Gloves for Women Men - Cold Weather Thermal To
2026-07-27 05:11:00 | DEBUG    | scraper.parser | Product 27 parsed: Medline FitGuard Touch Nitrile Exam Gloves, 250 Count,X-Larg
2026-07-27 05:11:00 | DEBUG    | scraper.parser | Product 28 parsed: GLOVEWORKS Nitrile Gloves Disposable Latex Free 5 mil Black 
2026-07-27 05:11:01 | DEBUG    | scraper.parser | Product 29 parsed: FINITEX - Black Nitrile Disposable Gloves, 5mil, Powder-free
2026-07-27 05:11:01 | DEBUG    | scraper.parser | Product 30 parsed: Basic Disposable Medical Synmax Vinyl Exam Gloves- 4 mil Saf
2026-07-27 05:11:01 | DEBUG    | scraper.parser | Product 31 parsed: GLEDLOVES 3 Pairs Winter Magic Gloves Adults Warm Stretchy U
2026-07-27 05:11:01 | DEBUG    | scraper.parser | Product 32 parsed: GLOVEWORKS Black Nitrile Gloves 6 Mil Diamond Textured for M
2026-07-27 05:11:02 | DEBUG    | scraper.parser | Product 33 parsed: Sempermed BKNF104 SemperForce Nitrile Glove, 4 Mil, Powder-F
2026-07-27 05:11:02 | DEBUG    | scraper.parser | Product 34 parsed: 1st Choice Indigo Nitrile Exam Gloves 3 Mil Disposable Latex
2026-07-27 05:11:02 | DEBUG    | scraper.parser | Product 35 parsed: TitanFlex Disposable Nitrile Exam Gloves - 6-mil, Black, Hea
2026-07-27 05:11:02 | DEBUG    | scraper.parser | Product 36 parsed: Nike Vapor Jet 8.0 Football Gloves
2026-07-27 05:11:03 | DEBUG    | scraper.parser | Product 37 parsed: Sempermed SemperForce Black Nitrile Glove, 4mil, PF, M
2026-07-27 05:11:03 | DEBUG    | scraper.parser | Product 38 parsed: Inspire Nitrile Exam Gloves | The Original Quality Stretch N
2026-07-27 05:11:03 | DEBUG    | scraper.parser | Product 39 parsed: MED PRIDE Medical Vinyl Examination Gloves (Large, 100-Count
2026-07-27 05:11:03 | DEBUG    | scraper.parser | Product 40 parsed: Potchen 72 Pairs Gardening Work Gloves Bulk for Men Women, R
2026-07-27 05:11:04 | DEBUG    | scraper.parser | Product 41 parsed: Under Armour Men's Storm Liner
2026-07-27 05:11:04 | DEBUG    | scraper.parser | Product 42 parsed: SILEDGN 6Pairs Winter Gloves Women Men's Warm Knit Gloves Bl
2026-07-27 05:11:04 | DEBUG    | scraper.parser | Product 43 parsed: Mamison Rubber Dishwashing Gloves, Non-Slip Kitchen, Pink Me
2026-07-27 05:11:04 | DEBUG    | scraper.parser | Product 44 parsed: Fox Racing Dirtpaw Motocross Gloves
2026-07-27 05:11:05 | DEBUG    | scraper.parser | Product 45 parsed: Keppi 1200 pcs Disposable Gloves - BPA & Latex Free - Gloves
2026-07-27 05:11:05 | DEBUG    | scraper.parser | Product 46 parsed: Adenna Phantom 6 Mil Latex Exam Gloves – Powder-Free, Textur
2026-07-27 05:11:05 | DEBUG    | scraper.parser | Product 47 parsed: Supmedic Medical Soft Max Nitrile Disposable Gloves Powder-F
2026-07-27 05:11:05 | DEBUG    | scraper.parser | Product 48 parsed: Black X Large Nitrile Gloves Case of 1000 - Medical Grade - 
2026-07-27 05:11:06 | DEBUG    | scraper.parser | Product 49 parsed: SwiftGrip Pink Nitrile Gloves, 3-mil, Industrial Gloves Disp
2026-07-27 05:11:06 | DEBUG    | scraper.parser | Product 50 parsed: TRENDOUX Merino Wool Winter Gloves for Men Women, Cold Weath
2026-07-27 05:11:06 | DEBUG    | scraper.parser | Product 51 parsed: Med PRIDE Vinyl Gloves| 4.3 mil Thick, Powder-Free, Non-Ster
2026-07-27 05:11:07 | DEBUG    | scraper.parser | Product 52 parsed: G & F Products String Knit Palm, Latex Dipped Nitrile Coated
2026-07-27 05:11:07 | DEBUG    | scraper.parser | Product 53 parsed: FifthPulse Fuchsia Hot Pink Nitrile Disposable Gloves -3 Mil
2026-07-27 05:11:07 | DEBUG    | scraper.parser | Product 54 parsed: SWIFTLITE Black Vinyl Gloves, Food Grade Gloves Disposable L
2026-07-27 05:11:07 | DEBUG    | scraper.parser | Product 55 parsed: SueStar Workout Gloves - Men Women 2022, Weight Lifting Gym 
2026-07-27 05:11:08 | DEBUG    | scraper.parser | Product 56 parsed: TitanFlex Heavy Duty Black Industrial Nitrile Gloves with Ra
2026-07-27 05:11:08 | DEBUG    | scraper.parser | Product 57 parsed: COOLJOB 3 Pairs Colorful Household Gloves with Cotton Liner 
2026-07-27 05:11:08 | DEBUG    | scraper.parser | Product 58 parsed: FINITEX Blue Disposable Nitrile Exam Gloves - 200 PCS/BOX 3.
2026-07-27 05:11:08 | DEBUG    | scraper.parser | Product 59 parsed: KEZERS Work Gloves,MicroFoam Nitrile Coated Work Gloves for 
2026-07-27 05:11:09 | DEBUG    | scraper.parser | Product 60 parsed: Grease Monkey General Purpose Nitrile Coated Work Gloves, Si
2026-07-27 05:11:09 | INFO     | scraper.search | Page 2: Extracted 60 products (total: 108)
2026-07-27 05:11:09 | DEBUG    | utils.resume | Progress saved: keyword='gloves', last_completed_page=2
2026-07-27 05:11:09 | INFO     | scraper.search | ━━━ Scraping page 3 of 40 ━━━
2026-07-27 05:11:09 | INFO     | scraper.search | Navigating to page 3: https://www.amazon.com/s?k=gloves&page=3
2026-07-27 05:11:12 | DEBUG    | scraper.search | Page 3 loaded successfully.
2026-07-27 05:11:12 | INFO     | scraper.parser | Found 60 product cards on the page.
2026-07-27 05:11:13 | DEBUG    | scraper.parser | Product 1 parsed: FRAMAR Mocha Mittens Brown Nitrile Gloves, Powder Free Glove
2026-07-27 05:11:13 | DEBUG    | scraper.parser | Product 2 parsed: Mechanix Wear: FastFit Work Glove with Elastic Cuff for Secu
2026-07-27 05:11:13 | DEBUG    | scraper.parser | Product 3 parsed: Mechanix Wear FastFit Tactical Covert Gloves, Medium | Heavy
2026-07-27 05:11:13 | DEBUG    | scraper.parser | Product 4 parsed: PACIFIC PPE 2 Pairs Cleaning Gloves, Cotton Liner, Purple+Bl
2026-07-27 05:11:14 | DEBUG    | scraper.parser | Product 5 parsed: GLOVEWORKS Black Nitrile Gloves for Cooking, Food Prep, Disp
2026-07-27 05:11:14 | DEBUG    | scraper.parser | Product 6 parsed: Dealmed Medical Exam Gloves – 200 Count Large Nitrile Gloves
2026-07-27 05:11:14 | DEBUG    | scraper.parser | Product 7 parsed: FifthPulse Black Vinyl Disposable Gloves - Powder and Latex 
2026-07-27 05:11:14 | DEBUG    | scraper.parser | Product 8 parsed: INTCO Basic Medical Synmax Vinyl Exam Gloves,Disposable Glov
2026-07-27 05:11:15 | DEBUG    | scraper.parser | Product 9 parsed: Ansell MICROFLEX MidKnight MK-296 Disposable Nitrile Gloves 
2026-07-27 05:11:15 | DEBUG    | scraper.parser | Product 10 parsed: GLOVEWORKS Green Nitrile Gloves 8 Mil Heavy Duty Texture Che
2026-07-27 05:11:15 | DEBUG    | scraper.parser | Product 11 parsed: linconson 12 Pack Safety Performance Series Construction Mec
2026-07-27 05:11:15 | DEBUG    | scraper.parser | Product 12 parsed: YESWELDER Premium Goatskin TIG Welding Gloves | Top Grain Le
2026-07-27 05:11:15 | DEBUG    | scraper.parser | Product 13 parsed: squish Disposable Gloves, 100 Count 4 mil Clear Vinyl Gloves
2026-07-27 05:11:16 | DEBUG    | scraper.parser | Product 14 parsed: Jointown Basic Synmax Vinyl Exam Gloves Disposable Exam Glov
2026-07-27 05:11:16 | DEBUG    | scraper.parser | Product 15 parsed: PROMEDIX P Black Disposable Nitrile Gloves, 6Mil 100 Pcs Foo
2026-07-27 05:11:16 | DEBUG    | scraper.parser | Product 16 parsed: GLOVEWORKS Nitrile Gloves Disposable Orange 8 mil, Medium Bo
2026-07-27 05:11:16 | DEBUG    | scraper.parser | Product 17 parsed: AMMEX Black Nitrile Exam Gloves, 3 Mil Medical Disposable La
2026-07-27 05:11:17 | DEBUG    | scraper.parser | Product 18 parsed: TRENDOUX Merino Wool Winter Gloves for Men Women, Cold Weath
2026-07-27 05:11:17 | DEBUG    | scraper.parser | Product 19 parsed: Safety Work Gloves - 7 Pairs, Seamless Knit Glove with Micro
2026-07-27 05:11:17 | DEBUG    | scraper.parser | Product 20 parsed: GLOVEWORKS Nitrile Gloves Disposable Orange 8 mil, XX-Large 
2026-07-27 05:11:17 | DEBUG    | scraper.parser | Product 21 parsed: HEAVY DUTY 7 Mil Nitrile Black Gloves Disposable Latex Free 
2026-07-27 05:11:18 | DEBUG    | scraper.parser | Product 22 parsed: LOCCEF Work Gloves MicroFoam Nitrile Coated-6 Pairs,Enduranc
2026-07-27 05:11:18 | DEBUG    | scraper.parser | Product 23 parsed: FINITEX Nitrile Disposable Medical Exam Gloves - Ice Blue 3.
2026-07-27 05:11:18 | DEBUG    | scraper.parser | Product 24 parsed: Adenna SHADOW Disposable Nitrile Gloves – 6 Mil, Medical Gra
2026-07-27 05:11:18 | DEBUG    | scraper.parser | Product 25 parsed: FRAMAR Black Disposable Gloves Large, 12 INCH Latex Free Glo
2026-07-27 05:11:19 | DEBUG    | scraper.parser | Product 26 parsed: TitanFlex Heavy Duty Black Nitrile Gloves, 6 Mil, Fully Text
2026-07-27 05:11:19 | DEBUG    | scraper.parser | Product 27 parsed: Supmedic Vinyl Disposable Exam Gloves, 4Mil Powder-Free Late
2026-07-27 05:11:19 | DEBUG    | scraper.parser | Product 28 parsed: Dealmed Nitrile Exam Gloves Small (200 Count) - Disposable, 
2026-07-27 05:11:19 | DEBUG    | scraper.parser | Product 29 parsed: Women Sunblock-Fingerless Gloves UV-Sun-Protection Driving N
2026-07-27 05:11:20 | DEBUG    | scraper.parser | Product 30 parsed: GUSTO Disposable Plastic Vinyl Gloves | Bulk Case, Latex-Fre
2026-07-27 05:11:20 | DEBUG    | scraper.parser | Product 31 parsed: Inspire Exam Medical Clear Vinyl Disposable Gloves - Latex F
2026-07-27 05:11:20 | DEBUG    | scraper.parser | Product 32 parsed: SueStar Workout Gloves - Men Women 2022, Weight Lifting Gym 
2026-07-27 05:11:21 | DEBUG    | scraper.parser | Product 33 parsed: SWIFTLITE Black Vinyl Gloves, Food Grade Gloves Disposable L
2026-07-27 05:11:21 | DEBUG    | scraper.parser | Product 34 parsed: Bamllum 16-Inch Latex-Free Cleaning Gloves, Cotton Flocked L
2026-07-27 05:11:21 | DEBUG    | scraper.parser | Product 35 parsed: Copper Fit Guardwell Gloves Full Finger Hand Protection
2026-07-27 05:11:21 | DEBUG    | scraper.parser | Product 36 parsed: Raven SAS66518 SAS Safety Powder Free Examination Black Nitr
2026-07-27 05:11:22 | DEBUG    | scraper.parser | Product 37 parsed: Medpride Medical Examination Nitrile Gloves| Medium Box of 2
2026-07-27 05:11:22 | DEBUG    | scraper.parser | Product 38 parsed: Supmedic Nitrile+ Disposable Gloves, 5Mil Chemical Resistant
2026-07-27 05:11:22 | DEBUG    | scraper.parser | Product 39 parsed: DULFINE Safety Work Gloves for Men & Women, PU Coated Seamle
2026-07-27 05:11:22 | DEBUG    | scraper.parser | Product 40 parsed: Nepest Road Cycling Gloves Gel Padded Absorbing Fingerless B
2026-07-27 05:11:23 | DEBUG    | scraper.parser | Product 41 parsed: L3 Level 3 Nitrile Gloves - Professional Heavy Duty Disposab
2026-07-27 05:11:25 | DEBUG    | scraper.parser | Error extracting text with xpath './/div[@data-cy='price-recipe']//span[@data-a-strike='true']/span[@class='a-offscreen']': Message: stale element reference: stale element not found
  (Session info: chrome=150.0.7871.184); For documentation on this error, please visit: https://www.selenium.dev/documentation/webdriver/troubleshooting/errors#staleelementreferenceexception
Stacktrace:
	chromedriver!GetHandleVerifier [0x7ff797710d25+155a5]
	chromedriver!GetHandleVerifier [0x7ff797710d80+15600]
	chromedriver!(No symbol) [0x7ff79726594d]
	chromedriver!(No symbol) [0x7ff79727d67e]
	chromedriver!(No symbol) [0x7ff79727bd80]
	chromedriver!(No symbol) [0x7ff79726e525]
	chromedriver!(No symbol) [0x7ff79726c31e]
	chromedriver!(No symbol) [0x7ff797270885]
	chromedriver!(No symbol) [0x7ff79727094f]
	chromedriver!(No symbol) [0x7ff7972c006a]
	chromedriver!(No symbol) [0x7ff7972c0bec]
	chromedriver!(No symbol) [0x7ff7972b476c]
	chromedriver!(No symbol) [0x7ff7972b4616]
	chromedriver!(No symbol) [0x7ff79730e01b]
	chromedriver!(No symbol) [0x7ff7972b2e6c]
	chromedriver!(No symbol) [0x7ff7972b3d93]
	chromedriver!GetHandleVerifier [0x7ff797cf6431+5facb1]
	chromedriver!GetHandleVerifier [0x7ff797cf0a9b+5f531b]
	chromedriver!GetHandleVerifier [0x7ff797d15865+61a0e5]
	chromedriver!GetHandleVerifier [0x7ff79772dace+3234e]
	chromedriver!GetHandleVerifier [0x7ff79773661c+3ae9c]
	chromedriver!GetHandleVerifier [0x7ff79771ab74+1f3f4]
	chromedriver!GetHandleVerifier [0x7ff79771ad04+1f584]
	chromedriver!GetHandleVerifier [0x7ff7976fd9d7+2257]
	KERNEL32!BaseThreadInitThunk [0x7ffb3b9f7374+14]
	ntdll!RtlUserThreadStart [0x7ffb3bd1cc91+21]

2026-07-27 05:11:25 | DEBUG    | scraper.parser | Error extracting text with xpath './/div[@data-cy='price-recipe']//span[contains(text(), '%')]': Message: stale element reference: stale element not found
  (Session info: chrome=150.0.7871.184); For documentation on this error, please visit: https://www.selenium.dev/documentation/webdriver/troubleshooting/errors#staleelementreferenceexception
Stacktrace:
	chromedriver!GetHandleVerifier [0x7ff797710d25+155a5]
	chromedriver!GetHandleVerifier [0x7ff797710d80+15600]
	chromedriver!(No symbol) [0x7ff79726594d]
	chromedriver!(No symbol) [0x7ff79727d67e]
	chromedriver!(No symbol) [0x7ff79727bd80]
	chromedriver!(No symbol) [0x7ff79726e525]
	chromedriver!(No symbol) [0x7ff79726c31e]
	chromedriver!(No symbol) [0x7ff797270885]
	chromedriver!(No symbol) [0x7ff79727094f]
	chromedriver!(No symbol) [0x7ff7972c006a]
	chromedriver!(No symbol) [0x7ff7972c0bec]
	chromedriver!(No symbol) [0x7ff7972b476c]
	chromedriver!(No symbol) [0x7ff7972b4616]
	chromedriver!(No symbol) [0x7ff79730e01b]
	chromedriver!(No symbol) [0x7ff7972b2e6c]
	chromedriver!(No symbol) [0x7ff7972b3d93]
	chromedriver!GetHandleVerifier [0x7ff797cf6431+5facb1]
	chromedriver!GetHandleVerifier [0x7ff797cf0a9b+5f531b]
	chromedriver!GetHandleVerifier [0x7ff797d15865+61a0e5]
	chromedriver!GetHandleVerifier [0x7ff79772dace+3234e]
	chromedriver!GetHandleVerifier [0x7ff79773661c+3ae9c]
	chromedriver!GetHandleVerifier [0x7ff79771ab74+1f3f4]
	chromedriver!GetHandleVerifier [0x7ff79771ad04+1f584]
	chromedriver!GetHandleVerifier [0x7ff7976fd9d7+2257]
	KERNEL32!BaseThreadInitThunk [0x7ffb3b9f7374+14]
	ntdll!RtlUserThreadStart [0x7ffb3bd1cc91+21]

2026-07-27 05:11:25 | DEBUG    | scraper.parser | Error extracting text with xpath './/div[@data-cy='reviews-block']//i[@data-cy='reviews-ratings-slot']//span[@class='a-icon-alt']': Message: stale element reference: stale element not found
  (Session info: chrome=150.0.7871.184); For documentation on this error, please visit: https://www.selenium.dev/documentation/webdriver/troubleshooting/errors#staleelementreferenceexception
Stacktrace:
	chromedriver!GetHandleVerifier [0x7ff797710d25+155a5]
	chromedriver!GetHandleVerifier [0x7ff797710d80+15600]
	chromedriver!(No symbol) [0x7ff79726594d]
	chromedriver!(No symbol) [0x7ff79727d67e]
	chromedriver!(No symbol) [0x7ff79727bd80]
	chromedriver!(No symbol) [0x7ff79726e525]
	chromedriver!(No symbol) [0x7ff79726c31e]
	chromedriver!(No symbol) [0x7ff797270885]
	chromedriver!(No symbol) [0x7ff79727094f]
	chromedriver!(No symbol) [0x7ff7972c006a]
	chromedriver!(No symbol) [0x7ff7972c0bec]
	chromedriver!(No symbol) [0x7ff7972b476c]
	chromedriver!(No symbol) [0x7ff7972b4616]
	chromedriver!(No symbol) [0x7ff79730e01b]
	chromedriver!(No symbol) [0x7ff7972b2e6c]
	chromedriver!(No symbol) [0x7ff7972b3d93]
	chromedriver!GetHandleVerifier [0x7ff797cf6431+5facb1]
	chromedriver!GetHandleVerifier [0x7ff797cf0a9b+5f531b]
	chromedriver!GetHandleVerifier [0x7ff797d15865+61a0e5]
	chromedriver!GetHandleVerifier [0x7ff79772dace+3234e]
	chromedriver!GetHandleVerifier [0x7ff79773661c+3ae9c]
	chromedriver!GetHandleVerifier [0x7ff79771ab74+1f3f4]
	chromedriver!GetHandleVerifier [0x7ff79771ad04+1f584]
	chromedriver!GetHandleVerifier [0x7ff7976fd9d7+2257]
	KERNEL32!BaseThreadInitThunk [0x7ffb3b9f7374+14]
	ntdll!RtlUserThreadStart [0x7ffb3bd1cc91+21]

2026-07-27 05:11:26 | DEBUG    | scraper.parser | Error extracting attribute 'aria-label' with xpath './/div[@data-cy='reviews-block']//a[contains(@aria-label, 'ratings')]': Message: stale element reference: stale element not found
  (Session info: chrome=150.0.7871.184); For documentation on this error, please visit: https://www.selenium.dev/documentation/webdriver/troubleshooting/errors#staleelementreferenceexception
Stacktrace:
	chromedriver!GetHandleVerifier [0x7ff797710d25+155a5]
	chromedriver!GetHandleVerifier [0x7ff797710d80+15600]
	chromedriver!(No symbol) [0x7ff79726594d]
	chromedriver!(No symbol) [0x7ff79727d67e]
	chromedriver!(No symbol) [0x7ff79727bd80]
	chromedriver!(No symbol) [0x7ff79726e525]
	chromedriver!(No symbol) [0x7ff79726c31e]
	chromedriver!(No symbol) [0x7ff797270885]
	chromedriver!(No symbol) [0x7ff79727094f]
	chromedriver!(No symbol) [0x7ff7972c006a]
	chromedriver!(No symbol) [0x7ff7972c0bec]
	chromedriver!(No symbol) [0x7ff7972b476c]
	chromedriver!(No symbol) [0x7ff7972b4616]
	chromedriver!(No symbol) [0x7ff79730e01b]
	chromedriver!(No symbol) [0x7ff7972b2e6c]
	chromedriver!(No symbol) [0x7ff7972b3d93]
	chromedriver!GetHandleVerifier [0x7ff797cf6431+5facb1]
	chromedriver!GetHandleVerifier [0x7ff797cf0a9b+5f531b]
	chromedriver!GetHandleVerifier [0x7ff797d15865+61a0e5]
	chromedriver!GetHandleVerifier [0x7ff79772dace+3234e]
	chromedriver!GetHandleVerifier [0x7ff79773661c+3ae9c]
	chromedriver!GetHandleVerifier [0x7ff79771ab74+1f3f4]
	chromedriver!GetHandleVerifier [0x7ff79771ad04+1f584]
	chromedriver!GetHandleVerifier [0x7ff7976fd9d7+2257]
	KERNEL32!BaseThreadInitThunk [0x7ffb3b9f7374+14]
	ntdll!RtlUserThreadStart [0x7ffb3bd1cc91+21]

2026-07-27 05:11:26 | DEBUG    | scraper.parser | Error extracting link with xpath './/div[@data-cy='title-recipe']//a[.//h2]': Message: stale element reference: stale element not found
  (Session info: chrome=150.0.7871.184); For documentation on this error, please visit: https://www.selenium.dev/documentation/webdriver/troubleshooting/errors#staleelementreferenceexception
Stacktrace:
	chromedriver!GetHandleVerifier [0x7ff797710d25+155a5]
	chromedriver!GetHandleVerifier [0x7ff797710d80+15600]
	chromedriver!(No symbol) [0x7ff79726594d]
	chromedriver!(No symbol) [0x7ff79727d67e]
	chromedriver!(No symbol) [0x7ff79727bd80]
	chromedriver!(No symbol) [0x7ff79726e525]
	chromedriver!(No symbol) [0x7ff79726c31e]
	chromedriver!(No symbol) [0x7ff797270885]
	chromedriver!(No symbol) [0x7ff79727094f]
	chromedriver!(No symbol) [0x7ff7972c006a]
	chromedriver!(No symbol) [0x7ff7972c0bec]
	chromedriver!(No symbol) [0x7ff7972b476c]
	chromedriver!(No symbol) [0x7ff7972b4616]
	chromedriver!(No symbol) [0x7ff79730e01b]
	chromedriver!(No symbol) [0x7ff7972b2e6c]
	chromedriver!(No symbol) [0x7ff7972b3d93]
	chromedriver!GetHandleVerifier [0x7ff797cf6431+5facb1]
	chromedriver!GetHandleVerifier [0x7ff797cf0a9b+5f531b]
	chromedriver!GetHandleVerifier [0x7ff797d15865+61a0e5]
	chromedriver!GetHandleVerifier [0x7ff79772dace+3234e]
	chromedriver!GetHandleVerifier [0x7ff79773661c+3ae9c]
	chromedriver!GetHandleVerifier [0x7ff79771ab74+1f3f4]
	chromedriver!GetHandleVerifier [0x7ff79771ad04+1f584]
	chromedriver!GetHandleVerifier [0x7ff7976fd9d7+2257]
	KERNEL32!BaseThreadInitThunk [0x7ffb3b9f7374+14]
	ntdll!RtlUserThreadStart [0x7ffb3bd1cc91+21]

2026-07-27 05:11:26 | DEBUG    | scraper.parser | Error extracting image with xpath './/span[@data-component-type='s-product-image']//img': Message: stale element reference: stale element not found
  (Session info: chrome=150.0.7871.184); For documentation on this error, please visit: https://www.selenium.dev/documentation/webdriver/troubleshooting/errors#staleelementreferenceexception
Stacktrace:
	chromedriver!GetHandleVerifier [0x7ff797710d25+155a5]
	chromedriver!GetHandleVerifier [0x7ff797710d80+15600]
	chromedriver!(No symbol) [0x7ff79726594d]
	chromedriver!(No symbol) [0x7ff79727d67e]
	chromedriver!(No symbol) [0x7ff79727bd80]
	chromedriver!(No symbol) [0x7ff79726e525]
	chromedriver!(No symbol) [0x7ff79726c31e]
	chromedriver!(No symbol) [0x7ff797270885]
	chromedriver!(No symbol) [0x7ff79727094f]
	chromedriver!(No symbol) [0x7ff7972c006a]
	chromedriver!(No symbol) [0x7ff7972c0bec]
	chromedriver!(No symbol) [0x7ff7972b476c]
	chromedriver!(No symbol) [0x7ff7972b4616]
	chromedriver!(No symbol) [0x7ff79730e01b]
	chromedriver!(No symbol) [0x7ff7972b2e6c]
	chromedriver!(No symbol) [0x7ff7972b3d93]
	chromedriver!GetHandleVerifier [0x7ff797cf6431+5facb1]
	chromedriver!GetHandleVerifier [0x7ff797cf0a9b+5f531b]
	chromedriver!GetHandleVerifier [0x7ff797d15865+61a0e5]
	chromedriver!GetHandleVerifier [0x7ff79772dace+3234e]
	chromedriver!GetHandleVerifier [0x7ff79773661c+3ae9c]
	chromedriver!GetHandleVerifier [0x7ff79771ab74+1f3f4]
	chromedriver!GetHandleVerifier [0x7ff79771ad04+1f584]
	chromedriver!GetHandleVerifier [0x7ff7976fd9d7+2257]
	KERNEL32!BaseThreadInitThunk [0x7ffb3b9f7374+14]
	ntdll!RtlUserThreadStart [0x7ffb3bd1cc91+21]

2026-07-27 05:11:26 | DEBUG    | scraper.parser | Product 42 parsed: FifthPulse Biodegradable Disposable Nitrile Gloves, 150 Coun
2026-07-27 05:11:26 | DEBUG    | scraper.parser | Skipping card — no ASIN found (likely a header/ad).
2026-07-27 05:11:26 | DEBUG    | scraper.parser | Skipping card — no ASIN found (likely a header/ad).
2026-07-27 05:11:26 | DEBUG    | scraper.parser | Skipping card — no ASIN found (likely a header/ad).
2026-07-27 05:11:26 | DEBUG    | scraper.parser | Skipping card — no ASIN found (likely a header/ad).
2026-07-27 05:11:26 | DEBUG    | scraper.parser | Skipping card — no ASIN found (likely a header/ad).
2026-07-27 05:11:26 | DEBUG    | scraper.parser | Skipping card — no ASIN found (likely a header/ad).
2026-07-27 05:11:26 | DEBUG    | scraper.parser | Skipping card — no ASIN found (likely a header/ad).
2026-07-27 05:11:26 | DEBUG    | scraper.parser | Skipping card — no ASIN found (likely a header/ad).
2026-07-27 05:11:26 | DEBUG    | scraper.parser | Skipping card — no ASIN found (likely a header/ad).
2026-07-27 05:11:26 | DEBUG    | scraper.parser | Skipping card — no ASIN found (likely a header/ad).
2026-07-27 05:11:26 | DEBUG    | scraper.parser | Skipping card — no ASIN found (likely a header/ad).
2026-07-27 05:11:26 | DEBUG    | scraper.parser | Skipping card — no ASIN found (likely a header/ad).
2026-07-27 05:11:26 | DEBUG    | scraper.parser | Skipping card — no ASIN found (likely a header/ad).
2026-07-27 05:11:26 | DEBUG    | scraper.parser | Skipping card — no ASIN found (likely a header/ad).
2026-07-27 05:11:26 | DEBUG    | scraper.parser | Skipping card — no ASIN found (likely a header/ad).
2026-07-27 05:11:26 | DEBUG    | scraper.parser | Skipping card — no ASIN found (likely a header/ad).
2026-07-27 05:11:26 | DEBUG    | scraper.parser | Skipping card — no ASIN found (likely a header/ad).
2026-07-27 05:11:26 | DEBUG    | scraper.parser | Skipping card — no ASIN found (likely a header/ad).
2026-07-27 05:11:26 | INFO     | scraper.search | Page 3: Extracted 42 products (total: 150)
2026-07-27 05:11:26 | DEBUG    | utils.resume | Progress saved: keyword='gloves', last_completed_page=3
2026-07-27 05:11:26 | INFO     | scraper.search | ━━━ Scraping page 4 of 40 ━━━
2026-07-27 05:11:26 | INFO     | scraper.search | Navigating to page 4: https://www.amazon.com/s?k=gloves&page=4
2026-07-27 05:11:30 | DEBUG    | scraper.search | Page 4 loaded successfully.
2026-07-27 05:11:30 | INFO     | scraper.parser | Found 60 product cards on the page.
2026-07-27 05:11:30 | DEBUG    | scraper.parser | Product 1 parsed: Mechanix Wear: FastFit Work Glove with Elastic Cuff for Secu
2026-07-27 05:11:31 | DEBUG    | scraper.parser | Product 2 parsed: FRAMAR Mocha Mittens Brown Nitrile Gloves, Powder Free Glove
2026-07-27 05:11:31 | DEBUG    | scraper.parser | Product 3 parsed: Mechanix Wear FastFit Tactical Covert Gloves, Medium | Heavy
2026-07-27 05:11:31 | DEBUG    | scraper.parser | Product 4 parsed: 100 Pack Disposable TPE Gloves, Clear Food Prep Gloves with 
2026-07-27 05:11:32 | DEBUG    | scraper.parser | Product 5 parsed: Thickster Powder-Free Exam Grade Latex Disposable Gloves. Si
2026-07-27 05:11:32 | DEBUG    | scraper.parser | Product 6 parsed: KEZERS Work Gloves,MicroFoam Nitrile Coated Work Gloves for 
2026-07-27 05:11:32 | DEBUG    | scraper.parser | Product 7 parsed: Ansell MICROFLEX ​Diamond Grip MF-300 Exam Standard Gloves -
2026-07-27 05:11:32 | DEBUG    | scraper.parser | Product 8 parsed: FifthPulse Biodegradable Disposable Nitrile Gloves, 150 Coun
2026-07-27 05:11:33 | DEBUG    | scraper.parser | Product 9 parsed: SILEDGN 6Pairs Winter Gloves Women Men's Warm Knit Gloves Bl
2026-07-27 05:11:33 | DEBUG    | scraper.parser | Product 10 parsed: OKIAAS Clear Vinyl Disposable Gloves, Latex-Free, Powder-Fre
2026-07-27 05:11:33 | DEBUG    | scraper.parser | Product 11 parsed: Mechanix Wear M-Pact Tactical Touchscreen Gloves Grey XX-Lar
2026-07-27 05:11:33 | DEBUG    | scraper.parser | Product 12 parsed: linconson 12 Pack Safety Performance Series Construction Mec
2026-07-27 05:11:33 | DEBUG    | scraper.parser | Product 13 parsed: TREEGO 10 Mil Heavy Duty Black Nitrile Mechanic Gloves, 100 
2026-07-27 05:11:34 | DEBUG    | scraper.parser | Product 14 parsed: HEAVY DUTY 7 Mil Nitrile Black Gloves Disposable Latex Free 
2026-07-27 05:11:34 | DEBUG    | scraper.parser | Product 15 parsed: FifthPulse [150 Count] Biodegradable Gloves - Black Nitrile 
2026-07-27 05:11:34 | DEBUG    | scraper.parser | Product 16 parsed: Rubber Cleaning Gloves for Dishwashing, 4 Pairs Reusable Kit
2026-07-27 05:11:34 | DEBUG    | scraper.parser | Product 17 parsed: Supmedic Medical Nitrile Exam Gloves, Latex & Powder-Free Di
2026-07-27 05:11:34 | DEBUG    | scraper.parser | Product 18 parsed: FINITEX Blue Disposable Nitrile Exam Gloves - 200 PCS/BOX 3.
2026-07-27 05:11:34 | DEBUG    | scraper.parser | Product 19 parsed: FURWEY Safety Gloves, 16/32 Pairs Nitrile, 72 PU, Seamless N
2026-07-27 05:11:35 | DEBUG    | scraper.parser | Product 20 parsed: OKIAAS Men's Blue Medium Thin and Lightweight Working Gloves
2026-07-27 05:11:35 | DEBUG    | scraper.parser | Product 21 parsed: GLOVEWORKS Nitrile Gloves Disposable Orange 8 mil, XX-Large 
2026-07-27 05:11:35 | DEBUG    | scraper.parser | Product 22 parsed: squish Disposable Gloves, 100 Count 4 mil Clear Vinyl Gloves
2026-07-27 05:11:35 | DEBUG    | scraper.parser | Product 23 parsed: Medline FitGuard Touch Nitrile Exam Gloves, 100 Count, Large
2026-07-27 05:11:35 | DEBUG    | scraper.parser | Product 24 parsed: Nepest Road Cycling Gloves for Men Women Padded Absorbing Fi
2026-07-27 05:11:35 | DEBUG    | scraper.parser | Product 25 parsed: Medline FitGuard Touch Nitrile Exam Gloves, 3000 Count, Smal
2026-07-27 05:11:36 | DEBUG    | scraper.parser | Product 26 parsed: TitanFlex Heavy Duty Industrial Nitrile Gloves with Raised D
2026-07-27 05:11:36 | DEBUG    | scraper.parser | Product 27 parsed: SWIFTLITE Disposable Nitrile Gloves, Food Safe, Latex-Free P
2026-07-27 05:11:36 | DEBUG    | scraper.parser | Product 28 parsed: AMMEX Vinyl Gloves Disposable 4 mil Clear Plastic Exam Grade
2026-07-27 05:11:36 | DEBUG    | scraper.parser | Product 29 parsed: 1st Choice Nitrile Gloves Disposable Latex-Free, Black, 5 Mi
2026-07-27 05:11:36 | DEBUG    | scraper.parser | Product 30 parsed: HEAVY DUTY 7 Mil Nitrile Black Gloves Disposable Latex Free 
2026-07-27 05:11:36 | DEBUG    | scraper.parser | Product 31 parsed: SWIFTLITE Black Nitrile Gloves, Food Safe Disposable Gloves 
2026-07-27 05:11:37 | DEBUG    | scraper.parser | Product 32 parsed: Bamllum 16-Inch Latex-Free Cleaning Gloves, Cotton Flocked L
2026-07-27 05:11:37 | DEBUG    | scraper.parser | Product 33 parsed: Schneider Medical Nitrile Exam Gloves, Dark Blue, Disposable
2026-07-27 05:11:37 | DEBUG    | scraper.parser | Product 34 parsed: MED PRIDE Nitrile Exam 1200 Count Gloves, Blue Disposable Ex
2026-07-27 05:11:37 | DEBUG    | scraper.parser | Product 35 parsed: Wostar Nitrile Disposable Gloves Powder & Latex Free 4mil To
2026-07-27 05:11:37 | DEBUG    | scraper.parser | Product 36 parsed: Women Sunblock-Fingerless Gloves UV-Sun-Protection Driving N
2026-07-27 05:11:37 | DEBUG    | scraper.parser | Product 37 parsed: 1st Choice Black Nitrile Gloves Disposable Latex Free - Exam
2026-07-27 05:11:38 | DEBUG    | scraper.parser | Product 38 parsed: DULFINE Safety Work Gloves for Men & Women, PU Coated Seamle
2026-07-27 05:11:38 | DEBUG    | scraper.parser | Product 39 parsed: TitanFlex Nitrile Exam Gloves, Blue, 6-mil, Heavy Duty Nitri
2026-07-27 05:11:38 | DEBUG    | scraper.parser | Product 40 parsed: BEASTEK Nitrile+™ 4 Mil Disposable Exam Gloves, Latex & Powd
2026-07-27 05:11:39 | DEBUG    | scraper.parser | Product 41 parsed: SwiftGrip Disposable Nitrile Exam Gloves, Black Nitrile Glov
2026-07-27 05:11:39 | DEBUG    | scraper.parser | Product 42 parsed: CARE PLUS Vinyl Gloves Clear Large Size 200 Count | Heavy Du
2026-07-27 05:11:39 | DEBUG    | scraper.parser | Product 43 parsed: Black Mamba Super Strong Nitrile 100 Glove BOX (LARGE)
2026-07-27 05:11:39 | DEBUG    | scraper.parser | Product 44 parsed: OKIAAS Black/Pink Vinyl Disposable Gloves Latex Free, Food G
2026-07-27 05:11:40 | DEBUG    | scraper.parser | Product 45 parsed: Atlantic Safety Products Black Lightning Gloves BL-XXL, Doub
2026-07-27 05:11:40 | DEBUG    | scraper.parser | Product 46 parsed: Medguy Nitrile Disposable Gloves, 4 Mil Black Powder-Free La
2026-07-27 05:11:40 | DEBUG    | scraper.parser | Product 47 parsed: Renegade GK Helix Pro Soccer Goalie Gloves - No Fingersaves 
2026-07-27 05:11:40 | DEBUG    | scraper.parser | Product 48 parsed: Disposable Black Nitrile Gloves Large 200 Count - Extra Thic
2026-07-27 05:11:41 | DEBUG    | scraper.parser | Product 49 parsed: GLEDLOVES 3 Pairs Winter Magic Gloves Adults Warm Stretchy U
2026-07-27 05:11:41 | DEBUG    | scraper.parser | Product 50 parsed: Winter Gloves Women Men Cold Weather Touch Screen 3-Layers L
2026-07-27 05:11:41 | DEBUG    | scraper.parser | Product 51 parsed: Supmedic Medical Soft Max™ Nitrile Exam Gloves, Powder-Free 
2026-07-27 05:11:42 | DEBUG    | scraper.parser | Product 52 parsed: SwiftGrip Disposable Nitrile Exam Gloves, 3-mil, Small, Box 
2026-07-27 05:11:42 | DEBUG    | scraper.parser | Product 53 parsed: SWIFTLITE Disposable Vinyl Gloves, Food Safe, Latex-Free Pow
2026-07-27 05:11:42 | DEBUG    | scraper.parser | Product 54 parsed: FanVince Winter Gloves Touch Screen Water Resistant Windproo
2026-07-27 05:11:42 | DEBUG    | scraper.parser | Product 55 parsed: TitanFlex Heavy Duty Industrial Orange Nitrile Gloves, 8-mil
2026-07-27 05:11:43 | DEBUG    | scraper.parser | Product 56 parsed: Schneider Medical Black Nitrile Exam Glove, Latex Free Powde
2026-07-27 05:11:43 | DEBUG    | scraper.parser | Product 57 parsed: Under Armour Men's Storm Liner
2026-07-27 05:11:43 | DEBUG    | scraper.parser | Product 58 parsed: Ansell MICROFLEX 10-733 Daily Defense Disposable Nitrile Glo
2026-07-27 05:11:43 | DEBUG    | scraper.parser | Product 59 parsed: DULFINE High Performance 3 Pairs Pack Work Gloves for Men Mu
2026-07-27 05:11:44 | DEBUG    | scraper.parser | Product 60 parsed: Sportout Youth&Adult Goalie Goalkeeper Gloves,Strong Grip fo
2026-07-27 05:11:44 | INFO     | scraper.search | Page 4: Extracted 60 products (total: 210)
2026-07-27 05:11:44 | DEBUG    | utils.resume | Progress saved: keyword='gloves', last_completed_page=4
2026-07-27 05:11:44 | INFO     | scraper.search | ━━━ Scraping page 5 of 40 ━━━
2026-07-27 05:11:44 | INFO     | scraper.search | Navigating to page 5: https://www.amazon.com/s?k=gloves&page=5
2026-07-27 05:11:50 | DEBUG    | scraper.search | Page 5 loaded successfully.
2026-07-27 05:11:50 | INFO     | scraper.parser | Found 48 product cards on the page.
2026-07-27 05:11:50 | DEBUG    | scraper.parser | Product 1 parsed: SWIFTLITE Nitrile Gloves, Food Safe Disposable Gloves Latex 
2026-07-27 05:11:51 | DEBUG    | scraper.parser | Product 2 parsed: FINITEX Nitrile Disposable Latex-Free Gloves - 3.5mil 100/10
2026-07-27 05:11:51 | DEBUG    | scraper.parser | Product 3 parsed: squish Disposable Gloves, 100 Count 4 mil Clear Vinyl Gloves
2026-07-27 05:11:51 | DEBUG    | scraper.parser | Product 4 parsed: Evridwear Cotton Polyester String Knit Shell Safety Protecti
2026-07-27 05:11:51 | DEBUG    | scraper.parser | Product 5 parsed: YKANG Black Disposable Nitrile Gloves,Latex Free Disposable 
2026-07-27 05:11:52 | DEBUG    | scraper.parser | Product 6 parsed: Basic Medical NGPF-7002 Blue Nitrile
2026-07-27 05:11:52 | DEBUG    | scraper.parser | Product 7 parsed: GUSTO Blue Nitrile Gloves, Disposable Gloves – 4 Mil, Latex 
2026-07-27 05:11:52 | DEBUG    | scraper.parser | Product 8 parsed: 1st Choice Nitrile Gloves Disposable Latex-Free, Black, 5 Mi
2026-07-27 05:11:52 | DEBUG    | scraper.parser | Product 9 parsed: SAFEGUARD Latex Powder Free Gloves, X-Large, 100 Count (Pack
2026-07-27 05:11:53 | DEBUG    | scraper.parser | Product 10 parsed: 1st Choice Black Nitrile Gloves Disposable Latex Free - Exam
2026-07-27 05:11:53 | DEBUG    | scraper.parser | Product 11 parsed: KAYGO Safety Work Gloves, MicroFoam Nitrile Coated, Men Wome
2026-07-27 05:11:53 | DEBUG    | scraper.parser | Product 12 parsed: DRNAIETY 2 Pairs Arthritis Compression Gloves- for Hand Arth
2026-07-27 05:11:54 | DEBUG    | scraper.parser | Product 13 parsed: BEASTEK Nitrile Disposable Gloves, 4 mil Powder-Free Latex-F
2026-07-27 05:11:54 | DEBUG    | scraper.parser | Product 14 parsed: Atlantic Safety Products Black Lightning Gloves BL-XXL, Doub
2026-07-27 05:11:54 | DEBUG    | scraper.parser | Product 15 parsed: Ensure Black Nitrile Gloves – 5 Mil Heavy-Duty Disposable Gl
2026-07-27 05:11:54 | DEBUG    | scraper.parser | Product 16 parsed: BEASTEK Medical Nitrile Exam Gloves Disposable Powder-Free, 
2026-07-27 05:11:55 | DEBUG    | scraper.parser | Product 17 parsed: NEOTRIL 6 Mil Heavy Duty Black Nitrile Disposable Gloves, La
2026-07-27 05:11:55 | DEBUG    | scraper.parser | Product 18 parsed: Curad Nitrile Exam Gloves, Durable, Powder Free, Chemical Re
2026-07-27 05:11:55 | DEBUG    | scraper.parser | Product 19 parsed: SwiftGrip Powder-Free Nitrile Gloves, 3-mil, Disposable Nitr
2026-07-27 05:11:55 | DEBUG    | scraper.parser | Product 20 parsed: Global Glove - PUG-17-M PUG-17 - Lightweight Seamless Genera
2026-07-27 05:11:56 | DEBUG    | scraper.parser | Product 21 parsed: MED PRIDE Nitrile Exam 300 Count Gloves, Blue Disposable Exa
2026-07-27 05:11:56 | DEBUG    | scraper.parser | Product 22 parsed: Black Nitrile Disposable Medical Exam 5mil Latex-Free Cleani
2026-07-27 05:11:56 | DEBUG    | scraper.parser | Product 23 parsed: 1st Choice 6 mil Orange Gloves, Disposable, Latex Free, Rais
2026-07-27 05:11:56 | DEBUG    | scraper.parser | Product 24 parsed: Ansell MICROFLEX 10-733 Daily Defense Disposable Nitrile Glo
2026-07-27 05:11:57 | DEBUG    | scraper.parser | Product 25 parsed: DULFINE High Performance 3 Pairs Pack Work Gloves for Men Mu
2026-07-27 05:11:57 | DEBUG    | scraper.parser | Product 26 parsed: Safeguard Nitrile Disposable Gloves, Powder Free, Food Grade
2026-07-27 05:11:57 | DEBUG    | scraper.parser | Product 27 parsed: Elgood Reusable Dishwashing Cleaning Gloves with Latex free,
2026-07-27 05:11:58 | DEBUG    | scraper.parser | Product 28 parsed: Schneider Medical Nitrile Exam Gloves, Powder & Latex Free, 
2026-07-27 05:11:58 | DEBUG    | scraper.parser | Product 29 parsed: 5 Mil Black Nitrile Gloves for Food Prep - Textured Food Pre
2026-07-27 05:11:58 | DEBUG    | scraper.parser | Product 30 parsed: SwiftGrip Disposable Nitrile Exam Gloves, Blue, Latex Free, 
2026-07-27 05:11:58 | DEBUG    | scraper.parser | Product 31 parsed: Raven Powder Free Nitrile Disposable Gloves | 7 Mil | Latex 
2026-07-27 05:11:59 | DEBUG    | scraper.parser | Product 32 parsed: SwiftGrip Disposable Nitrile Exam Gloves, 3mil, XS, Box of 1
2026-07-27 05:11:59 | DEBUG    | scraper.parser | Product 33 parsed: AMMEX Blue Disposable Latex Exam Gloves, 13 Mil, Powder-Free
2026-07-27 05:11:59 | DEBUG    | scraper.parser | Product 34 parsed: Jsocoah Cleaning Gloves for Dishwashing, 4/5 Pairs Reusable 
2026-07-27 05:11:59 | DEBUG    | scraper.parser | Product 35 parsed: Venom Steel Nitrile Gloves, 6 mil Disposable Latex Free Blac
2026-07-27 05:12:00 | DEBUG    | scraper.parser | Product 36 parsed: Bamllum 3 Pairs of Rubber Dishwashing Gloves for Kitchen and
2026-07-27 05:12:00 | DEBUG    | scraper.parser | Product 37 parsed: BEASTEK Nitrile Exam Gloves, 4.0 Mil 100 Pcs, Powder-Free La
2026-07-27 05:12:00 | DEBUG    | scraper.parser | Product 38 parsed: LANON 3 Pairs wahoo Cleaning Gloves, Cotton Flocked Liner,Ma
2026-07-27 05:12:01 | DEBUG    | scraper.parser | Product 39 parsed: Renegade GK Helix Pro Soccer Goalie Gloves - No Fingersaves 
2026-07-27 05:12:01 | DEBUG    | scraper.parser | Product 40 parsed: Sportout Youth&Adult Goalie Goalkeeper Gloves,Strong Grip fo
2026-07-27 05:12:01 | DEBUG    | scraper.parser | Product 41 parsed: ZMDREAM Nitrile Gloves 4-mil Thick 200 & 2000 Counts Latex-F
2026-07-27 05:12:01 | DEBUG    | scraper.parser | Product 42 parsed: If You Care Medium Cotton Flock Lined Household Gloves – Dur
2026-07-27 05:12:02 | DEBUG    | scraper.parser | Product 43 parsed: 1st Choice Nitrile Gloves Disposable Latex-Free, Black, 5 Mi
2026-07-27 05:12:02 | DEBUG    | scraper.parser | Product 44 parsed: Copper Fit Guardwell Gloves Full Finger Hand Protection
2026-07-27 05:12:02 | DEBUG    | scraper.parser | Product 45 parsed: BEASTEK Nitrile Disposable Gloves, 4 mil Powder-Free Latex-F
2026-07-27 05:12:02 | DEBUG    | scraper.parser | Product 46 parsed: SUP Powder-Free Nitrile Exam Gloves, 100 Count, Food Safe La
2026-07-27 05:12:03 | DEBUG    | scraper.parser | Product 47 parsed: SUP Powder-Free Nitrile Exam Gloves, Food Safe Latex-Free Me
2026-07-27 05:12:03 | DEBUG    | scraper.parser | Product 48 parsed: WECARE 8 Mil Nitrile Gloves - Heavy Duty Mechanic Gloves, wi
2026-07-27 05:12:03 | INFO     | scraper.search | Page 5: Extracted 48 products (total: 258)
2026-07-27 05:12:03 | DEBUG    | utils.resume | Progress saved: keyword='gloves', last_completed_page=5
2026-07-27 05:12:03 | INFO     | scraper.search | ━━━ Scraping page 6 of 40 ━━━
2026-07-27 05:12:03 | INFO     | scraper.search | Navigating to page 6: https://www.amazon.com/s?k=gloves&page=6
2026-07-27 05:12:08 | DEBUG    | scraper.search | Page 6 loaded successfully.
2026-07-27 05:12:08 | INFO     | scraper.parser | Found 60 product cards on the page.
2026-07-27 05:12:08 | DEBUG    | scraper.parser | Product 1 parsed: Mechanix Wear: FastFit Work Glove with Elastic Cuff for Secu
2026-07-27 05:12:09 | DEBUG    | scraper.parser | Product 2 parsed: Mechanix Wear FastFit Tactical Covert Gloves, Medium | Heavy
2026-07-27 05:12:09 | DEBUG    | scraper.parser | Product 3 parsed: YESWELDER Premium Goatskin TIG Welding Gloves | Top Grain Le
2026-07-27 05:12:09 | DEBUG    | scraper.parser | Product 4 parsed: FRAMAR Mocha Mittens Brown Nitrile Gloves, Powder Free Glove
2026-07-27 05:12:09 | DEBUG    | scraper.parser | Product 5 parsed: BEASTEK Nitrile Disposable Gloves, 4 mil Powder-Free Latex-F
2026-07-27 05:12:10 | DEBUG    | scraper.parser | Product 6 parsed: SUP Powder-Free Nitrile Exam Gloves, Food Safe Latex-Free Me
2026-07-27 05:12:10 | DEBUG    | scraper.parser | Product 7 parsed: SUP Powder-Free Nitrile Exam Gloves, 100 Count, Food Safe La
2026-07-27 05:12:10 | DEBUG    | scraper.parser | Product 8 parsed: Franklin Sports MLB Baseball Batting Gloves - CFX Pro Youth 
2026-07-27 05:12:11 | DEBUG    | scraper.parser | Product 9 parsed: Playtex Living Reuseable Rubber Cleaning Gloves (Small, 3 Pa
2026-07-27 05:12:11 | DEBUG    | scraper.parser | Product 10 parsed: Playtex HandSaver Reuseable Rubber Cleaning Gloves (Small, 3
2026-07-27 05:12:11 | DEBUG    | scraper.parser | Product 11 parsed: Nepest Road Cycling Gloves for Men Women Padded Absorbing Fi
2026-07-27 05:12:11 | DEBUG    | scraper.parser | Product 12 parsed: Ironclad General Utility Work Gloves GUG, All-Purpose, Perfo
2026-07-27 05:12:12 | DEBUG    | scraper.parser | Product 13 parsed: Supmedic Nitrile Exam Gloves, 4 Mil MED+ Powder-Free Latex-F
2026-07-27 05:12:12 | DEBUG    | scraper.parser | Product 14 parsed: Haylard Health Professional 55082 PURPLE NITRILE Exam Gloves
2026-07-27 05:12:12 | DEBUG    | scraper.parser | Product 15 parsed: Food Grade 5 Mil Disposable Nitrile Gloves Medium, 100Pcs | 
2026-07-27 05:12:12 | DEBUG    | scraper.parser | Product 16 parsed: BEASTEK Nitrile Disposable Exam Gloves, 4Mil 100Ct Powder-Fr
2026-07-27 05:12:13 | DEBUG    | scraper.parser | Product 17 parsed: Mechanix Wear M-Pact Tactical Touchscreen Gloves Grey XX-Lar
2026-07-27 05:12:13 | DEBUG    | scraper.parser | Product 18 parsed: TREEGO 10 Mil Heavy Duty Black Nitrile Mechanic Gloves, 100 
2026-07-27 05:12:13 | DEBUG    | scraper.parser | Product 19 parsed: linconson 12 Pack Safety Performance Series Construction Mec
2026-07-27 05:12:14 | DEBUG    | scraper.parser | Product 20 parsed: HEAVY DUTY 7 Mil Nitrile Black Gloves Disposable Latex Free 
2026-07-27 05:12:14 | DEBUG    | scraper.parser | Product 21 parsed: Supmedic Vinyl Disposable Exam Gloves, Clear 4Mil Powder-Fre
2026-07-27 05:12:14 | DEBUG    | scraper.parser | Product 22 parsed: AroCare Nitrile Gloves, Disposable Gloves, Comfortable, Powd
2026-07-27 05:12:14 | DEBUG    | scraper.parser | Product 23 parsed: DSI Ever-Dri Color Guard Gloves
2026-07-27 05:12:15 | DEBUG    | scraper.parser | Product 24 parsed: Showa Atlas 370 Garden Club Gloves. Assorted Colors - 4 Pack
2026-07-27 05:12:15 | DEBUG    | scraper.parser | Product 25 parsed: GLOVEWORKS Nitrile Gloves Disposable Orange 8 mil, XX-Large 
2026-07-27 05:12:15 | DEBUG    | scraper.parser | Product 26 parsed: FURWEY Safety Gloves, 16/32 Pairs Nitrile, 72 PU, Seamless N
2026-07-27 05:12:15 | DEBUG    | scraper.parser | Product 27 parsed: HEAVY DUTY 6 Mil Nitrile Black Gloves Disposable Latex Free 
2026-07-27 05:12:16 | DEBUG    | scraper.parser | Product 28 parsed: Hayabusa Sport Boxing Gloves - Dual-Splinted | Wrist Support
2026-07-27 05:12:16 | DEBUG    | scraper.parser | Product 29 parsed: MaxiFlex 34-874 Ultimate - Nylon Micro-Foam Nitrile Grip Glo
2026-07-27 05:12:16 | DEBUG    | scraper.parser | Product 30 parsed: KLEIN TOOLS 60585 Work Gloves, Knit Dipped Cut Resistant ANS
2026-07-27 05:12:17 | DEBUG    | scraper.parser | Product 31 parsed: PIG FDT Delta Utility Gloves, 1 Pair | High Dexterity for Sh
2026-07-27 05:12:17 | DEBUG    | scraper.parser | Product 32 parsed: COOHORN 12Pairs Grip Safety Work Gloves Anti-slip Dots Bulk 
2026-07-27 05:12:17 | DEBUG    | scraper.parser | Product 33 parsed: GORILLA GRIP All-Purpose Work Gloves, Large, 15 Pair, Black 
2026-07-27 05:12:17 | DEBUG    | scraper.parser | Product 34 parsed: FRAMAR Green Gloves Disposable Latex Free, Powder Free Nitri
2026-07-27 05:12:18 | DEBUG    | scraper.parser | Product 35 parsed: Inspire Nitrile-Vinyl Blend Exam Gloves - Disposable, Latex 
2026-07-27 05:12:18 | DEBUG    | scraper.parser | Product 36 parsed: COOLJOB 6 Pairs Gardening Gloves for Men, Breathable Rubber 
2026-07-27 05:12:18 | DEBUG    | scraper.parser | Product 37 parsed: Fixwal Disposable Black Nitrile Gloves, Medium, 4 Mil, 1200 
2026-07-27 05:12:19 | DEBUG    | scraper.parser | Product 38 parsed: Disposable Medical Vinyl Exam Gloves Industrial Gloves - Lat
2026-07-27 05:12:19 | DEBUG    | scraper.parser | Product 39 parsed: BOOMJOY Nitrile Cleaning Gloves, Heavy Duty Dishwashing Glov
2026-07-27 05:12:19 | DEBUG    | scraper.parser | Product 40 parsed: London Labs Black Nitrile Gloves Disposable Latex Free & Pow
2026-07-27 05:12:20 | DEBUG    | scraper.parser | Product 41 parsed: Black Nitrile Disposable Gloves X-Small, 100 Count - Powder-
2026-07-27 05:12:20 | DEBUG    | scraper.parser | Product 42 parsed: SHOWA Atlas 370B Professional Nitrile Work Gloves,for Landsc
2026-07-27 05:12:20 | DEBUG    | scraper.parser | Product 43 parsed: SYSCO HIGH Performance Nitrile Gloves Size XL Powder Free - 
2026-07-27 05:12:20 | DEBUG    | scraper.parser | Product 44 parsed: First Glove 8 Mil Orange Diamond Texture Nitrile Bucket of G
2026-07-27 05:12:21 | DEBUG    | scraper.parser | Product 45 parsed: 36 Pcs White Cotton Gloves for Dry Hands Sleeping, Men&Women
2026-07-27 05:12:21 | DEBUG    | scraper.parser | Product 46 parsed: London Labs Heavy Duty 6 Mil Black Nitrile Gloves - Disposab
2026-07-27 05:12:21 | DEBUG    | scraper.parser | Product 47 parsed: FINITEX Nitrile Disposable Gloves - Black, 3.5mil, 100PCS, P
2026-07-27 05:12:21 | DEBUG    | scraper.parser | Product 48 parsed: ihuan New Weight Lifting Gym Workout Gloves Men & Women, Gre
2026-07-27 05:12:22 | DEBUG    | scraper.parser | Product 49 parsed: Nitrile Gloves, Powder-Free, Black, Extra Small, 100 Count, 
2026-07-27 05:12:22 | DEBUG    | scraper.parser | Product 50 parsed: COOLJOB 6 Pairs Gardening Gloves for Women Ladies, Breathabl
2026-07-27 05:12:22 | DEBUG    | scraper.parser | Product 51 parsed: Schwer 2 Pairs A7 Cut Resistant Work Gloves, Touchscreen, CR
2026-07-27 05:12:23 | DEBUG    | scraper.parser | Product 52 parsed: Bamllum Kitchen Cleaning Gloves, Latex-Free, Cotton Flocked 
2026-07-27 05:12:23 | DEBUG    | scraper.parser | Product 53 parsed: MaxiFlex 34-8743 Gloves Cut Resistant Nitrile Coated Work Gr
2026-07-27 05:12:23 | DEBUG    | scraper.parser | Product 54 parsed: 1st Choice Nitrile Gloves, Disposable, Latex-Free, Black, 6 
2026-07-27 05:12:23 | DEBUG    | scraper.parser | Product 55 parsed: GLEDLOVES 3 Pairs Winter Magic Gloves Adults Warm Stretchy U
2026-07-27 05:12:24 | DEBUG    | scraper.parser | Product 56 parsed: JMU Latex Gloves, 5 Mil Thick Disposable Powder-Free Medical
2026-07-27 05:12:24 | DEBUG    | scraper.parser | Product 57 parsed: Nitrile Disposable Gloves Pack of 100, Latex Free Safety Wor
2026-07-27 05:12:24 | DEBUG    | scraper.parser | Product 58 parsed: ComfyBrace Copper Infused Compression Arthritis Gloves for H
2026-07-27 05:12:25 | DEBUG    | scraper.parser | Product 59 parsed: TitanFlex Work Gloves, MicroFoam Nitrile Coated, Seamless Kn
2026-07-27 05:12:25 | DEBUG    | scraper.parser | Product 60 parsed: O-Cedar Playtex Gloves Living Reuseable Rubber Cleaning Glov
2026-07-27 05:12:25 | INFO     | scraper.search | Page 6: Extracted 60 products (total: 318)
2026-07-27 05:12:25 | DEBUG    | utils.resume | Progress saved: keyword='gloves', last_completed_page=6
2026-07-27 05:12:25 | INFO     | scraper.search | ━━━ Scraping page 7 of 40 ━━━
2026-07-27 05:12:25 | INFO     | scraper.search | Navigating to page 7: https://www.amazon.com/s?k=gloves&page=7
2026-07-27 05:12:29 | DEBUG    | scraper.search | Page 7 loaded successfully.
2026-07-27 05:12:29 | INFO     | scraper.parser | Found 30 product cards on the page.
2026-07-27 05:12:29 | DEBUG    | scraper.parser | Product 1 parsed: Mechanix Wear: FastFit Work Glove with Elastic Cuff for Secu
2026-07-27 05:12:30 | DEBUG    | scraper.parser | Product 2 parsed: FRAMAR Mocha Mittens Brown Nitrile Gloves, Powder Free Glove
2026-07-27 05:12:30 | DEBUG    | scraper.parser | Product 3 parsed: Mechanix Wear FastFit Tactical Covert Gloves, Medium | Heavy
2026-07-27 05:12:30 | DEBUG    | scraper.parser | Product 4 parsed: TREEGO 10 Mil Heavy Duty Black Nitrile Mechanic Gloves, 100 
2026-07-27 05:12:31 | DEBUG    | scraper.parser | Product 5 parsed: ComfyBrace Copper Infused Compression Arthritis Gloves for H
2026-07-27 05:12:31 | DEBUG    | scraper.parser | Product 6 parsed: TitanFlex Work Gloves, MicroFoam Nitrile Coated, Seamless Kn
2026-07-27 05:12:31 | DEBUG    | scraper.parser | Product 7 parsed: O-Cedar Playtex Gloves Living Reuseable Rubber Cleaning Glov
2026-07-27 05:12:31 | DEBUG    | scraper.parser | Product 8 parsed: GLOVEWORKS HD Industrial Ivory Latex Gloves, Box of 100, 8 M
2026-07-27 05:12:32 | DEBUG    | scraper.parser | Product 9 parsed: GripProtect® Precise Black Nitrile Gloves, Exam, 4 Mil, Food
2026-07-27 05:12:32 | DEBUG    | scraper.parser | Product 10 parsed: Galeton Comet Insulated PVC Coated Gloves Safety Cuff Orange
2026-07-27 05:12:32 | DEBUG    | scraper.parser | Product 11 parsed: COOLJOB 3/6/12 Pairs Nitrile Rubber Coated Nylon Safety Work
2026-07-27 05:12:33 | DEBUG    | scraper.parser | Product 12 parsed: First Tactical Men’s Lightweight Patrol Glove | Skin Tight G
2026-07-27 05:12:33 | DEBUG    | scraper.parser | Product 13 parsed: Halyard Health Purple Nitrile Exam Gloves, Medium, 100/Box, 
2026-07-27 05:12:33 | DEBUG    | scraper.parser | Product 14 parsed: Gardening Gloves for Men Women Breathable Rubber Coated Work
2026-07-27 05:12:33 | DEBUG    | scraper.parser | Product 15 parsed: Microflex 93-260 Nitrile and Neoprene Gloves - Disposable, C
2026-07-27 05:12:34 | DEBUG    | scraper.parser | Product 16 parsed: SAFESKIN Disposable Nitrile Gloves in POP-N-GO Pack (50 or 2
2026-07-27 05:12:34 | DEBUG    | scraper.parser | Product 17 parsed: linconson 12 Pack Safety Performance Series Construction Mec
2026-07-27 05:12:34 | DEBUG    | scraper.parser | Product 18 parsed: HEAVY DUTY 7 Mil Nitrile Black Gloves Disposable Latex Free 
2026-07-27 05:12:34 | DEBUG    | scraper.parser | Product 19 parsed: 100 Pack Disposable TPE Gloves, Clear Food Prep Gloves with 
2026-07-27 05:12:35 | DEBUG    | scraper.parser | Product 20 parsed: FURWEY Safety Gloves, 16/32 Pairs Nitrile, 72 PU, Seamless N
2026-07-27 05:12:35 | DEBUG    | scraper.parser | Product 21 parsed: Medguy Medical Nitrile Exam Gloves, 4 Mil Powder-Free Latex-
2026-07-27 05:12:35 | DEBUG    | scraper.parser | Product 22 parsed: Disposable Plastic Gloves Food Handling Service Gloves Dispo
2026-07-27 05:12:35 | DEBUG    | scraper.parser | Product 23 parsed: GORILLA GRIP Work Gloves, XLarge, 15 Pair, Black and Gray | 
2026-07-27 05:12:36 | DEBUG    | scraper.parser | Product 24 parsed: Sports Unlimited Football Lineman Gloves, Max Clash Lineman 
2026-07-27 05:12:36 | DEBUG    | scraper.parser | Product 25 parsed: GLOVEWORKS Nitrile Gloves Disposable Orange 8 mil, Medium 3 
2026-07-27 05:12:36 | DEBUG    | scraper.parser | Product 26 parsed: HEAVY DUTY 6 Mil Nitrile Black Gloves Disposable Latex Free 
2026-07-27 05:12:36 | DEBUG    | scraper.parser | Product 27 parsed: OKIAAS Men's Blue Medium Thin and Lightweight Working Gloves
2026-07-27 05:12:37 | DEBUG    | scraper.parser | Product 28 parsed: Touchscreen Nitrile Coated Work Gloves 12 Pairs Frosted Grip
2026-07-27 05:12:37 | DEBUG    | scraper.parser | Product 29 parsed: Bamllum 3 Pairs Rubber Cleaning Gloves for Household - Reusa
2026-07-27 05:12:37 | DEBUG    | scraper.parser | Product 30 parsed: Copper Compression Arthritis Gloves | Fingerless Arthritis C
2026-07-27 05:12:37 | INFO     | scraper.search | Page 7: Extracted 30 products (total: 348)
2026-07-27 05:12:37 | DEBUG    | utils.resume | Progress saved: keyword='gloves', last_completed_page=7
2026-07-27 05:12:37 | INFO     | scraper.search | ━━━ Scraping page 8 of 40 ━━━
2026-07-27 05:12:37 | INFO     | scraper.search | Navigating to page 8: https://www.amazon.com/s?k=gloves&page=8
2026-07-27 05:12:42 | DEBUG    | scraper.search | Page 8 loaded successfully.
2026-07-27 05:12:42 | INFO     | scraper.parser | Found 12 product cards on the page.
2026-07-27 05:12:42 | DEBUG    | scraper.parser | Product 1 parsed: Medical Exam Blue Nitrile Gloves Small 1000 Count - 3 Mil Po
2026-07-27 05:12:42 | DEBUG    | scraper.parser | Product 2 parsed: FRAMAR Mocha Mittens Brown Nitrile Gloves, Powder Free Glove
2026-07-27 05:12:43 | DEBUG    | scraper.parser | Product 3 parsed: Inspire HEAVY DUTY 6Mil ORIGINAL Quality Stretch Nitrile Glo
2026-07-27 05:12:43 | DEBUG    | scraper.parser | Product 4 parsed: Inspire HEAVY DUTY 6Mil ORIGINAL Quality Stretch Nitrile Glo
2026-07-27 05:12:43 | DEBUG    | scraper.parser | Product 5 parsed: Inspire HEAVY DUTY 6Mil ORIGINAL Quality Stretch Nitrile Glo
2026-07-27 05:12:43 | DEBUG    | scraper.parser | Product 6 parsed: Inspire HEAVY DUTY 6Mil ORIGINAL Quality Stretch Nitrile Glo
2026-07-27 05:12:44 | DEBUG    | scraper.parser | Product 7 parsed: Inspire Black Nitrile Gloves | THE ORIGINAL Quality Black Gl
2026-07-27 05:12:44 | DEBUG    | scraper.parser | Product 8 parsed: HEAVY DUTY 8 Mil Orange Nitrile Gloves, Diamond Textured Dis
2026-07-27 05:12:44 | DEBUG    | scraper.parser | Product 9 parsed: HEAVY DUTY 6 Mil Nitrile Black Gloves Disposable Latex Free 
2026-07-27 05:12:44 | DEBUG    | scraper.parser | Product 10 parsed: HEAVY DUTY 6 Mil Nitrile Gloves Disposable Latex Free Black 
2026-07-27 05:12:45 | DEBUG    | scraper.parser | Product 11 parsed: HEAVY DUTY 7 Mil Nitrile Black Gloves Disposable Latex Free 
2026-07-27 05:12:45 | DEBUG    | scraper.parser | Product 12 parsed: Inspire Stretch Vinyl Exam Gloves | THE ORIGINAL Quality Dis
2026-07-27 05:12:45 | INFO     | scraper.search | Page 8: Extracted 12 products (total: 360)
2026-07-27 05:12:45 | DEBUG    | utils.resume | Progress saved: keyword='gloves', last_completed_page=8
2026-07-27 05:12:45 | INFO     | scraper.search | ━━━ Scraping page 9 of 40 ━━━
2026-07-27 05:12:45 | INFO     | scraper.search | Navigating to page 9: https://www.amazon.com/s?k=gloves&page=9
2026-07-27 05:12:49 | DEBUG    | scraper.search | Page 9 loaded successfully.
2026-07-27 05:12:49 | INFO     | scraper.parser | Found 12 product cards on the page.
2026-07-27 05:12:49 | DEBUG    | scraper.parser | Product 1 parsed: Medical Exam Blue Nitrile Gloves Small 1000 Count - 3 Mil Po
2026-07-27 05:12:50 | DEBUG    | scraper.parser | Product 2 parsed: FRAMAR Mocha Mittens Brown Nitrile Gloves, Powder Free Glove
2026-07-27 05:12:50 | DEBUG    | scraper.parser | Product 3 parsed: Inspire HEAVY DUTY 6Mil ORIGINAL Quality Stretch Nitrile Glo
2026-07-27 05:12:50 | DEBUG    | scraper.parser | Product 4 parsed: Inspire HEAVY DUTY 6Mil ORIGINAL Quality Stretch Nitrile Glo
2026-07-27 05:12:50 | DEBUG    | scraper.parser | Product 5 parsed: Inspire HEAVY DUTY 6Mil ORIGINAL Quality Stretch Nitrile Glo
2026-07-27 05:12:51 | DEBUG    | scraper.parser | Product 6 parsed: Inspire HEAVY DUTY 6Mil ORIGINAL Quality Stretch Nitrile Glo
2026-07-27 05:12:51 | DEBUG    | scraper.parser | Product 7 parsed: Inspire Black Nitrile Gloves | THE ORIGINAL Quality Black Gl
2026-07-27 05:12:51 | DEBUG    | scraper.parser | Product 8 parsed: HEAVY DUTY 8 Mil Orange Nitrile Gloves, Diamond Textured Dis
2026-07-27 05:12:52 | DEBUG    | scraper.parser | Product 9 parsed: HEAVY DUTY 6 Mil Nitrile Black Gloves Disposable Latex Free 
2026-07-27 05:12:52 | DEBUG    | scraper.parser | Product 10 parsed: HEAVY DUTY 6 Mil Nitrile Gloves Disposable Latex Free Black 
2026-07-27 05:12:52 | DEBUG    | scraper.parser | Product 11 parsed: HEAVY DUTY 7 Mil Nitrile Black Gloves Disposable Latex Free 
2026-07-27 05:12:52 | DEBUG    | scraper.parser | Product 12 parsed: Inspire Stretch Vinyl Exam Gloves | THE ORIGINAL Quality Dis
2026-07-27 05:12:52 | INFO     | scraper.search | Page 9: Extracted 12 products (total: 372)
2026-07-27 05:12:52 | DEBUG    | utils.resume | Progress saved: keyword='gloves', last_completed_page=9
2026-07-27 05:12:52 | INFO     | scraper.search | ━━━ Scraping page 10 of 40 ━━━
2026-07-27 05:12:52 | INFO     | scraper.search | Navigating to page 10: https://www.amazon.com/s?k=gloves&page=10
2026-07-27 05:13:10 | WARNING  | utils.retry | Attempt 1/3 failed for 'navigate_to_page': Message: 
Stacktrace:
	chromedriver!GetHandleVerifier [0x7ff797710d25+155a5]
	chromedriver!GetHandleVerifier [0x7ff797710d80+15600]
	chromedriver!(No symbol) [0x7ff79726594d]
	chromedriver!(No symbol) [0x7ff7972c08e9]
	chromedriver!(No symbol) [0x7ff7972c0bec]
	chromedriver!(No symbol) [0x7ff797311437]
	chromedriver!(No symbol) [0x7ff79730e01b]
	chromedriver!(No symbol) [0x7ff7972b2e6c]
	chromedriver!(No symbol) [0x7ff7972b3d93]
	chromedriver!GetHandleVerifier [0x7ff797cf6431+5facb1]
	chromedriver!GetHandleVerifier [0x7ff797cf0a9b+5f531b]
	chromedriver!GetHandleVerifier [0x7ff797d15865+61a0e5]
	chromedriver!GetHandleVerifier [0x7ff79772dace+3234e]
	chromedriver!GetHandleVerifier [0x7ff79773661c+3ae9c]
	chromedriver!GetHandleVerifier [0x7ff79771ab74+1f3f4]
	chromedriver!GetHandleVerifier [0x7ff79771ad04+1f584]
	chromedriver!GetHandleVerifier [0x7ff7976fd9d7+2257]
	KERNEL32!BaseThreadInitThunk [0x7ffb3b9f7374+14]
	ntdll!RtlUserThreadStart [0x7ffb3bd1cc91+21]
. Retrying in 2.0 seconds...
2026-07-27 05:13:12 | INFO     | scraper.search | Navigating to page 10: https://www.amazon.com/s?k=gloves&page=10
2026-07-27 05:13:16 | DEBUG    | scraper.search | Page 10 loaded successfully.
2026-07-27 05:13:16 | INFO     | scraper.parser | Found 12 product cards on the page.
2026-07-27 05:13:16 | DEBUG    | scraper.parser | Product 1 parsed: Medical Exam Blue Nitrile Gloves Small 1000 Count - 3 Mil Po
2026-07-27 05:13:17 | DEBUG    | scraper.parser | Product 2 parsed: FRAMAR Mocha Mittens Brown Nitrile Gloves, Powder Free Glove
2026-07-27 05:13:17 | DEBUG    | scraper.parser | Product 3 parsed: Inspire HEAVY DUTY 6Mil ORIGINAL Quality Stretch Nitrile Glo
2026-07-27 05:13:17 | DEBUG    | scraper.parser | Product 4 parsed: Inspire HEAVY DUTY 6Mil ORIGINAL Quality Stretch Nitrile Glo
2026-07-27 05:13:17 | DEBUG    | scraper.parser | Product 5 parsed: Inspire HEAVY DUTY 6Mil ORIGINAL Quality Stretch Nitrile Glo
2026-07-27 05:13:18 | DEBUG    | scraper.parser | Product 6 parsed: Inspire HEAVY DUTY 6Mil ORIGINAL Quality Stretch Nitrile Glo
2026-07-27 05:13:18 | DEBUG    | scraper.parser | Product 7 parsed: Inspire Black Nitrile Gloves | THE ORIGINAL Quality Black Gl
2026-07-27 05:13:18 | DEBUG    | scraper.parser | Product 8 parsed: HEAVY DUTY 8 Mil Orange Nitrile Gloves, Diamond Textured Dis
2026-07-27 05:13:18 | DEBUG    | scraper.parser | Product 9 parsed: HEAVY DUTY 6 Mil Nitrile Black Gloves Disposable Latex Free 
2026-07-27 05:13:19 | DEBUG    | scraper.parser | Product 10 parsed: HEAVY DUTY 6 Mil Nitrile Gloves Disposable Latex Free Black 
2026-07-27 05:13:19 | DEBUG    | scraper.parser | Product 11 parsed: HEAVY DUTY 7 Mil Nitrile Black Gloves Disposable Latex Free 
2026-07-27 05:13:19 | DEBUG    | scraper.parser | Product 12 parsed: Inspire Stretch Vinyl Exam Gloves | THE ORIGINAL Quality Dis
2026-07-27 05:13:19 | INFO     | scraper.search | Page 10: Extracted 12 products (total: 384)
2026-07-27 05:13:19 | DEBUG    | utils.resume | Progress saved: keyword='gloves', last_completed_page=10
2026-07-27 05:13:19 | INFO     | scraper.search | ━━━ Scraping page 11 of 40 ━━━
2026-07-27 05:13:19 | INFO     | scraper.search | Navigating to page 11: https://www.amazon.com/s?k=gloves&page=11
2026-07-27 05:13:36 | WARNING  | utils.retry | Attempt 1/3 failed for 'navigate_to_page': Message: 
Stacktrace:
	chromedriver!GetHandleVerifier [0x7ff797710d25+155a5]
	chromedriver!GetHandleVerifier [0x7ff797710d80+15600]
	chromedriver!(No symbol) [0x7ff79726594d]
	chromedriver!(No symbol) [0x7ff7972c08e9]
	chromedriver!(No symbol) [0x7ff7972c0bec]
	chromedriver!(No symbol) [0x7ff797311437]
	chromedriver!(No symbol) [0x7ff79730e01b]
	chromedriver!(No symbol) [0x7ff7972b2e6c]
	chromedriver!(No symbol) [0x7ff7972b3d93]
	chromedriver!GetHandleVerifier [0x7ff797cf6431+5facb1]
	chromedriver!GetHandleVerifier [0x7ff797cf0a9b+5f531b]
	chromedriver!GetHandleVerifier [0x7ff797d15865+61a0e5]
	chromedriver!GetHandleVerifier [0x7ff79772dace+3234e]
	chromedriver!GetHandleVerifier [0x7ff79773661c+3ae9c]
	chromedriver!GetHandleVerifier [0x7ff79771ab74+1f3f4]
	chromedriver!GetHandleVerifier [0x7ff79771ad04+1f584]
	chromedriver!GetHandleVerifier [0x7ff7976fd9d7+2257]
	KERNEL32!BaseThreadInitThunk [0x7ffb3b9f7374+14]
	ntdll!RtlUserThreadStart [0x7ffb3bd1cc91+21]
. Retrying in 2.0 seconds...
2026-07-27 05:13:38 | INFO     | scraper.search | Navigating to page 11: https://www.amazon.com/s?k=gloves&page=11
2026-07-27 05:13:43 | DEBUG    | scraper.search | Page 11 loaded successfully.
2026-07-27 05:13:43 | INFO     | scraper.parser | Found 12 product cards on the page.
2026-07-27 05:13:43 | DEBUG    | scraper.parser | Product 1 parsed: Medical Exam Blue Nitrile Gloves Small 1000 Count - 3 Mil Po
2026-07-27 05:13:44 | DEBUG    | scraper.parser | Product 2 parsed: FRAMAR Mocha Mittens Brown Nitrile Gloves, Powder Free Glove
2026-07-27 05:13:44 | DEBUG    | scraper.parser | Product 3 parsed: Inspire HEAVY DUTY 6Mil ORIGINAL Quality Stretch Nitrile Glo
2026-07-27 05:13:44 | DEBUG    | scraper.parser | Product 4 parsed: Inspire HEAVY DUTY 6Mil ORIGINAL Quality Stretch Nitrile Glo
2026-07-27 05:13:45 | DEBUG    | scraper.parser | Product 5 parsed: Inspire HEAVY DUTY 6Mil ORIGINAL Quality Stretch Nitrile Glo
2026-07-27 05:13:45 | DEBUG    | scraper.parser | Product 6 parsed: Inspire HEAVY DUTY 6Mil ORIGINAL Quality Stretch Nitrile Glo
2026-07-27 05:13:45 | DEBUG    | scraper.parser | Product 7 parsed: Inspire Black Nitrile Gloves | THE ORIGINAL Quality Black Gl
2026-07-27 05:13:45 | DEBUG    | scraper.parser | Product 8 parsed: HEAVY DUTY 8 Mil Orange Nitrile Gloves, Diamond Textured Dis
2026-07-27 05:13:46 | DEBUG    | scraper.parser | Product 9 parsed: HEAVY DUTY 6 Mil Nitrile Black Gloves Disposable Latex Free 
2026-07-27 05:13:46 | DEBUG    | scraper.parser | Product 10 parsed: HEAVY DUTY 6 Mil Nitrile Gloves Disposable Latex Free Black 
2026-07-27 05:13:46 | DEBUG    | scraper.parser | Product 11 parsed: Inspire Stretch Vinyl Exam Gloves | THE ORIGINAL Quality Dis
2026-07-27 05:13:47 | DEBUG    | scraper.parser | Product 12 parsed: HEAVY DUTY 7 Mil Nitrile Black Gloves Disposable Latex Free 
2026-07-27 05:13:47 | INFO     | scraper.search | Page 11: Extracted 12 products (total: 396)
2026-07-27 05:13:47 | DEBUG    | utils.resume | Progress saved: keyword='gloves', last_completed_page=11
2026-07-27 05:13:47 | INFO     | scraper.search | ━━━ Scraping page 12 of 40 ━━━
2026-07-27 05:13:47 | INFO     | scraper.search | Navigating to page 12: https://www.amazon.com/s?k=gloves&page=12
2026-07-27 05:13:51 | DEBUG    | scraper.search | Page 12 loaded successfully.
2026-07-27 05:13:51 | INFO     | scraper.parser | Found 12 product cards on the page.
2026-07-27 05:13:51 | DEBUG    | scraper.parser | Product 1 parsed: Medical Exam Blue Nitrile Gloves Small 1000 Count - 3 Mil Po
2026-07-27 05:13:51 | DEBUG    | scraper.parser | Product 2 parsed: FRAMAR Mocha Mittens Brown Nitrile Gloves, Powder Free Glove
2026-07-27 05:13:52 | DEBUG    | scraper.parser | Product 3 parsed: Inspire HEAVY DUTY 6Mil ORIGINAL Quality Stretch Nitrile Glo
2026-07-27 05:13:52 | DEBUG    | scraper.parser | Product 4 parsed: Inspire HEAVY DUTY 6Mil ORIGINAL Quality Stretch Nitrile Glo
2026-07-27 05:13:52 | DEBUG    | scraper.parser | Product 5 parsed: Inspire HEAVY DUTY 6Mil ORIGINAL Quality Stretch Nitrile Glo
2026-07-27 05:13:52 | DEBUG    | scraper.parser | Product 6 parsed: Inspire HEAVY DUTY 6Mil ORIGINAL Quality Stretch Nitrile Glo
2026-07-27 05:13:53 | DEBUG    | scraper.parser | Product 7 parsed: Inspire Black Nitrile Gloves | THE ORIGINAL Quality Black Gl
2026-07-27 05:13:53 | DEBUG    | scraper.parser | Product 8 parsed: HEAVY DUTY 8 Mil Orange Nitrile Gloves, Diamond Textured Dis
2026-07-27 05:13:53 | DEBUG    | scraper.parser | Product 9 parsed: HEAVY DUTY 6 Mil Nitrile Black Gloves Disposable Latex Free 
2026-07-27 05:13:53 | DEBUG    | scraper.parser | Product 10 parsed: HEAVY DUTY 6 Mil Nitrile Gloves Disposable Latex Free Black 
2026-07-27 05:13:54 | DEBUG    | scraper.parser | Product 11 parsed: Inspire Stretch Vinyl Exam Gloves | THE ORIGINAL Quality Dis
2026-07-27 05:13:54 | DEBUG    | scraper.parser | Product 12 parsed: JMU Black Nitrile Gloves Medium Bulk, Case of 1200, 3.5Mil, 
2026-07-27 05:13:54 | INFO     | scraper.search | Page 12: Extracted 12 products (total: 408)
2026-07-27 05:13:54 | DEBUG    | utils.resume | Progress saved: keyword='gloves', last_completed_page=12
2026-07-27 05:13:54 | INFO     | scraper.search | ━━━ Scraping page 13 of 40 ━━━
2026-07-27 05:13:54 | INFO     | scraper.search | Navigating to page 13: https://www.amazon.com/s?k=gloves&page=13
2026-07-27 05:13:59 | DEBUG    | scraper.search | Page 13 loaded successfully.
2026-07-27 05:13:59 | INFO     | scraper.parser | Found 12 product cards on the page.
2026-07-27 05:13:59 | DEBUG    | scraper.parser | Product 1 parsed: Medical Exam Blue Nitrile Gloves Small 1000 Count - 3 Mil Po
2026-07-27 05:14:00 | DEBUG    | scraper.parser | Product 2 parsed: FRAMAR Mocha Mittens Brown Nitrile Gloves, Powder Free Glove
2026-07-27 05:14:00 | DEBUG    | scraper.parser | Product 3 parsed: Inspire HEAVY DUTY 6Mil ORIGINAL Quality Stretch Nitrile Glo
2026-07-27 05:14:00 | DEBUG    | scraper.parser | Product 4 parsed: Inspire HEAVY DUTY 6Mil ORIGINAL Quality Stretch Nitrile Glo
2026-07-27 05:14:00 | DEBUG    | scraper.parser | Product 5 parsed: Inspire HEAVY DUTY 6Mil ORIGINAL Quality Stretch Nitrile Glo
2026-07-27 05:14:01 | DEBUG    | scraper.parser | Product 6 parsed: Inspire HEAVY DUTY 6Mil ORIGINAL Quality Stretch Nitrile Glo
2026-07-27 05:14:01 | DEBUG    | scraper.parser | Product 7 parsed: Inspire Black Nitrile Gloves | THE ORIGINAL Quality Black Gl
2026-07-27 05:14:01 | DEBUG    | scraper.parser | Product 8 parsed: HEAVY DUTY 8 Mil Orange Nitrile Gloves, Diamond Textured Dis
2026-07-27 05:14:01 | DEBUG    | scraper.parser | Product 9 parsed: HEAVY DUTY 6 Mil Nitrile Black Gloves Disposable Latex Free 
2026-07-27 05:14:02 | DEBUG    | scraper.parser | Product 10 parsed: HEAVY DUTY 6 Mil Nitrile Gloves Disposable Latex Free Black 
2026-07-27 05:14:02 | DEBUG    | scraper.parser | Product 11 parsed: Inspire Stretch Vinyl Exam Gloves | THE ORIGINAL Quality Dis
2026-07-27 05:14:02 | DEBUG    | scraper.parser | Product 12 parsed: JMU Black Nitrile Gloves Medium Bulk, Case of 1200, 3.5Mil, 
2026-07-27 05:14:02 | INFO     | scraper.search | Page 13: Extracted 12 products (total: 420)
2026-07-27 05:14:02 | DEBUG    | utils.resume | Progress saved: keyword='gloves', last_completed_page=13
2026-07-27 05:14:02 | INFO     | scraper.search | ━━━ Scraping page 14 of 40 ━━━
2026-07-27 05:14:02 | INFO     | scraper.search | Navigating to page 14: https://www.amazon.com/s?k=gloves&page=14
2026-07-27 05:14:07 | DEBUG    | scraper.search | Page 14 loaded successfully.
2026-07-27 05:14:07 | INFO     | scraper.parser | Found 12 product cards on the page.
2026-07-27 05:14:07 | DEBUG    | scraper.parser | Product 1 parsed: Medical Exam Blue Nitrile Gloves Small 1000 Count - 3 Mil Po
2026-07-27 05:14:07 | DEBUG    | scraper.parser | Product 2 parsed: FRAMAR Mocha Mittens Brown Nitrile Gloves, Powder Free Glove
2026-07-27 05:14:08 | DEBUG    | scraper.parser | Product 3 parsed: Inspire HEAVY DUTY 6Mil ORIGINAL Quality Stretch Nitrile Glo
2026-07-27 05:14:08 | DEBUG    | scraper.parser | Product 4 parsed: Inspire HEAVY DUTY 6Mil ORIGINAL Quality Stretch Nitrile Glo
2026-07-27 05:14:08 | DEBUG    | scraper.parser | Product 5 parsed: Inspire HEAVY DUTY 6Mil ORIGINAL Quality Stretch Nitrile Glo
2026-07-27 05:14:08 | DEBUG    | scraper.parser | Product 6 parsed: Inspire HEAVY DUTY 6Mil ORIGINAL Quality Stretch Nitrile Glo
2026-07-27 05:14:09 | DEBUG    | scraper.parser | Product 7 parsed: Inspire Black Nitrile Gloves | THE ORIGINAL Quality Black Gl
2026-07-27 05:14:09 | DEBUG    | scraper.parser | Product 8 parsed: HEAVY DUTY 8 Mil Orange Nitrile Gloves, Diamond Textured Dis
2026-07-27 05:14:09 | DEBUG    | scraper.parser | Product 9 parsed: HEAVY DUTY 6 Mil Nitrile Black Gloves Disposable Latex Free 
2026-07-27 05:14:09 | DEBUG    | scraper.parser | Product 10 parsed: Inspire Stretch Vinyl Exam Gloves | THE ORIGINAL Quality Dis
2026-07-27 05:14:10 | DEBUG    | scraper.parser | Product 11 parsed: JMU Black Nitrile Gloves Medium Bulk, Case of 1200, 3.5Mil, 
2026-07-27 05:14:10 | DEBUG    | scraper.parser | Product 12 parsed: HEAVY DUTY 7 Mil Nitrile Black Gloves Disposable Latex Free 
2026-07-27 05:14:10 | INFO     | scraper.search | Page 14: Extracted 12 products (total: 432)
2026-07-27 05:14:10 | DEBUG    | utils.resume | Progress saved: keyword='gloves', last_completed_page=14
2026-07-27 05:14:10 | INFO     | scraper.search | ━━━ Scraping page 15 of 40 ━━━
2026-07-27 05:14:10 | INFO     | scraper.search | Navigating to page 15: https://www.amazon.com/s?k=gloves&page=15
2026-07-27 05:14:15 | DEBUG    | scraper.search | Page 15 loaded successfully.
2026-07-27 05:14:15 | INFO     | scraper.parser | Found 12 product cards on the page.
2026-07-27 05:14:15 | DEBUG    | scraper.parser | Product 1 parsed: Medical Exam Blue Nitrile Gloves Small 1000 Count - 3 Mil Po
2026-07-27 05:14:16 | DEBUG    | scraper.parser | Product 2 parsed: FRAMAR Mocha Mittens Brown Nitrile Gloves, Powder Free Glove
2026-07-27 05:14:16 | DEBUG    | scraper.parser | Product 3 parsed: Inspire HEAVY DUTY 6Mil ORIGINAL Quality Stretch Nitrile Glo
2026-07-27 05:14:16 | DEBUG    | scraper.parser | Product 4 parsed: Inspire HEAVY DUTY 6Mil ORIGINAL Quality Stretch Nitrile Glo
2026-07-27 05:14:16 | DEBUG    | scraper.parser | Product 5 parsed: Inspire HEAVY DUTY 6Mil ORIGINAL Quality Stretch Nitrile Glo
2026-07-27 05:14:17 | DEBUG    | scraper.parser | Product 6 parsed: Inspire HEAVY DUTY 6Mil ORIGINAL Quality Stretch Nitrile Glo
2026-07-27 05:14:17 | DEBUG    | scraper.parser | Product 7 parsed: Inspire Black Nitrile Gloves | THE ORIGINAL Quality Black Gl
2026-07-27 05:14:17 | DEBUG    | scraper.parser | Product 8 parsed: HEAVY DUTY 8 Mil Orange Nitrile Gloves, Diamond Textured Dis
2026-07-27 05:14:17 | DEBUG    | scraper.parser | Product 9 parsed: HEAVY DUTY 6 Mil Nitrile Black Gloves Disposable Latex Free 
2026-07-27 05:14:18 | DEBUG    | scraper.parser | Product 10 parsed: Inspire Stretch Vinyl Exam Gloves | THE ORIGINAL Quality Dis
2026-07-27 05:14:18 | DEBUG    | scraper.parser | Product 11 parsed: JMU Black Nitrile Gloves Medium Bulk, Case of 1200, 3.5Mil, 
2026-07-27 05:14:18 | DEBUG    | scraper.parser | Product 12 parsed: HEAVY DUTY 6 Mil Nitrile Gloves Disposable Latex Free Black 
2026-07-27 05:14:18 | INFO     | scraper.search | Page 15: Extracted 12 products (total: 444)
2026-07-27 05:14:18 | DEBUG    | utils.resume | Progress saved: keyword='gloves', last_completed_page=15
2026-07-27 05:14:18 | INFO     | scraper.search | ━━━ Scraping page 16 of 40 ━━━
2026-07-27 05:14:18 | INFO     | scraper.search | Navigating to page 16: https://www.amazon.com/s?k=gloves&page=16
2026-07-27 05:14:24 | DEBUG    | scraper.search | Page 16 loaded successfully.
2026-07-27 05:14:24 | INFO     | scraper.parser | Found 12 product cards on the page.
2026-07-27 05:14:25 | DEBUG    | scraper.parser | Product 1 parsed: Medical Exam Blue Nitrile Gloves Small 1000 Count - 3 Mil Po
2026-07-27 05:14:25 | DEBUG    | scraper.parser | Product 2 parsed: FRAMAR Mocha Mittens Brown Nitrile Gloves, Powder Free Glove
2026-07-27 05:14:25 | DEBUG    | scraper.parser | Product 3 parsed: Inspire HEAVY DUTY 6Mil ORIGINAL Quality Stretch Nitrile Glo
2026-07-27 05:14:26 | DEBUG    | scraper.parser | Product 4 parsed: Inspire HEAVY DUTY 6Mil ORIGINAL Quality Stretch Nitrile Glo
2026-07-27 05:14:26 | DEBUG    | scraper.parser | Product 5 parsed: Inspire HEAVY DUTY 6Mil ORIGINAL Quality Stretch Nitrile Glo
2026-07-27 05:14:26 | DEBUG    | scraper.parser | Product 6 parsed: Inspire HEAVY DUTY 6Mil ORIGINAL Quality Stretch Nitrile Glo
2026-07-27 05:14:27 | DEBUG    | scraper.parser | Product 7 parsed: Inspire Black Nitrile Gloves | THE ORIGINAL Quality Black Gl
2026-07-27 05:14:27 | DEBUG    | scraper.parser | Product 8 parsed: HEAVY DUTY 8 Mil Orange Nitrile Gloves, Diamond Textured Dis
2026-07-27 05:14:27 | DEBUG    | scraper.parser | Product 9 parsed: HEAVY DUTY 6 Mil Nitrile Black Gloves Disposable Latex Free 
2026-07-27 05:14:28 | DEBUG    | scraper.parser | Product 10 parsed: Inspire Stretch Vinyl Exam Gloves | THE ORIGINAL Quality Dis
2026-07-27 05:14:28 | DEBUG    | scraper.parser | Product 11 parsed: JMU Black Nitrile Gloves Medium Bulk, Case of 1200, 3.5Mil, 
2026-07-27 05:14:29 | DEBUG    | scraper.parser | Product 12 parsed: HEAVY DUTY 7 Mil Nitrile Black Gloves Disposable Latex Free 
2026-07-27 05:14:29 | INFO     | scraper.search | Page 16: Extracted 12 products (total: 456)
2026-07-27 05:14:29 | DEBUG    | utils.resume | Progress saved: keyword='gloves', last_completed_page=16
2026-07-27 05:14:29 | INFO     | scraper.search | ━━━ Scraping page 17 of 40 ━━━
2026-07-27 05:14:29 | INFO     | scraper.search | Navigating to page 17: https://www.amazon.com/s?k=gloves&page=17
2026-07-27 05:14:34 | DEBUG    | scraper.search | Page 17 loaded successfully.
2026-07-27 05:14:34 | INFO     | scraper.parser | Found 12 product cards on the page.
2026-07-27 05:14:35 | DEBUG    | scraper.parser | Product 1 parsed: Medical Exam Blue Nitrile Gloves Small 1000 Count - 3 Mil Po
2026-07-27 05:14:35 | DEBUG    | scraper.parser | Product 2 parsed: FRAMAR Mocha Mittens Brown Nitrile Gloves, Powder Free Glove
2026-07-27 05:14:35 | DEBUG    | scraper.parser | Product 3 parsed: Inspire HEAVY DUTY 6Mil ORIGINAL Quality Stretch Nitrile Glo
2026-07-27 05:14:36 | DEBUG    | scraper.parser | Product 4 parsed: Inspire HEAVY DUTY 6Mil ORIGINAL Quality Stretch Nitrile Glo
2026-07-27 05:14:36 | DEBUG    | scraper.parser | Product 5 parsed: Inspire HEAVY DUTY 6Mil ORIGINAL Quality Stretch Nitrile Glo
2026-07-27 05:14:36 | DEBUG    | scraper.parser | Product 6 parsed: Inspire HEAVY DUTY 6Mil ORIGINAL Quality Stretch Nitrile Glo
2026-07-27 05:14:37 | DEBUG    | scraper.parser | Product 7 parsed: Inspire Black Nitrile Gloves | THE ORIGINAL Quality Black Gl
2026-07-27 05:14:37 | DEBUG    | scraper.parser | Product 8 parsed: HEAVY DUTY 8 Mil Orange Nitrile Gloves, Diamond Textured Dis
2026-07-27 05:14:38 | DEBUG    | scraper.parser | Product 9 parsed: HEAVY DUTY 6 Mil Nitrile Black Gloves Disposable Latex Free 
2026-07-27 05:14:38 | DEBUG    | scraper.parser | Product 10 parsed: Inspire Stretch Vinyl Exam Gloves | THE ORIGINAL Quality Dis
2026-07-27 05:14:38 | DEBUG    | scraper.parser | Product 11 parsed: JMU Black Nitrile Gloves Medium Bulk, Case of 1200, 3.5Mil, 
2026-07-27 05:14:39 | DEBUG    | scraper.parser | Product 12 parsed: HEAVY DUTY 7 Mil Nitrile Black Gloves Disposable Latex Free 
2026-07-27 05:14:39 | INFO     | scraper.search | Page 17: Extracted 12 products (total: 468)
2026-07-27 05:14:39 | DEBUG    | utils.resume | Progress saved: keyword='gloves', last_completed_page=17
2026-07-27 05:14:39 | INFO     | scraper.search | ━━━ Scraping page 18 of 40 ━━━
2026-07-27 05:14:39 | INFO     | scraper.search | Navigating to page 18: https://www.amazon.com/s?k=gloves&page=18
2026-07-27 05:14:56 | WARNING  | utils.retry | Attempt 1/3 failed for 'navigate_to_page': Message: 
Stacktrace:
	chromedriver!GetHandleVerifier [0x7ff797710d25+155a5]
	chromedriver!GetHandleVerifier [0x7ff797710d80+15600]
	chromedriver!(No symbol) [0x7ff79726594d]
	chromedriver!(No symbol) [0x7ff7972c08e9]
	chromedriver!(No symbol) [0x7ff7972c0bec]
	chromedriver!(No symbol) [0x7ff797311437]
	chromedriver!(No symbol) [0x7ff79730e01b]
	chromedriver!(No symbol) [0x7ff7972b2e6c]
	chromedriver!(No symbol) [0x7ff7972b3d93]
	chromedriver!GetHandleVerifier [0x7ff797cf6431+5facb1]
	chromedriver!GetHandleVerifier [0x7ff797cf0a9b+5f531b]
	chromedriver!GetHandleVerifier [0x7ff797d15865+61a0e5]
	chromedriver!GetHandleVerifier [0x7ff79772dace+3234e]
	chromedriver!GetHandleVerifier [0x7ff79773661c+3ae9c]
	chromedriver!GetHandleVerifier [0x7ff79771ab74+1f3f4]
	chromedriver!GetHandleVerifier [0x7ff79771ad04+1f584]
	chromedriver!GetHandleVerifier [0x7ff7976fd9d7+2257]
	KERNEL32!BaseThreadInitThunk [0x7ffb3b9f7374+14]
	ntdll!RtlUserThreadStart [0x7ffb3bd1cc91+21]
. Retrying in 2.0 seconds...
2026-07-27 05:14:58 | INFO     | scraper.search | Navigating to page 18: https://www.amazon.com/s?k=gloves&page=18
2026-07-27 05:15:02 | DEBUG    | scraper.search | Page 18 loaded successfully.
2026-07-27 05:15:02 | INFO     | scraper.parser | Found 12 product cards on the page.
2026-07-27 05:15:03 | DEBUG    | scraper.parser | Product 1 parsed: Medical Exam Blue Nitrile Gloves Small 1000 Count - 3 Mil Po
2026-07-27 05:15:03 | DEBUG    | scraper.parser | Product 2 parsed: FRAMAR Mocha Mittens Brown Nitrile Gloves, Powder Free Glove
2026-07-27 05:15:04 | DEBUG    | scraper.parser | Product 3 parsed: Inspire HEAVY DUTY 6Mil ORIGINAL Quality Stretch Nitrile Glo
2026-07-27 05:15:04 | DEBUG    | scraper.parser | Product 4 parsed: Inspire HEAVY DUTY 6Mil ORIGINAL Quality Stretch Nitrile Glo
2026-07-27 05:15:05 | DEBUG    | scraper.parser | Product 5 parsed: Inspire HEAVY DUTY 6Mil ORIGINAL Quality Stretch Nitrile Glo
2026-07-27 05:15:05 | DEBUG    | scraper.parser | Product 6 parsed: Inspire HEAVY DUTY 6Mil ORIGINAL Quality Stretch Nitrile Glo
2026-07-27 05:15:05 | DEBUG    | scraper.parser | Product 7 parsed: Inspire Black Nitrile Gloves | THE ORIGINAL Quality Black Gl
2026-07-27 05:15:06 | DEBUG    | scraper.parser | Product 8 parsed: HEAVY DUTY 8 Mil Orange Nitrile Gloves, Diamond Textured Dis
2026-07-27 05:15:06 | DEBUG    | scraper.parser | Product 9 parsed: HEAVY DUTY 6 Mil Nitrile Black Gloves Disposable Latex Free 
2026-07-27 05:15:07 | DEBUG    | scraper.parser | Product 10 parsed: Inspire Stretch Vinyl Exam Gloves | THE ORIGINAL Quality Dis
2026-07-27 05:15:07 | DEBUG    | scraper.parser | Product 11 parsed: JMU Black Nitrile Gloves Medium Bulk, Case of 1200, 3.5Mil, 
2026-07-27 05:15:07 | DEBUG    | scraper.parser | Product 12 parsed: HEAVY DUTY 6 Mil Nitrile Gloves Disposable Latex Free Black 
2026-07-27 05:15:07 | INFO     | scraper.search | Page 18: Extracted 12 products (total: 480)
2026-07-27 05:15:07 | DEBUG    | utils.resume | Progress saved: keyword='gloves', last_completed_page=18
2026-07-27 05:15:07 | INFO     | scraper.search | ━━━ Scraping page 19 of 40 ━━━
2026-07-27 05:15:07 | INFO     | scraper.search | Navigating to page 19: https://www.amazon.com/s?k=gloves&page=19
2026-07-27 05:15:12 | DEBUG    | scraper.search | Page 19 loaded successfully.
2026-07-27 05:15:12 | INFO     | scraper.parser | Found 12 product cards on the page.
2026-07-27 05:15:12 | DEBUG    | scraper.parser | Product 1 parsed: Medical Exam Blue Nitrile Gloves Small 1000 Count - 3 Mil Po
2026-07-27 05:15:13 | DEBUG    | scraper.parser | Product 2 parsed: FRAMAR Mocha Mittens Brown Nitrile Gloves, Powder Free Glove
2026-07-27 05:15:13 | DEBUG    | scraper.parser | Product 3 parsed: Inspire HEAVY DUTY 6Mil ORIGINAL Quality Stretch Nitrile Glo
2026-07-27 05:15:13 | DEBUG    | scraper.parser | Product 4 parsed: Inspire HEAVY DUTY 6Mil ORIGINAL Quality Stretch Nitrile Glo
2026-07-27 05:15:14 | DEBUG    | scraper.parser | Product 5 parsed: Inspire HEAVY DUTY 6Mil ORIGINAL Quality Stretch Nitrile Glo
2026-07-27 05:15:14 | DEBUG    | scraper.parser | Product 6 parsed: Inspire HEAVY DUTY 6Mil ORIGINAL Quality Stretch Nitrile Glo
2026-07-27 05:15:15 | DEBUG    | scraper.parser | Product 7 parsed: Inspire Black Nitrile Gloves | THE ORIGINAL Quality Black Gl
2026-07-27 05:15:15 | DEBUG    | scraper.parser | Product 8 parsed: HEAVY DUTY 8 Mil Orange Nitrile Gloves, Diamond Textured Dis
2026-07-27 05:15:15 | DEBUG    | scraper.parser | Product 9 parsed: HEAVY DUTY 6 Mil Nitrile Black Gloves Disposable Latex Free 
2026-07-27 05:15:16 | DEBUG    | scraper.parser | Product 10 parsed: Inspire Stretch Vinyl Exam Gloves | THE ORIGINAL Quality Dis
2026-07-27 05:15:16 | DEBUG    | scraper.parser | Product 11 parsed: JMU Black Nitrile Gloves Medium Bulk, Case of 1200, 3.5Mil, 
2026-07-27 05:15:16 | DEBUG    | scraper.parser | Product 12 parsed: HEAVY DUTY 7 Mil Nitrile Black Gloves Disposable Latex Free 
2026-07-27 05:15:16 | INFO     | scraper.search | Page 19: Extracted 12 products (total: 492)
2026-07-27 05:15:16 | DEBUG    | utils.resume | Progress saved: keyword='gloves', last_completed_page=19
2026-07-27 05:15:16 | INFO     | scraper.search | ━━━ Scraping page 20 of 40 ━━━
2026-07-27 05:15:16 | INFO     | scraper.search | Navigating to page 20: https://www.amazon.com/s?k=gloves&page=20
2026-07-27 05:15:34 | WARNING  | utils.retry | Attempt 1/3 failed for 'navigate_to_page': Message: 
Stacktrace:
	chromedriver!GetHandleVerifier [0x7ff797710d25+155a5]
	chromedriver!GetHandleVerifier [0x7ff797710d80+15600]
	chromedriver!(No symbol) [0x7ff79726594d]
	chromedriver!(No symbol) [0x7ff7972c08e9]
	chromedriver!(No symbol) [0x7ff7972c0bec]
	chromedriver!(No symbol) [0x7ff797311437]
	chromedriver!(No symbol) [0x7ff79730e01b]
	chromedriver!(No symbol) [0x7ff7972b2e6c]
	chromedriver!(No symbol) [0x7ff7972b3d93]
	chromedriver!GetHandleVerifier [0x7ff797cf6431+5facb1]
	chromedriver!GetHandleVerifier [0x7ff797cf0a9b+5f531b]
	chromedriver!GetHandleVerifier [0x7ff797d15865+61a0e5]
	chromedriver!GetHandleVerifier [0x7ff79772dace+3234e]
	chromedriver!GetHandleVerifier [0x7ff79773661c+3ae9c]
	chromedriver!GetHandleVerifier [0x7ff79771ab74+1f3f4]
	chromedriver!GetHandleVerifier [0x7ff79771ad04+1f584]
	chromedriver!GetHandleVerifier [0x7ff7976fd9d7+2257]
	KERNEL32!BaseThreadInitThunk [0x7ffb3b9f7374+14]
	ntdll!RtlUserThreadStart [0x7ffb3bd1cc91+21]
. Retrying in 2.0 seconds...
2026-07-27 05:15:36 | INFO     | scraper.search | Navigating to page 20: https://www.amazon.com/s?k=gloves&page=20
2026-07-27 05:15:40 | DEBUG    | scraper.search | Page 20 loaded successfully.
2026-07-27 05:15:40 | INFO     | scraper.parser | Found 12 product cards on the page.
2026-07-27 05:15:41 | DEBUG    | scraper.parser | Product 1 parsed: Medical Exam Blue Nitrile Gloves Small 1000 Count - 3 Mil Po
2026-07-27 05:15:41 | DEBUG    | scraper.parser | Product 2 parsed: FRAMAR Mocha Mittens Brown Nitrile Gloves, Powder Free Glove
2026-07-27 05:15:41 | DEBUG    | scraper.parser | Product 3 parsed: Inspire HEAVY DUTY 6Mil ORIGINAL Quality Stretch Nitrile Glo
2026-07-27 05:15:42 | DEBUG    | scraper.parser | Product 4 parsed: Inspire HEAVY DUTY 6Mil ORIGINAL Quality Stretch Nitrile Glo
2026-07-27 05:15:42 | DEBUG    | scraper.parser | Product 5 parsed: linconson 12 Pack Safety Performance Series Construction Mec
2026-07-27 05:15:42 | DEBUG    | scraper.parser | Product 6 parsed: Mechanix Wear FastFit Tactical Covert Gloves, Medium | Heavy
2026-07-27 05:15:43 | DEBUG    | scraper.parser | Product 7 parsed: Dealmed Medical Exam Gloves – 2000 Count Large Nitrile Glove
2026-07-27 05:15:43 | DEBUG    | scraper.parser | Product 8 parsed: Nitrile Gloves 100Pcs 1000 Pcs Disposable Blue, Small/Medium
2026-07-27 05:15:43 | DEBUG    | scraper.parser | Product 9 parsed: Mechanix Wear: FastFit Work Glove with Elastic Cuff for Secu
2026-07-27 05:15:44 | DEBUG    | scraper.parser | Product 10 parsed: GLOVEWORKS Nitrile Gloves Disposable Orange 8 mil, X-Large 4
2026-07-27 05:15:44 | DEBUG    | scraper.parser | Product 11 parsed: Inspire Black Nitrile Gloves | THE ORIGINAL Quality Black Gl
2026-07-27 05:15:44 | DEBUG    | scraper.parser | Product 12 parsed: JMU Black Nitrile Gloves Medium Bulk, Case of 1200, 3.5Mil, 
2026-07-27 05:15:44 | INFO     | scraper.search | Page 20: Extracted 12 products (total: 504)
2026-07-27 05:15:44 | DEBUG    | utils.resume | Progress saved: keyword='gloves', last_completed_page=20
2026-07-27 05:15:44 | INFO     | scraper.search | ━━━ Scraping page 21 of 40 ━━━
2026-07-27 05:15:44 | INFO     | scraper.search | Navigating to page 21: https://www.amazon.com/s?k=gloves&page=21
2026-07-27 05:15:49 | DEBUG    | scraper.search | Page 21 loaded successfully.
2026-07-27 05:15:49 | INFO     | scraper.parser | Found 12 product cards on the page.
2026-07-27 05:15:49 | DEBUG    | scraper.parser | Product 1 parsed: Medical Exam Blue Nitrile Gloves Small 1000 Count - 3 Mil Po
2026-07-27 05:15:49 | DEBUG    | scraper.parser | Product 2 parsed: FRAMAR Mocha Mittens Brown Nitrile Gloves, Powder Free Glove
2026-07-27 05:15:49 | DEBUG    | scraper.parser | Product 3 parsed: Inspire HEAVY DUTY 6Mil ORIGINAL Quality Stretch Nitrile Glo
2026-07-27 05:15:50 | DEBUG    | scraper.parser | Product 4 parsed: Inspire HEAVY DUTY 6Mil ORIGINAL Quality Stretch Nitrile Glo
2026-07-27 05:15:50 | DEBUG    | scraper.parser | Product 5 parsed: Mechanix Wear: FastFit Work Glove with Elastic Cuff for Secu
2026-07-27 05:15:50 | DEBUG    | scraper.parser | Product 6 parsed: Inspire HEAVY DUTY 6Mil ORIGINAL Quality Stretch Nitrile Glo
2026-07-27 05:15:51 | DEBUG    | scraper.parser | Product 7 parsed: Inspire HEAVY DUTY 6Mil ORIGINAL Quality Stretch Nitrile Glo
2026-07-27 05:15:51 | DEBUG    | scraper.parser | Product 8 parsed: YESWELDER Premium Goatskin TIG Welding Gloves | Top Grain Le
2026-07-27 05:15:51 | DEBUG    | scraper.parser | Product 9 parsed: Inspire Black Nitrile Gloves | THE ORIGINAL Quality Black Gl
2026-07-27 05:15:52 | DEBUG    | scraper.parser | Product 10 parsed: HEAVY DUTY 8 Mil Orange Nitrile Gloves, Diamond Textured Dis
2026-07-27 05:15:52 | DEBUG    | scraper.parser | Product 11 parsed: Mechanix Wear FastFit Tactical Covert Gloves, Medium | Heavy
2026-07-27 05:15:53 | DEBUG    | scraper.parser | Product 12 parsed: HEAVY DUTY 6 Mil Nitrile Black Gloves Disposable Latex Free 
2026-07-27 05:15:53 | INFO     | scraper.search | Page 21: Extracted 12 products (total: 516)
2026-07-27 05:15:53 | DEBUG    | utils.resume | Progress saved: keyword='gloves', last_completed_page=21
2026-07-27 05:15:53 | INFO     | scraper.search | ━━━ Scraping page 22 of 40 ━━━
2026-07-27 05:15:53 | INFO     | scraper.search | Navigating to page 22: https://www.amazon.com/s?k=gloves&page=22
2026-07-27 05:15:58 | DEBUG    | scraper.search | Page 22 loaded successfully.
2026-07-27 05:15:58 | INFO     | scraper.parser | Found 12 product cards on the page.
2026-07-27 05:15:59 | DEBUG    | scraper.parser | Product 1 parsed: Medical Exam Blue Nitrile Gloves Small 1000 Count - 3 Mil Po
2026-07-27 05:15:59 | DEBUG    | scraper.parser | Product 2 parsed: FRAMAR Mocha Mittens Brown Nitrile Gloves, Powder Free Glove
2026-07-27 05:16:00 | DEBUG    | scraper.parser | Product 3 parsed: Inspire HEAVY DUTY 6Mil ORIGINAL Quality Stretch Nitrile Glo
2026-07-27 05:16:00 | DEBUG    | scraper.parser | Product 4 parsed: Inspire HEAVY DUTY 6Mil ORIGINAL Quality Stretch Nitrile Glo
2026-07-27 05:16:00 | DEBUG    | scraper.parser | Product 5 parsed: Inspire HEAVY DUTY 6Mil ORIGINAL Quality Stretch Nitrile Glo
2026-07-27 05:16:01 | DEBUG    | scraper.parser | Product 6 parsed: Inspire HEAVY DUTY 6Mil ORIGINAL Quality Stretch Nitrile Glo
2026-07-27 05:16:01 | DEBUG    | scraper.parser | Product 7 parsed: Inspire Black Nitrile Gloves | THE ORIGINAL Quality Black Gl
2026-07-27 05:16:02 | DEBUG    | scraper.parser | Product 8 parsed: HEAVY DUTY 8 Mil Orange Nitrile Gloves, Diamond Textured Dis
2026-07-27 05:16:02 | DEBUG    | scraper.parser | Product 9 parsed: HEAVY DUTY 6 Mil Nitrile Black Gloves Disposable Latex Free 
2026-07-27 05:16:02 | DEBUG    | scraper.parser | Product 10 parsed: Inspire Stretch Vinyl Exam Gloves | THE ORIGINAL Quality Dis
2026-07-27 05:16:03 | DEBUG    | scraper.parser | Product 11 parsed: JMU Black Nitrile Gloves Medium Bulk, Case of 1200, 3.5Mil, 
2026-07-27 05:16:03 | DEBUG    | scraper.parser | Product 12 parsed: HEAVY DUTY 6 Mil Nitrile Gloves Disposable Latex Free Black 
2026-07-27 05:16:03 | INFO     | scraper.search | Page 22: Extracted 12 products (total: 528)
2026-07-27 05:16:03 | DEBUG    | utils.resume | Progress saved: keyword='gloves', last_completed_page=22
2026-07-27 05:16:03 | INFO     | scraper.search | ━━━ Scraping page 23 of 40 ━━━
2026-07-27 05:16:03 | INFO     | scraper.search | Navigating to page 23: https://www.amazon.com/s?k=gloves&page=23
2026-07-27 05:16:21 | WARNING  | utils.retry | Attempt 1/3 failed for 'navigate_to_page': Message: 
Stacktrace:
	chromedriver!GetHandleVerifier [0x7ff797710d25+155a5]
	chromedriver!GetHandleVerifier [0x7ff797710d80+15600]
	chromedriver!(No symbol) [0x7ff79726594d]
	chromedriver!(No symbol) [0x7ff7972c08e9]
	chromedriver!(No symbol) [0x7ff7972c0bec]
	chromedriver!(No symbol) [0x7ff797311437]
	chromedriver!(No symbol) [0x7ff79730e01b]
	chromedriver!(No symbol) [0x7ff7972b2e6c]
	chromedriver!(No symbol) [0x7ff7972b3d93]
	chromedriver!GetHandleVerifier [0x7ff797cf6431+5facb1]
	chromedriver!GetHandleVerifier [0x7ff797cf0a9b+5f531b]
	chromedriver!GetHandleVerifier [0x7ff797d15865+61a0e5]
	chromedriver!GetHandleVerifier [0x7ff79772dace+3234e]
	chromedriver!GetHandleVerifier [0x7ff79773661c+3ae9c]
	chromedriver!GetHandleVerifier [0x7ff79771ab74+1f3f4]
	chromedriver!GetHandleVerifier [0x7ff79771ad04+1f584]
	chromedriver!GetHandleVerifier [0x7ff7976fd9d7+2257]
	KERNEL32!BaseThreadInitThunk [0x7ffb3b9f7374+14]
	ntdll!RtlUserThreadStart [0x7ffb3bd1cc91+21]
. Retrying in 2.0 seconds...
2026-07-27 05:16:23 | INFO     | scraper.search | Navigating to page 23: https://www.amazon.com/s?k=gloves&page=23
2026-07-27 05:16:28 | DEBUG    | scraper.search | Page 23 loaded successfully.
2026-07-27 05:16:28 | INFO     | scraper.parser | Found 12 product cards on the page.
2026-07-27 05:16:29 | DEBUG    | scraper.parser | Product 1 parsed: Copper Compression Gloves for Arthritis - Open Finger, Set o
2026-07-27 05:16:29 | DEBUG    | scraper.parser | Product 2 parsed: Medical Exam Blue Nitrile Gloves Small 1000 Count - 3 Mil Po
2026-07-27 05:16:30 | DEBUG    | scraper.parser | Product 3 parsed: X3 Black Gloves, Disposable, Latex Free, Nitrile, for Cookin
2026-07-27 05:16:30 | DEBUG    | scraper.parser | Product 4 parsed: Touchscreen Nitrile Coated Work Gloves 12 Pairs Frosted Grip
2026-07-27 05:16:30 | DEBUG    | scraper.parser | Product 5 parsed: Inspire HEAVY DUTY 6Mil ORIGINAL Quality Stretch Nitrile Glo
2026-07-27 05:16:31 | DEBUG    | scraper.parser | Product 6 parsed: Inspire HEAVY DUTY 6Mil ORIGINAL Quality Stretch Nitrile Glo
2026-07-27 05:16:31 | DEBUG    | scraper.parser | Product 7 parsed: Inspire HEAVY DUTY 6Mil ORIGINAL Quality Stretch Nitrile Glo
2026-07-27 05:16:31 | DEBUG    | scraper.parser | Product 8 parsed: Inspire HEAVY DUTY 6Mil ORIGINAL Quality Stretch Nitrile Glo
2026-07-27 05:16:32 | DEBUG    | scraper.parser | Product 9 parsed: Inspire Black Nitrile Gloves | THE ORIGINAL Quality Black Gl
2026-07-27 05:16:32 | DEBUG    | scraper.parser | Product 10 parsed: Inspire Stretch Vinyl Exam Gloves | THE ORIGINAL Quality Dis
2026-07-27 05:16:32 | DEBUG    | scraper.parser | Product 11 parsed: JMU Black Nitrile Gloves Medium Bulk, Case of 1200, 3.5Mil, 
2026-07-27 05:16:33 | DEBUG    | scraper.parser | Product 12 parsed: Jointown Basic Synmax Vinyl Exam Gloves Disposable Exam Glov
2026-07-27 05:16:33 | INFO     | scraper.search | Page 23: Extracted 12 products (total: 540)
2026-07-27 05:16:33 | DEBUG    | utils.resume | Progress saved: keyword='gloves', last_completed_page=23
2026-07-27 05:16:33 | INFO     | scraper.search | ━━━ Scraping page 24 of 40 ━━━
2026-07-27 05:16:33 | INFO     | scraper.search | Navigating to page 24: https://www.amazon.com/s?k=gloves&page=24
2026-07-27 05:16:51 | WARNING  | utils.retry | Attempt 1/3 failed for 'navigate_to_page': Message: 
Stacktrace:
	chromedriver!GetHandleVerifier [0x7ff797710d25+155a5]
	chromedriver!GetHandleVerifier [0x7ff797710d80+15600]
	chromedriver!(No symbol) [0x7ff79726594d]
	chromedriver!(No symbol) [0x7ff7972c08e9]
	chromedriver!(No symbol) [0x7ff7972c0bec]
	chromedriver!(No symbol) [0x7ff797311437]
	chromedriver!(No symbol) [0x7ff79730e01b]
	chromedriver!(No symbol) [0x7ff7972b2e6c]
	chromedriver!(No symbol) [0x7ff7972b3d93]
	chromedriver!GetHandleVerifier [0x7ff797cf6431+5facb1]
	chromedriver!GetHandleVerifier [0x7ff797cf0a9b+5f531b]
	chromedriver!GetHandleVerifier [0x7ff797d15865+61a0e5]
	chromedriver!GetHandleVerifier [0x7ff79772dace+3234e]
	chromedriver!GetHandleVerifier [0x7ff79773661c+3ae9c]
	chromedriver!GetHandleVerifier [0x7ff79771ab74+1f3f4]
	chromedriver!GetHandleVerifier [0x7ff79771ad04+1f584]
	chromedriver!GetHandleVerifier [0x7ff7976fd9d7+2257]
	KERNEL32!BaseThreadInitThunk [0x7ffb3b9f7374+14]
	ntdll!RtlUserThreadStart [0x7ffb3bd1cc91+21]
. Retrying in 2.0 seconds...
2026-07-27 05:16:53 | INFO     | scraper.search | Navigating to page 24: https://www.amazon.com/s?k=gloves&page=24
2026-07-27 05:16:58 | DEBUG    | scraper.search | Page 24 loaded successfully.
2026-07-27 05:16:58 | INFO     | scraper.parser | Found 12 product cards on the page.
2026-07-27 05:16:59 | DEBUG    | scraper.parser | Product 1 parsed: Medical Exam Blue Nitrile Gloves Small 1000 Count - 3 Mil Po
2026-07-27 05:16:59 | DEBUG    | scraper.parser | Product 2 parsed: FRAMAR Mocha Mittens Brown Nitrile Gloves, Powder Free Glove
2026-07-27 05:16:59 | DEBUG    | scraper.parser | Product 3 parsed: Inspire HEAVY DUTY 6Mil ORIGINAL Quality Stretch Nitrile Glo
2026-07-27 05:17:00 | DEBUG    | scraper.parser | Product 4 parsed: Inspire HEAVY DUTY 6Mil ORIGINAL Quality Stretch Nitrile Glo
2026-07-27 05:17:00 | DEBUG    | scraper.parser | Product 5 parsed: Inspire HEAVY DUTY 6Mil ORIGINAL Quality Stretch Nitrile Glo
2026-07-27 05:17:00 | DEBUG    | scraper.parser | Product 6 parsed: Inspire HEAVY DUTY 6Mil ORIGINAL Quality Stretch Nitrile Glo
2026-07-27 05:17:01 | DEBUG    | scraper.parser | Product 7 parsed: Inspire Black Nitrile Gloves | THE ORIGINAL Quality Black Gl
2026-07-27 05:17:01 | DEBUG    | scraper.parser | Product 8 parsed: HEAVY DUTY 8 Mil Orange Nitrile Gloves, Diamond Textured Dis
2026-07-27 05:17:02 | DEBUG    | scraper.parser | Product 9 parsed: HEAVY DUTY 6 Mil Nitrile Black Gloves Disposable Latex Free 
2026-07-27 05:17:02 | DEBUG    | scraper.parser | Product 10 parsed: Inspire Stretch Vinyl Exam Gloves | THE ORIGINAL Quality Dis
2026-07-27 05:17:02 | DEBUG    | scraper.parser | Product 11 parsed: JMU Black Nitrile Gloves Medium Bulk, Case of 1200, 3.5Mil, 
2026-07-27 05:17:03 | DEBUG    | scraper.parser | Product 12 parsed: HEAVY DUTY 6 Mil Nitrile Gloves Disposable Latex Free Black 
2026-07-27 05:17:03 | INFO     | scraper.search | Page 24: Extracted 12 products (total: 552)
2026-07-27 05:17:03 | DEBUG    | utils.resume | Progress saved: keyword='gloves', last_completed_page=24
2026-07-27 05:17:03 | INFO     | scraper.search | ━━━ Scraping page 25 of 40 ━━━
2026-07-27 05:17:03 | INFO     | scraper.search | Navigating to page 25: https://www.amazon.com/s?k=gloves&page=25
2026-07-27 05:17:07 | DEBUG    | scraper.search | Page 25 loaded successfully.
2026-07-27 05:17:07 | INFO     | scraper.parser | Found 12 product cards on the page.
2026-07-27 05:17:07 | DEBUG    | scraper.parser | Product 1 parsed: Medical Exam Blue Nitrile Gloves Small 1000 Count - 3 Mil Po
2026-07-27 05:17:08 | DEBUG    | scraper.parser | Product 2 parsed: Inspire HEAVY DUTY 6Mil ORIGINAL Quality Stretch Nitrile Glo
2026-07-27 05:17:08 | DEBUG    | scraper.parser | Product 3 parsed: Inspire HEAVY DUTY 6Mil ORIGINAL Quality Stretch Nitrile Glo
2026-07-27 05:17:09 | DEBUG    | scraper.parser | Product 4 parsed: Inspire HEAVY DUTY 6Mil ORIGINAL Quality Stretch Nitrile Glo
2026-07-27 05:17:09 | DEBUG    | scraper.parser | Product 5 parsed: Inspire HEAVY DUTY 6Mil ORIGINAL Quality Stretch Nitrile Glo
2026-07-27 05:17:09 | DEBUG    | scraper.parser | Product 6 parsed: Inspire Black Nitrile Gloves | THE ORIGINAL Quality Black Gl
2026-07-27 05:17:10 | DEBUG    | scraper.parser | Product 7 parsed: HEAVY DUTY 8 Mil Orange Nitrile Gloves, Diamond Textured Dis
2026-07-27 05:17:10 | DEBUG    | scraper.parser | Product 8 parsed: HEAVY DUTY 6 Mil Nitrile Black Gloves Disposable Latex Free 
2026-07-27 05:17:10 | DEBUG    | scraper.parser | Product 9 parsed: Inspire Stretch Vinyl Exam Gloves | THE ORIGINAL Quality Dis
2026-07-27 05:17:11 | DEBUG    | scraper.parser | Product 10 parsed: JMU Black Nitrile Gloves Medium Bulk, Case of 1200, 3.5Mil, 
2026-07-27 05:17:11 | DEBUG    | scraper.parser | Product 11 parsed: HEAVY DUTY 6 Mil Nitrile Gloves Disposable Latex Free Black 
2026-07-27 05:17:11 | DEBUG    | scraper.parser | Product 12 parsed: Jointown Basic Synmax Vinyl Exam Gloves Disposable Exam Glov
2026-07-27 05:17:11 | INFO     | scraper.search | Page 25: Extracted 12 products (total: 564)
2026-07-27 05:17:11 | DEBUG    | utils.resume | Progress saved: keyword='gloves', last_completed_page=25
2026-07-27 05:17:11 | INFO     | scraper.search | ━━━ Scraping page 26 of 40 ━━━
2026-07-27 05:17:11 | INFO     | scraper.search | Navigating to page 26: https://www.amazon.com/s?k=gloves&page=26
2026-07-27 05:17:16 | DEBUG    | scraper.search | Page 26 loaded successfully.
2026-07-27 05:17:16 | INFO     | scraper.parser | Found 12 product cards on the page.
2026-07-27 05:17:16 | DEBUG    | scraper.parser | Product 1 parsed: Medical Exam Blue Nitrile Gloves Small 1000 Count - 3 Mil Po
2026-07-27 05:17:17 | DEBUG    | scraper.parser | Product 2 parsed: FRAMAR Mocha Mittens Brown Nitrile Gloves, Powder Free Glove
2026-07-27 05:17:17 | DEBUG    | scraper.parser | Product 3 parsed: Inspire HEAVY DUTY 6Mil ORIGINAL Quality Stretch Nitrile Glo
2026-07-27 05:17:17 | DEBUG    | scraper.parser | Product 4 parsed: Inspire HEAVY DUTY 6Mil ORIGINAL Quality Stretch Nitrile Glo
2026-07-27 05:17:18 | DEBUG    | scraper.parser | Product 5 parsed: Inspire HEAVY DUTY 6Mil ORIGINAL Quality Stretch Nitrile Glo
2026-07-27 05:17:18 | DEBUG    | scraper.parser | Product 6 parsed: Inspire HEAVY DUTY 6Mil ORIGINAL Quality Stretch Nitrile Glo
2026-07-27 05:17:19 | DEBUG    | scraper.parser | Product 7 parsed: Inspire Black Nitrile Gloves | THE ORIGINAL Quality Black Gl
2026-07-27 05:17:19 | DEBUG    | scraper.parser | Product 8 parsed: HEAVY DUTY 8 Mil Orange Nitrile Gloves, Diamond Textured Dis
2026-07-27 05:17:19 | DEBUG    | scraper.parser | Product 9 parsed: HEAVY DUTY 6 Mil Nitrile Black Gloves Disposable Latex Free 
2026-07-27 05:17:20 | DEBUG    | scraper.parser | Product 10 parsed: Inspire Stretch Vinyl Exam Gloves | THE ORIGINAL Quality Dis
2026-07-27 05:17:20 | DEBUG    | scraper.parser | Product 11 parsed: JMU Black Nitrile Gloves Medium Bulk, Case of 1200, 3.5Mil, 
2026-07-27 05:17:20 | DEBUG    | scraper.parser | Product 12 parsed: HEAVY DUTY 6 Mil Nitrile Gloves Disposable Latex Free Black 
2026-07-27 05:17:20 | INFO     | scraper.search | Page 26: Extracted 12 products (total: 576)
2026-07-27 05:17:20 | DEBUG    | utils.resume | Progress saved: keyword='gloves', last_completed_page=26
2026-07-27 05:17:20 | INFO     | scraper.search | ━━━ Scraping page 27 of 40 ━━━
2026-07-27 05:17:20 | INFO     | scraper.search | Navigating to page 27: https://www.amazon.com/s?k=gloves&page=27
2026-07-27 05:17:25 | DEBUG    | scraper.search | Page 27 loaded successfully.
2026-07-27 05:17:25 | INFO     | scraper.parser | Found 12 product cards on the page.
2026-07-27 05:17:25 | DEBUG    | scraper.parser | Product 1 parsed: Medical Exam Blue Nitrile Gloves Small 1000 Count - 3 Mil Po
2026-07-27 05:17:26 | DEBUG    | scraper.parser | Product 2 parsed: FRAMAR Mocha Mittens Brown Nitrile Gloves, Powder Free Glove
2026-07-27 05:17:26 | DEBUG    | scraper.parser | Product 3 parsed: Inspire HEAVY DUTY 6Mil ORIGINAL Quality Stretch Nitrile Glo
2026-07-27 05:17:26 | DEBUG    | scraper.parser | Product 4 parsed: Inspire HEAVY DUTY 6Mil ORIGINAL Quality Stretch Nitrile Glo
2026-07-27 05:17:27 | DEBUG    | scraper.parser | Product 5 parsed: Inspire HEAVY DUTY 6Mil ORIGINAL Quality Stretch Nitrile Glo
2026-07-27 05:17:27 | DEBUG    | scraper.parser | Product 6 parsed: Inspire HEAVY DUTY 6Mil ORIGINAL Quality Stretch Nitrile Glo
2026-07-27 05:17:27 | DEBUG    | scraper.parser | Product 7 parsed: Inspire Black Nitrile Gloves | THE ORIGINAL Quality Black Gl
2026-07-27 05:17:28 | DEBUG    | scraper.parser | Product 8 parsed: Inspire Stretch Vinyl Exam Gloves | THE ORIGINAL Quality Dis
2026-07-27 05:17:28 | DEBUG    | scraper.parser | Product 9 parsed: JMU Black Nitrile Gloves Medium Bulk, Case of 1200, 3.5Mil, 
2026-07-27 05:17:28 | DEBUG    | scraper.parser | Product 10 parsed: Jointown Basic Synmax Vinyl Exam Gloves Disposable Exam Glov
2026-07-27 05:17:29 | DEBUG    | scraper.parser | Product 11 parsed: Nitrile Gloves, Powder-Free, Black, Extra Small, 100 Count, 
2026-07-27 05:17:29 | DEBUG    | scraper.parser | Product 12 parsed: Black Nitrile Gloves Medium, Case of 1000 - Disposable Exam 
2026-07-27 05:17:29 | INFO     | scraper.search | Page 27: Extracted 12 products (total: 588)
2026-07-27 05:17:29 | DEBUG    | utils.resume | Progress saved: keyword='gloves', last_completed_page=27
2026-07-27 05:17:29 | INFO     | scraper.search | ━━━ Scraping page 28 of 40 ━━━
2026-07-27 05:17:29 | INFO     | scraper.search | Navigating to page 28: https://www.amazon.com/s?k=gloves&page=28
2026-07-27 05:17:47 | WARNING  | utils.retry | Attempt 1/3 failed for 'navigate_to_page': Message: 
Stacktrace:
	chromedriver!GetHandleVerifier [0x7ff797710d25+155a5]
	chromedriver!GetHandleVerifier [0x7ff797710d80+15600]
	chromedriver!(No symbol) [0x7ff79726594d]
	chromedriver!(No symbol) [0x7ff7972c08e9]
	chromedriver!(No symbol) [0x7ff7972c0bec]
	chromedriver!(No symbol) [0x7ff797311437]
	chromedriver!(No symbol) [0x7ff79730e01b]
	chromedriver!(No symbol) [0x7ff7972b2e6c]
	chromedriver!(No symbol) [0x7ff7972b3d93]
	chromedriver!GetHandleVerifier [0x7ff797cf6431+5facb1]
	chromedriver!GetHandleVerifier [0x7ff797cf0a9b+5f531b]
	chromedriver!GetHandleVerifier [0x7ff797d15865+61a0e5]
	chromedriver!GetHandleVerifier [0x7ff79772dace+3234e]
	chromedriver!GetHandleVerifier [0x7ff79773661c+3ae9c]
	chromedriver!GetHandleVerifier [0x7ff79771ab74+1f3f4]
	chromedriver!GetHandleVerifier [0x7ff79771ad04+1f584]
	chromedriver!GetHandleVerifier [0x7ff7976fd9d7+2257]
	KERNEL32!BaseThreadInitThunk [0x7ffb3b9f7374+14]
	ntdll!RtlUserThreadStart [0x7ffb3bd1cc91+21]
. Retrying in 2.0 seconds...
2026-07-27 05:17:49 | INFO     | scraper.search | Navigating to page 28: https://www.amazon.com/s?k=gloves&page=28
2026-07-27 05:18:06 | WARNING  | utils.retry | Attempt 2/3 failed for 'navigate_to_page': Message: 
Stacktrace:
	chromedriver!GetHandleVerifier [0x7ff797710d25+155a5]
	chromedriver!GetHandleVerifier [0x7ff797710d80+15600]
	chromedriver!(No symbol) [0x7ff79726594d]
	chromedriver!(No symbol) [0x7ff7972c08e9]
	chromedriver!(No symbol) [0x7ff7972c0bec]
	chromedriver!(No symbol) [0x7ff797311437]
	chromedriver!(No symbol) [0x7ff79730e01b]
	chromedriver!(No symbol) [0x7ff7972b2e6c]
	chromedriver!(No symbol) [0x7ff7972b3d93]
	chromedriver!GetHandleVerifier [0x7ff797cf6431+5facb1]
	chromedriver!GetHandleVerifier [0x7ff797cf0a9b+5f531b]
	chromedriver!GetHandleVerifier [0x7ff797d15865+61a0e5]
	chromedriver!GetHandleVerifier [0x7ff79772dace+3234e]
	chromedriver!GetHandleVerifier [0x7ff79773661c+3ae9c]
	chromedriver!GetHandleVerifier [0x7ff79771ab74+1f3f4]
	chromedriver!GetHandleVerifier [0x7ff79771ad04+1f584]
	chromedriver!GetHandleVerifier [0x7ff7976fd9d7+2257]
	KERNEL32!BaseThreadInitThunk [0x7ffb3b9f7374+14]
	ntdll!RtlUserThreadStart [0x7ffb3bd1cc91+21]
. Retrying in 2.0 seconds...
2026-07-27 05:18:08 | INFO     | scraper.search | Navigating to page 28: https://www.amazon.com/s?k=gloves&page=28
2026-07-27 05:18:26 | ERROR    | utils.retry | All 3 attempts failed for 'navigate_to_page'. Last error: Message: 
Stacktrace:
	chromedriver!GetHandleVerifier [0x7ff797710d25+155a5]
	chromedriver!GetHandleVerifier [0x7ff797710d80+15600]
	chromedriver!(No symbol) [0x7ff79726594d]
	chromedriver!(No symbol) [0x7ff7972c08e9]
	chromedriver!(No symbol) [0x7ff7972c0bec]
	chromedriver!(No symbol) [0x7ff797311437]
	chromedriver!(No symbol) [0x7ff79730e01b]
	chromedriver!(No symbol) [0x7ff7972b2e6c]
	chromedriver!(No symbol) [0x7ff7972b3d93]
	chromedriver!GetHandleVerifier [0x7ff797cf6431+5facb1]
	chromedriver!GetHandleVerifier [0x7ff797cf0a9b+5f531b]
	chromedriver!GetHandleVerifier [0x7ff797d15865+61a0e5]
	chromedriver!GetHandleVerifier [0x7ff79772dace+3234e]
	chromedriver!GetHandleVerifier [0x7ff79773661c+3ae9c]
	chromedriver!GetHandleVerifier [0x7ff79771ab74+1f3f4]
	chromedriver!GetHandleVerifier [0x7ff79771ad04+1f584]
	chromedriver!GetHandleVerifier [0x7ff7976fd9d7+2257]
	KERNEL32!BaseThreadInitThunk [0x7ffb3b9f7374+14]
	ntdll!RtlUserThreadStart [0x7ffb3bd1cc91+21]

2026-07-27 05:18:26 | ERROR    | scraper.search | Page 28: Timed out waiting for results to load. Assuming end of results or blocked. Stopping.
2026-07-27 05:18:26 | INFO     | scraper.search | Error screenshot saved: error_page28_20260727_051826.png
2026-07-27 05:18:26 | INFO     | scraper.search | Scraping complete. Total products extracted: 588
2026-07-27 05:18:26 | INFO     | __main__ | Scraping finished: 588 products extracted.
2026-07-27 05:18:26 | INFO     | filters.product_filter | No filters applied. All 588 products kept.
2026-07-27 05:18:26 | INFO     | exporters.csv_exporter | CSV export complete: 588 products saved to 'E:\Anas\internship\Week3\Amazon_Automation\output\results.csv'
2026-07-27 05:18:26 | INFO     | exporters.json_exporter | JSON export complete: 588 products saved to 'E:\Anas\internship\Week3\Amazon_Automation\output\results.json'
2026-07-27 05:18:27 | INFO     | exporters.sqlite_exporter | SQLite export complete: 588 products saved to 'E:\Anas\internship\Week3\Amazon_Automation\output\results.db' (0 skipped — no ASIN)
2026-07-27 05:18:27 | DEBUG    | utils.resume | Progress file cleared.
2026-07-27 05:18:27 | INFO     | __main__ | ------------------------------------------------------------
2026-07-27 05:18:27 | INFO     | __main__ | SCRAPE SUMMARY
2026-07-27 05:18:27 | INFO     | __main__ | ------------------------------------------------------------
2026-07-27 05:18:27 | INFO     | __main__ | Keyword:          gloves
2026-07-27 05:18:27 | INFO     | __main__ | Pages scraped:    40
2026-07-27 05:18:27 | INFO     | __main__ | Products found:   588
2026-07-27 05:18:27 | INFO     | __main__ | After filtering:  588
2026-07-27 05:18:27 | INFO     | __main__ | Time elapsed:     482.3 seconds
2026-07-27 05:18:27 | INFO     | __main__ | CSV output:       E:\Anas\internship\Week3\Amazon_Automation\output\results.csv
2026-07-27 05:18:27 | INFO     | __main__ | JSON output:      E:\Anas\internship\Week3\Amazon_Automation\output\results.json
2026-07-27 05:18:27 | INFO     | __main__ | SQLite output:    E:\Anas\internship\Week3\Amazon_Automation\output\results.db
2026-07-27 05:18:27 | INFO     | __main__ | ============================================================
2026-07-27 05:18:27 | INFO     | __main__ | Scraping completed successfully!
2026-07-27 05:18:27 | INFO     | __main__ | ============================================================
2026-07-27 05:18:29 | INFO     | scraper.driver | Chrome WebDriver closed successfully.
2026-07-27 05:24:05 | INFO     | __main__ | ============================================================
2026-07-27 05:24:05 | INFO     | __main__ | Amazon Product Search Scraper — Starting
2026-07-27 05:24:05 | INFO     | __main__ | ============================================================
2026-07-27 05:24:05 | INFO     | __main__ | Keyword:    gloves
2026-07-27 05:24:05 | INFO     | __main__ | Pages:      29
2026-07-27 05:24:05 | INFO     | __main__ | Headless:   False
2026-07-27 05:24:05 | INFO     | __main__ | Resume:     False
2026-07-27 05:24:05 | INFO     | __main__ | ------------------------------------------------------------
2026-07-27 05:24:05 | INFO     | scraper.driver | Initializing Chrome WebDriver (headless=False)...
2026-07-27 05:24:15 | INFO     | scraper.driver | Chrome WebDriver initialized successfully.
2026-07-27 05:24:15 | INFO     | scraper.search | Starting scrape: keyword='gloves', pages 1 to 29
2026-07-27 05:24:15 | INFO     | scraper.search | ━━━ Scraping page 1 of 29 ━━━
2026-07-27 05:24:15 | INFO     | scraper.search | Navigating to Amazon homepage...
2026-07-27 05:24:20 | DEBUG    | scraper.search | Search input found. Typing keyword: 'gloves'
2026-07-27 05:24:29 | INFO     | scraper.search | Search submitted for keyword: 'gloves'
2026-07-27 05:24:32 | INFO     | scraper.parser | Found 60 product cards on the page.
2026-07-27 05:24:32 | DEBUG    | scraper.parser | Product 1 parsed: Inspire Stretch Vinyl Exam Gloves | THE ORIGINAL Quality Dis
2026-07-27 05:24:33 | DEBUG    | scraper.parser | Product 2 parsed: Inspire Cobalt Blue Nitrile Disposable Gloves | 4.5 Nitrile 
2026-07-27 05:24:33 | DEBUG    | scraper.parser | Product 3 parsed: Inspire Black Nitrile Gloves | THE ORIGINAL Quality Black Gl
2026-07-27 05:24:34 | DEBUG    | scraper.parser | Product 4 parsed: Inspire Black Vinyl Disposable Gloves | Cleaning Gloves, Foo
2026-07-27 05:24:34 | DEBUG    | scraper.parser | Product 5 parsed: Supmedic Medical Soft Max Nitrile Exam Gloves Powder-Free Di
2026-07-27 05:24:35 | DEBUG    | scraper.parser | Product 6 parsed: Inspire Black Nitrile Disposable Gloves | 4.5 Nitrile Dispos
2026-07-27 05:24:35 | DEBUG    | scraper.parser | Product 7 parsed: RDX Boxing Gloves, Pro Training Sparring, Maya Hide Leather,
2026-07-27 05:24:35 | DEBUG    | scraper.parser | Product 8 parsed: Schneider Medical Nitrile/Vinyl Blend Exam Gloves, Black Dis
2026-07-27 05:24:36 | DEBUG    | scraper.parser | Product 9 parsed: Lamicall Bike Gloves for Men Women - [Anti-Slip Shock-Absorb
2026-07-27 05:24:36 | DEBUG    | scraper.parser | Product 10 parsed: MedPride Powder-Free Nitrile Exam Gloves, Large, Case/1000 (
2026-07-27 05:24:36 | DEBUG    | scraper.parser | Product 11 parsed: Jointown Basic Synmax Vinyl Exam Gloves Disposable Exam Glov
2026-07-27 05:24:37 | DEBUG    | scraper.parser | Product 12 parsed: squish Disposable Gloves, 100 Count 4 mil Clear Vinyl Gloves
2026-07-27 05:24:37 | DEBUG    | scraper.parser | Product 13 parsed: PACIFIC PPE 2 Pairs Reusable Dishwashing Cleaning Gloves wit
2026-07-27 05:24:37 | DEBUG    | scraper.parser | Product 14 parsed: LOCCEF Work Gloves MicroFoam Nitrile Coated-6 Pairs,Enduranc
2026-07-27 05:24:38 | DEBUG    | scraper.parser | Product 15 parsed: TaylorMade Golf Stratus Tech Glove 2 Pack Lefthanded
2026-07-27 05:24:38 | DEBUG    | scraper.parser | Product 16 parsed: Fox Racing Men's Ranger Mountain Bike Glove
2026-07-27 05:24:38 | DEBUG    | scraper.parser | Product 17 parsed: Mechanix Wear Original MultiCam Tactical Gloves, Medium | Se
2026-07-27 05:24:38 | DEBUG    | scraper.parser | Product 18 parsed: Nike Vapor Jet 8.0 Football Gloves
2026-07-27 05:24:39 | DEBUG    | scraper.parser | Product 19 parsed: Mechanix Wear: FastFit Work Glove with Elastic Cuff for Secu
2026-07-27 05:24:39 | DEBUG    | scraper.parser | Product 20 parsed: Inspire Heavy Duty Orange Nitrile Gloves | ULTRA 8 Mil Diamo
2026-07-27 05:24:39 | DEBUG    | scraper.parser | Product 21 parsed: Inspire Black Nitrile Disposable Gloves | 4.5 Nitrile Dispos
2026-07-27 05:24:40 | DEBUG    | scraper.parser | Product 22 parsed: linconson 12 Pack Safety Performance Series Construction Mec
2026-07-27 05:24:40 | DEBUG    | scraper.parser | Product 23 parsed: Fox Racing Dirtpaw Motocross Gloves
2026-07-27 05:24:40 | DEBUG    | scraper.parser | Product 24 parsed: Fox Racing Mens Ranger Mountain Bike Glove Gel
2026-07-27 05:24:41 | DEBUG    | scraper.parser | Product 25 parsed: Giro Bravo II Gel Bike Gloves
2026-07-27 05:24:41 | DEBUG    | scraper.parser | Product 26 parsed: Nike Vapor Jet 9.0 Football Receiver Gloves – Magnigrip+ Pal
2026-07-27 05:24:41 | DEBUG    | scraper.parser | Product 27 parsed: HANDLANDY Work Gloves for Men & Women, Utility Mechanic Work
2026-07-27 05:24:42 | DEBUG    | scraper.parser | Product 28 parsed: Basic Medical Synmax Vinyl Exam Gloves - Latex-Free & Powder
2026-07-27 05:24:42 | DEBUG    | scraper.parser | Product 29 parsed: ForPro Disposable Nitrile Gloves, Chemical Resistant, Powder
2026-07-27 05:24:42 | DEBUG    | scraper.parser | Product 30 parsed: Inspire Cobalt Blue Nitrile Disposable Gloves | 4.5 Nitrile 
2026-07-27 05:24:43 | DEBUG    | scraper.parser | Product 31 parsed: Ansell RINGERS R-840 Black Impact Gloves for Warehousing, Lo
2026-07-27 05:24:43 | DEBUG    | scraper.parser | Product 32 parsed: Medguy Medical Blue Nitrile Disposable Exam Gloves, 4 Mil 10
2026-07-27 05:24:43 | DEBUG    | scraper.parser | Product 33 parsed: Basic Medical Synmax Vinyl Exam Gloves - Latex-Free & Powder
2026-07-27 05:24:44 | DEBUG    | scraper.parser | Product 34 parsed: HOZMOZ Ventilated Weight Lifting Gloves, Thick Padded Workou
2026-07-27 05:24:44 | DEBUG    | scraper.parser | Product 35 parsed: Supmedic Medical Soft Max Nitrile Exam Disposable Gloves Pow
2026-07-27 05:24:45 | DEBUG    | scraper.parser | Product 36 parsed: Achiou Winter Gloves for Men and Women, Touchscreen Soft Kni
2026-07-27 05:24:45 | DEBUG    | scraper.parser | Product 37 parsed: SUP Powder-Free Nitrile Exam Gloves, 100 Count Food Safe Lat
2026-07-27 05:24:45 | DEBUG    | scraper.parser | Product 38 parsed: Inspire Black Nitrile Gloves HEAVY DUTY 6 Mil Nitrile Chemic
2026-07-27 05:24:46 | DEBUG    | scraper.parser | Product 39 parsed: MED PRIDE Vinyl Exam Medical Gloves,Powder & Latex-Free,Larg
2026-07-27 05:24:46 | DEBUG    | scraper.parser | Product 40 parsed: MaxiFlex Seamless Knit Nylon Gloves with Nitrile Coat and Mi
2026-07-27 05:24:47 | DEBUG    | scraper.parser | Product 41 parsed: Inspire HEAVY DUTY 6Mil ORIGINAL Quality Stretch Nitrile Glo
2026-07-27 05:24:47 | DEBUG    | scraper.parser | Product 42 parsed: Unigear Lightweight Running Gloves, Touch Screen Glove Liner
2026-07-27 05:24:47 | DEBUG    | scraper.parser | Product 43 parsed: Giro Strade Dure Supergel Mens Bicycle Gloves
2026-07-27 05:24:48 | DEBUG    | scraper.parser | Product 44 parsed: Giro DND Gloves
2026-07-27 05:24:48 | DEBUG    | scraper.parser | Product 45 parsed: ATERCEL Workout Gloves for Men and Women, Exercise Gloves fo
2026-07-27 05:24:49 | DEBUG    | scraper.parser | Product 46 parsed: Caring Nitrile Exam Gloves, Blue, Powder-Free, Disposable Gl
2026-07-27 05:24:49 | DEBUG    | scraper.parser | Product 47 parsed: Schneider Medical Black Nitrile Gloves, Powder Free, Disposa
2026-07-27 05:24:49 | DEBUG    | scraper.parser | Product 48 parsed: SWIFTLITE Black Vinyl Gloves, Food Grade Gloves Disposable L
2026-07-27 05:24:50 | DEBUG    | scraper.parser | Product 49 parsed: Bamllum Rubber Kitchen Dishwashing Gloves - 4 Pairs Colorful
2026-07-27 05:24:50 | DEBUG    | scraper.parser | Product 50 parsed: ForPro Disposable Vinyl Gloves, Industrial Grade, Powder & L
2026-07-27 05:24:51 | DEBUG    | scraper.parser | Product 51 parsed: MED PRIDE Nitrile/Vinyl Blend Exam Gloves,Powder-Free,Blue,L
2026-07-27 05:24:51 | DEBUG    | scraper.parser | Product 52 parsed: NEOTRIL Safety Work Gloves MicroFoam Nitrile Coated-3/6/12/3
2026-07-27 05:24:52 | DEBUG    | scraper.parser | Product 53 parsed: SwiftGrip Pink Nitrile Gloves, 3-mil, Industrial Gloves Disp
2026-07-27 05:24:52 | DEBUG    | scraper.parser | Product 54 parsed: Jointown Basic Medical Synmax Vinyl Exam Gloves - Latex-Free
2026-07-27 05:24:52 | DEBUG    | scraper.parser | Product 55 parsed: Supmedic Vinyl Disposable Exam Gloves, Black 4Mil Powder-Fre
2026-07-27 05:24:53 | DEBUG    | scraper.parser | Product 56 parsed: Ansell Unisex Adult Sg375
2026-07-27 05:24:53 | DEBUG    | scraper.parser | Product 57 parsed: FINITEX - Black Nitrile Disposable Gloves, Exam Gloves, Powd
2026-07-27 05:24:54 | DEBUG    | scraper.parser | Product 58 parsed: Winter Gloves Men Women Made with 3M Thinsulate, Lightweight
2026-07-27 05:24:54 | DEBUG    | scraper.parser | Product 59 parsed: LOCCEF MicroFoam Nitrile Coated Safety Work Gloves
2026-07-27 05:24:54 | DEBUG    | scraper.parser | Product 60 parsed: Supmedic Soft Max Disposable Nitrile Exam Gloves, Powder-Fre
2026-07-27 05:24:54 | INFO     | scraper.search | Page 1: Extracted 60 products (total: 60)
2026-07-27 05:24:54 | DEBUG    | utils.resume | Progress saved: keyword='gloves', last_completed_page=1
2026-07-27 05:24:54 | INFO     | scraper.search | ━━━ Scraping page 2 of 29 ━━━
2026-07-27 05:24:54 | INFO     | scraper.search | Navigating to page 2: https://www.amazon.com/s?k=gloves&page=2
2026-07-27 05:24:59 | DEBUG    | scraper.search | Page 2 loaded successfully.
2026-07-27 05:24:59 | INFO     | scraper.parser | Found 48 product cards on the page.
2026-07-27 05:24:59 | DEBUG    | scraper.parser | Product 1 parsed: G & F Products - 3100-10 120 Pairs Large Rubber Latex Double
2026-07-27 05:25:00 | DEBUG    | scraper.parser | Product 2 parsed: SIMARI Breathable Workout Gloves for Men Women, Padded Weigh
2026-07-27 05:25:00 | DEBUG    | scraper.parser | Product 3 parsed: Basic Medical Black Nitrile Exam Gloves - Latex-Free & Powde
2026-07-27 05:25:01 | DEBUG    | scraper.parser | Product 4 parsed: Basic Medical Clear Vinyl Exam Gloves - Latex-Free & Powder-
2026-07-27 05:25:01 | DEBUG    | scraper.parser | Product 5 parsed: Powder Free Disposable Gloves Medium, [1000 Count] - 4 Mil C
2026-07-27 05:25:01 | DEBUG    | scraper.parser | Product 6 parsed: Schneider Medical Nitrile Exam Gloves, 4 mil, Powder-Free, L
2026-07-27 05:25:02 | DEBUG    | scraper.parser | Product 7 parsed: Gorilla Grip Gloves, Max Grip, All Purpose Work Gloves, Slip
2026-07-27 05:25:02 | DEBUG    | scraper.parser | Product 8 parsed: Mamison Rubber Dishwashing Gloves, Non-Slip Kitchen, Pink Me
2026-07-27 05:25:03 | DEBUG    | scraper.parser | Product 9 parsed: Microflex MF-300-M Diamond Grip Exam Gloves, PF Latex, Textu
2026-07-27 05:25:03 | DEBUG    | scraper.parser | Product 10 parsed: MOREOK Cycling Gloves Bike Bicycle Gloves, Half Finger 5MM G
2026-07-27 05:25:04 | DEBUG    | scraper.parser | Product 11 parsed: FINITEX - Black Nitrile Disposable Gloves, 5mil, Powder-free
2026-07-27 05:25:04 | DEBUG    | scraper.parser | Product 12 parsed: Supmedic Soft Max Disposable Nitrile Exam Gloves, Powder-Fre
2026-07-27 05:25:05 | DEBUG    | scraper.parser | Product 13 parsed: COOLJOB 60 Pairs Safety Work Gloves Pack Bulk with Grip PU C
2026-07-27 05:25:05 | DEBUG    | scraper.parser | Product 14 parsed: MED PRIDE Medical Vinyl Examination Gloves (Large, 100-Count
2026-07-27 05:25:05 | DEBUG    | scraper.parser | Product 15 parsed: SAS Astro-Grip Exam Grade Powder-Free Nitrile Disposable Glo
2026-07-27 05:25:06 | DEBUG    | scraper.parser | Product 16 parsed: Bike Gloves for Men Women with Anti-Slip Shock-Absorbing Pad
2026-07-27 05:25:06 | DEBUG    | scraper.parser | Product 17 parsed: Aegend Wheelchair Gloves, Anti-Slip & Wear-Resistant Half-Fi
2026-07-27 05:25:07 | DEBUG    | scraper.parser | Product 18 parsed: SHOWA Atlas 620 Double-Dipped PVC Chemical Resistant Gloves,
2026-07-27 05:25:07 | DEBUG    | scraper.parser | Product 19 parsed: Medline FitGuard Touch Nitrile Exam Gloves, 250 Count,X-Larg
2026-07-27 05:25:08 | DEBUG    | scraper.parser | Product 20 parsed: 3 Pairs Winter Magic Gloves Adults Warm Knit Gloves Stretchy
2026-07-27 05:25:08 | DEBUG    | scraper.parser | Product 21 parsed: GLOVEWORKS Nitrile Gloves Disposable Latex Free 5 mil Black 
2026-07-27 05:25:09 | DEBUG    | scraper.parser | Product 22 parsed: SIMARI Winter Gloves for Women Men - Cold Weather Thermal To
2026-07-27 05:25:09 | DEBUG    | scraper.parser | Product 23 parsed: Bike Gloves for Men Women with Anti-Slip Shock-Absorbing Pad
2026-07-27 05:25:10 | DEBUG    | scraper.parser | Product 24 parsed: Basic Disposable Medical Synmax Vinyl Exam Gloves- 4 mil Saf
2026-07-27 05:25:10 | DEBUG    | scraper.parser | Product 25 parsed: TitanFlex Disposable Nitrile Exam Gloves - 6-mil, Black, Hea
2026-07-27 05:25:10 | DEBUG    | scraper.parser | Product 26 parsed: GLOVEWORKS Black Nitrile Gloves 6 Mil Diamond Textured for M
2026-07-27 05:25:11 | DEBUG    | scraper.parser | Product 27 parsed: 1st Choice Indigo Nitrile Exam Gloves 3 Mil Disposable Latex
2026-07-27 05:25:11 | DEBUG    | scraper.parser | Product 28 parsed: Inspire Nitrile Exam Gloves | The Original Quality Stretch N
2026-07-27 05:25:12 | DEBUG    | scraper.parser | Product 29 parsed: Sempermed BKNF104 SemperForce Nitrile Glove, 4 Mil, Powder-F
2026-07-27 05:25:12 | DEBUG    | scraper.parser | Product 30 parsed: Keppi 1200 pcs Disposable Gloves - BPA & Latex Free - Gloves
2026-07-27 05:25:12 | DEBUG    | scraper.parser | Product 31 parsed: SWIFTLITE Black Vinyl Gloves, Food Grade Gloves Disposable L
2026-07-27 05:25:13 | DEBUG    | scraper.parser | Product 32 parsed: SUP Powder-Free Nitrile Exam Gloves, 100 Count Food Safe Lat
2026-07-27 05:25:13 | DEBUG    | scraper.parser | Product 33 parsed: Sempermed SemperForce Black Nitrile Glove, 4mil, PF, M
2026-07-27 05:25:14 | DEBUG    | scraper.parser | Product 34 parsed: CARE PLUS Latex-Free Vinyl Gloves Clear Medium Size 100 Coun
2026-07-27 05:25:14 | DEBUG    | scraper.parser | Product 35 parsed: COOLJOB 3 Pairs Colorful Household Gloves with Cotton Liner 
2026-07-27 05:25:15 | DEBUG    | scraper.parser | Product 36 parsed: Potchen 72 Pairs Gardening Work Gloves Bulk for Men Women, R
2026-07-27 05:25:15 | DEBUG    | scraper.parser | Product 37 parsed: SILEDGN 6Pairs Winter Gloves Women Men's Warm Knit Gloves Bl
2026-07-27 05:25:15 | DEBUG    | scraper.parser | Product 38 parsed: Adenna Phantom 6 Mil Latex Exam Gloves – Powder-Free, Textur
2026-07-27 05:25:16 | DEBUG    | scraper.parser | Product 39 parsed: SwiftGrip Pink Nitrile Gloves, 3-mil, Industrial Gloves Disp
2026-07-27 05:25:16 | DEBUG    | scraper.parser | Product 40 parsed: FifthPulse Fuchsia Hot Pink Nitrile Disposable Gloves -3 Mil
2026-07-27 05:25:17 | DEBUG    | scraper.parser | Product 41 parsed: Med PRIDE Vinyl Gloves| 4.3 mil Thick, Powder-Free, Non-Ster
2026-07-27 05:25:17 | DEBUG    | scraper.parser | Product 42 parsed: Black X Large Nitrile Gloves Case of 1000 - Medical Grade - 
2026-07-27 05:25:18 | DEBUG    | scraper.parser | Product 43 parsed: FINITEX Blue Disposable Nitrile Exam Gloves - 200 PCS/BOX 3.
2026-07-27 05:25:18 | DEBUG    | scraper.parser | Product 44 parsed: G & F Products String Knit Palm, Latex Dipped Nitrile Coated
2026-07-27 05:25:18 | DEBUG    | scraper.parser | Product 45 parsed: Under Armour Men's Storm Liner
2026-07-27 05:25:19 | DEBUG    | scraper.parser | Product 46 parsed: FifthPulse Black Vinyl Disposable Gloves - Powder and Latex 
2026-07-27 05:25:19 | DEBUG    | scraper.parser | Product 47 parsed: TitanFlex Heavy Duty Black Industrial Nitrile Gloves with Ra
2026-07-27 05:25:20 | DEBUG    | scraper.parser | Product 48 parsed: TRENDOUX Merino Wool Winter Gloves for Men Women, Cold Weath
2026-07-27 05:25:20 | INFO     | scraper.search | Page 2: Extracted 48 products (total: 108)
2026-07-27 05:25:20 | DEBUG    | utils.resume | Progress saved: keyword='gloves', last_completed_page=2
2026-07-27 05:25:20 | INFO     | scraper.search | ━━━ Scraping page 3 of 29 ━━━
2026-07-27 05:25:20 | INFO     | scraper.search | Navigating to page 3: https://www.amazon.com/s?k=gloves&page=3
2026-07-27 05:25:24 | DEBUG    | scraper.search | Page 3 loaded successfully.
2026-07-27 05:25:24 | INFO     | scraper.parser | Found 60 product cards on the page.
2026-07-27 05:25:24 | DEBUG    | scraper.parser | Product 1 parsed: Jointown Basic Synmax Vinyl Exam Gloves Disposable Exam Glov
2026-07-27 05:25:25 | DEBUG    | scraper.parser | Product 2 parsed: Inspire Stretch Vinyl Exam Gloves | THE ORIGINAL Quality Dis
2026-07-27 05:25:25 | DEBUG    | scraper.parser | Product 3 parsed: Inspire Nitrile-Vinyl Blend Exam Gloves - Disposable, Latex 
2026-07-27 05:25:26 | DEBUG    | scraper.parser | Product 4 parsed: Inspire Black Vinyl Disposable Gloves | Cleaning Gloves, Foo
2026-07-27 05:25:26 | DEBUG    | scraper.parser | Product 5 parsed: Schneider Medical Vinyl Exam Disposable Gloves Latex Free | 
2026-07-27 05:25:27 | DEBUG    | scraper.parser | Product 6 parsed: INTCO Basic Medical Synmax Vinyl Exam Gloves,Disposable Glov
2026-07-27 05:25:27 | DEBUG    | scraper.parser | Product 7 parsed: Supmedic Vinyl Disposable Exam Gloves, 4Mil Powder-Free Late
2026-07-27 05:25:28 | DEBUG    | scraper.parser | Product 8 parsed: GUSTO Disposable Plastic Vinyl Gloves | Bulk Case, Latex-Fre
2026-07-27 05:25:28 | DEBUG    | scraper.parser | Product 9 parsed: GLOVEWORKS Black Nitrile Gloves for Cooking, Food Prep, Disp
2026-07-27 05:25:28 | DEBUG    | scraper.parser | Product 10 parsed: Under Armour Men's Storm Liner
2026-07-27 05:25:29 | DEBUG    | scraper.parser | Product 11 parsed: squish Disposable Gloves, 100 Count 4 mil Clear Vinyl Gloves
2026-07-27 05:25:29 | DEBUG    | scraper.parser | Product 12 parsed: linconson 12 Pack Safety Performance Series Construction Mec
2026-07-27 05:25:30 | DEBUG    | scraper.parser | Product 13 parsed: GLOVEWORKS Green Nitrile Gloves 8 Mil Heavy Duty Texture Che
2026-07-27 05:25:30 | DEBUG    | scraper.parser | Product 14 parsed: Women Sunblock-Fingerless Gloves UV-Sun-Protection Driving N
2026-07-27 05:25:30 | DEBUG    | scraper.parser | Product 15 parsed: Ansell MICROFLEX MidKnight MK-296 Disposable Nitrile Gloves 
2026-07-27 05:25:31 | DEBUG    | scraper.parser | Product 16 parsed: GLOVEWORKS Nitrile Gloves Disposable Orange 8 mil, Medium Bo
2026-07-27 05:25:31 | DEBUG    | scraper.parser | Product 17 parsed: Mechanix Wear: FastFit Work Glove with Elastic Cuff for Secu
2026-07-27 05:25:32 | DEBUG    | scraper.parser | Product 18 parsed: Mechanix Wear FastFit Tactical Covert Gloves, Medium | Heavy
2026-07-27 05:25:32 | DEBUG    | scraper.parser | Product 19 parsed: Safety Work Gloves - 7 Pairs, Seamless Knit Glove with Micro
2026-07-27 05:25:33 | DEBUG    | scraper.parser | Product 20 parsed: Jack Boss 12 Pairs Safety Work Gloves for Men & Women With P
2026-07-27 05:25:33 | DEBUG    | scraper.parser | Product 21 parsed: SWIFTLITE Black Vinyl Gloves, Food Grade Gloves Disposable L
2026-07-27 05:25:33 | DEBUG    | scraper.parser | Product 22 parsed: Schneider Medical Nitrile/Vinyl Blend Exam Disposable Gloves
2026-07-27 05:25:34 | DEBUG    | scraper.parser | Product 23 parsed: FINITEX Nitrile Disposable Medical Exam Gloves - Ice Blue 3.
2026-07-27 05:25:34 | DEBUG    | scraper.parser | Product 24 parsed: AMMEX Black Nitrile Exam Gloves, 3 Mil Medical Disposable La
2026-07-27 05:25:35 | DEBUG    | scraper.parser | Product 25 parsed: PACIFIC PPE 2 Pairs Cleaning Gloves, Cotton Liner, Purple+Bl
2026-07-27 05:25:35 | DEBUG    | scraper.parser | Product 26 parsed: 100 Pack Disposable TPE Gloves, Clear Food Prep Gloves with 
2026-07-27 05:25:35 | DEBUG    | scraper.parser | Product 27 parsed: Adenna SHADOW Disposable Nitrile Gloves – 6 Mil, Medical Gra
2026-07-27 05:25:36 | DEBUG    | scraper.parser | Product 28 parsed: Dealmed Nitrile Exam Gloves Small (200 Count) - Disposable, 
2026-07-27 05:25:36 | DEBUG    | scraper.parser | Product 29 parsed: TitanFlex 8-mil Premium Nitrile Gloves, Black, XXL, Protecti
2026-07-27 05:25:37 | DEBUG    | scraper.parser | Product 30 parsed: FRAMAR Black Disposable Gloves Large, 12 INCH Latex Free Glo
2026-07-27 05:25:37 | DEBUG    | scraper.parser | Product 31 parsed: SwiftGrip Pink Nitrile Gloves, 3-mil, Industrial Gloves Disp
2026-07-27 05:25:37 | DEBUG    | scraper.parser | Product 32 parsed: TRENDOUX Merino Wool Winter Gloves for Men Women, Cold Weath
2026-07-27 05:25:38 | DEBUG    | scraper.parser | Product 33 parsed: TitanFlex Heavy Duty Black Nitrile Gloves, 6 Mil, Fully Text
2026-07-27 05:25:38 | DEBUG    | scraper.parser | Product 34 parsed: PROMEDIX P Black Disposable Nitrile Gloves, 6Mil 100 Pcs Foo
2026-07-27 05:25:39 | DEBUG    | scraper.parser | Product 35 parsed: Inspire Exam Medical Clear Vinyl Disposable Gloves - Latex F
2026-07-27 05:25:39 | DEBUG    | scraper.parser | Product 36 parsed: Medpride Medical Examination Nitrile Gloves| Medium Box of 2
2026-07-27 05:25:40 | DEBUG    | scraper.parser | Product 37 parsed: REACH STAR 2 Pairs Winter gloves for women Touch screen Elas
2026-07-27 05:25:40 | DEBUG    | scraper.parser | Product 38 parsed: OKIAAS Clear Vinyl Disposable Gloves, Latex-Free, Powder-Fre
2026-07-27 05:25:40 | DEBUG    | scraper.parser | Product 39 parsed: SueStar Workout Gloves - Men Women 2022, Weight Lifting Gym 
2026-07-27 05:25:41 | DEBUG    | scraper.parser | Product 40 parsed: Supmedic Nitrile+ Disposable Gloves, 5Mil Chemical Resistant
2026-07-27 05:25:41 | DEBUG    | scraper.parser | Product 41 parsed: Raven SAS66518 SAS Safety Powder Free Examination Black Nitr
2026-07-27 05:25:41 | DEBUG    | scraper.parser | Product 42 parsed: L3 Level 3 Nitrile Gloves - Professional Heavy Duty Disposab
2026-07-27 05:25:42 | DEBUG    | scraper.parser | Product 43 parsed: FifthPulse Biodegradable Disposable Nitrile Gloves, 150 Coun
2026-07-27 05:25:42 | DEBUG    | scraper.parser | Product 44 parsed: DULFINE Safety Work Gloves for Men & Women, PU Coated Seamle
2026-07-27 05:25:43 | DEBUG    | scraper.parser | Product 45 parsed: Thickster Powder-Free Exam Grade Latex Disposable Gloves. Si
2026-07-27 05:25:43 | DEBUG    | scraper.parser | Product 46 parsed: Ammex Indigo Nitrile Disposable Exam Gloves, 3 Mil, Latex/Po
2026-07-27 05:25:43 | DEBUG    | scraper.parser | Product 47 parsed: Nepest Road Cycling Gloves Gel Padded Absorbing Fingerless B
2026-07-27 05:25:44 | DEBUG    | scraper.parser | Product 48 parsed: 1st Choice Nitrile Gloves Disposable Latex-Free, Black, 5 Mi
2026-07-27 05:25:44 | DEBUG    | scraper.parser | Product 49 parsed: DULFINE High Performance 3 Pairs Pack Work Gloves for Men Mu
2026-07-27 05:25:45 | DEBUG    | scraper.parser | Product 50 parsed: FifthPulse [150 Count] Biodegradable Gloves - Black Nitrile 
2026-07-27 05:25:45 | DEBUG    | scraper.parser | Product 51 parsed: Schneider Medical Nitrile Exam Gloves, 4 Mil Black Gloves Di
2026-07-27 05:25:46 | DEBUG    | scraper.parser | Product 52 parsed: Schneider Medical Nitrile Exam Gloves, Powder-Free, Latex-Fr
2026-07-27 05:25:46 | DEBUG    | scraper.parser | Product 53 parsed: Copper Fit Guardwell Gloves Full Finger Hand Protection
2026-07-27 05:25:46 | DEBUG    | scraper.parser | Product 54 parsed: GUSTO Black Nitrile Gloves - Disposable Heavy Duty 6 Mil | L
2026-07-27 05:25:47 | DEBUG    | scraper.parser | Product 55 parsed: Medline FitGuard Touch Nitrile Exam Gloves, 100 Count, Large
2026-07-27 05:25:47 | DEBUG    | scraper.parser | Product 56 parsed: Schneider Medical Black Nitrile Exam Glove, Latex Free Powde
2026-07-27 05:25:47 | DEBUG    | scraper.parser | Product 57 parsed: Supmedic Medical Nitrile Exam Gloves, Latex & Powder-Free Di
2026-07-27 05:25:48 | DEBUG    | scraper.parser | Product 58 parsed: X3 Black Gloves, Disposable, Latex Free, Nitrile, for Cookin
2026-07-27 05:25:48 | DEBUG    | scraper.parser | Product 59 parsed: SWIFTLITE Disposable Nitrile Gloves, Food Safe, Latex-Free P
2026-07-27 05:25:49 | DEBUG    | scraper.parser | Product 60 parsed: Renegade GK Helix Pro Soccer Goalie Gloves - No Fingersaves 
2026-07-27 05:25:49 | INFO     | scraper.search | Page 3: Extracted 60 products (total: 168)
2026-07-27 05:25:49 | DEBUG    | utils.resume | Progress saved: keyword='gloves', last_completed_page=3
2026-07-27 05:25:49 | INFO     | scraper.search | ━━━ Scraping page 4 of 29 ━━━
2026-07-27 05:25:49 | INFO     | scraper.search | Navigating to page 4: https://www.amazon.com/s?k=gloves&page=4
2026-07-27 05:25:53 | DEBUG    | scraper.search | Page 4 loaded successfully.
2026-07-27 05:25:53 | INFO     | scraper.parser | Found 60 product cards on the page.
2026-07-27 05:25:54 | DEBUG    | scraper.parser | Product 1 parsed: Mechanix Wear: FastFit Work Glove with Elastic Cuff for Secu
2026-07-27 05:25:54 | DEBUG    | scraper.parser | Product 2 parsed: Mechanix Wear FastFit Tactical Covert Gloves, Medium | Heavy
2026-07-27 05:25:55 | DEBUG    | scraper.parser | Product 3 parsed: Jointown Basic Synmax Vinyl Exam Gloves Disposable Exam Glov
2026-07-27 05:25:55 | DEBUG    | scraper.parser | Product 4 parsed: TREEGO 10 Mil Heavy Duty Black Nitrile Mechanic Gloves, 100 
2026-07-27 05:25:56 | DEBUG    | scraper.parser | Product 5 parsed: Inspire Pink Gloves Disposable Latex Free | Nitrile Pink Glo
2026-07-27 05:25:56 | DEBUG    | scraper.parser | Product 6 parsed: Ammex Indigo Nitrile Disposable Exam Gloves, 3 Mil, Latex/Po
2026-07-27 05:25:56 | DEBUG    | scraper.parser | Product 7 parsed: SILEDGN 6Pairs Winter Gloves Women Men's Warm Knit Gloves Bl
2026-07-27 05:25:57 | DEBUG    | scraper.parser | Product 8 parsed: 1st Choice Green Nitrile Gloves, Disposable Latex Free, 100 
2026-07-27 05:25:57 | DEBUG    | scraper.parser | Product 9 parsed: Ansell MICROFLEX ​Diamond Grip MF-300 Exam Standard Gloves -
2026-07-27 05:25:58 | DEBUG    | scraper.parser | Product 10 parsed: FifthPulse Biodegradable Disposable Nitrile Gloves, 150 Coun
2026-07-27 05:25:58 | DEBUG    | scraper.parser | Product 11 parsed: FifthPulse [150 Count] Biodegradable Gloves - Black Nitrile 
2026-07-27 05:25:58 | DEBUG    | scraper.parser | Product 12 parsed: Medline FitGuard Touch Nitrile Exam Gloves, 3000 Count, Smal
2026-07-27 05:25:59 | DEBUG    | scraper.parser | Product 13 parsed: Medline FitGuard Touch Nitrile Exam Gloves, 100 Count, Large
2026-07-27 05:25:59 | DEBUG    | scraper.parser | Product 14 parsed: linconson 12 Pack Safety Performance Series Construction Mec
2026-07-27 05:26:00 | DEBUG    | scraper.parser | Product 15 parsed: SWIFTLITE Disposable Nitrile Gloves, Food Safe, Latex-Free P
2026-07-27 05:26:00 | DEBUG    | scraper.parser | Product 16 parsed: TitanFlex Heavy Duty Industrial Nitrile Gloves with Raised D
2026-07-27 05:26:00 | DEBUG    | scraper.parser | Product 17 parsed: AMMEX Vinyl Gloves Disposable 4 mil Clear Plastic Exam Grade
2026-07-27 05:26:01 | DEBUG    | scraper.parser | Product 18 parsed: SWIFTLITE Black Nitrile Gloves, Food Safe Disposable Gloves 
2026-07-27 05:26:01 | DEBUG    | scraper.parser | Product 19 parsed: Mechanix Wear M-Pact Tactical Touchscreen Gloves Grey XX-Lar
2026-07-27 05:26:02 | DEBUG    | scraper.parser | Product 20 parsed: 100 Pack Disposable TPE Gloves, Clear Food Prep Gloves with 
2026-07-27 05:26:02 | DEBUG    | scraper.parser | Product 21 parsed: PACIFIC PPE 2 Pairs Cleaning Gloves, Cotton Liner, Purple+Bl
2026-07-27 05:26:03 | DEBUG    | scraper.parser | Product 22 parsed: GLOVEWORKS Nitrile Gloves Disposable Orange 8 mil, X-Large 2
2026-07-27 05:26:03 | DEBUG    | scraper.parser | Product 23 parsed: Women Sunblock-Fingerless Gloves UV-Sun-Protection Driving N
2026-07-27 05:26:03 | DEBUG    | scraper.parser | Product 24 parsed: Nepest Road Cycling Gloves for Men Women Padded Absorbing Fi
2026-07-27 05:26:04 | DEBUG    | scraper.parser | Product 25 parsed: 1st Choice Nitrile Gloves Disposable Latex-Free, Black, 5 Mi
2026-07-27 05:26:04 | DEBUG    | scraper.parser | Product 26 parsed: HEAVY DUTY 7 Mil Nitrile Black Gloves Disposable Latex Free 
2026-07-27 05:26:05 | DEBUG    | scraper.parser | Product 27 parsed: squish Disposable Gloves, 100 Count 4 mil Clear Vinyl Gloves
2026-07-27 05:26:05 | DEBUG    | scraper.parser | Product 28 parsed: OKIAAS Men's Blue Medium Thin and Lightweight Working Gloves
2026-07-27 05:26:05 | DEBUG    | scraper.parser | Product 29 parsed: Safety Work Gloves - 7 Pairs, Seamless Knit Glove with Micro
2026-07-27 05:26:06 | DEBUG    | scraper.parser | Product 30 parsed: Supmedic Medical Soft Max Nitrile Disposable Gloves Powder-F
2026-07-27 05:26:06 | DEBUG    | scraper.parser | Product 31 parsed: DULFINE Safety Work Gloves for Men & Women, PU Coated Seamle
2026-07-27 05:26:07 | DEBUG    | scraper.parser | Product 32 parsed: MED PRIDE Nitrile Exam 1200 Count Gloves, Blue Disposable Ex
2026-07-27 05:26:07 | DEBUG    | scraper.parser | Product 33 parsed: BEASTEK Nitrile+™ 4 Mil Disposable Exam Gloves, Latex & Powd
2026-07-27 05:26:07 | DEBUG    | scraper.parser | Product 34 parsed: Wostar Nitrile Disposable Gloves Powder & Latex Free 4mil To
2026-07-27 05:26:08 | DEBUG    | scraper.parser | Product 35 parsed: TitanFlex Nitrile Exam Gloves, Blue, 6-mil, Heavy Duty Nitri
2026-07-27 05:26:08 | DEBUG    | scraper.parser | Product 36 parsed: SWIFTLITE Disposable Vinyl Gloves, Food Safe, Latex-Free Pow
2026-07-27 05:26:09 | DEBUG    | scraper.parser | Product 37 parsed: SwiftGrip Disposable Nitrile Exam Gloves, Black Nitrile Glov
2026-07-27 05:26:09 | DEBUG    | scraper.parser | Product 38 parsed: Medguy Nitrile Disposable Gloves, 4 Mil Black Powder-Free La
2026-07-27 05:26:09 | DEBUG    | scraper.parser | Product 39 parsed: 1st Choice Black Nitrile Gloves Disposable Latex Free - Exam
2026-07-27 05:26:10 | DEBUG    | scraper.parser | Product 40 parsed: OKIAAS Black/Pink Vinyl Disposable Gloves Latex Free, Food G
2026-07-27 05:26:10 | DEBUG    | scraper.parser | Product 41 parsed: SwiftGrip Disposable Nitrile Exam Gloves, 3-mil, Small, Box 
2026-07-27 05:26:11 | DEBUG    | scraper.parser | Product 42 parsed: JMU Black Nitrile Gloves Small Case of 1200, 3.5Mil Medical 
2026-07-27 05:26:11 | DEBUG    | scraper.parser | Product 43 parsed: Supmedic Medical Soft Max™ Nitrile Exam Gloves, Powder-Free 
2026-07-27 05:26:11 | DEBUG    | scraper.parser | Product 44 parsed: Black Mamba Super Strong Nitrile 100 Glove BOX (LARGE)
2026-07-27 05:26:12 | DEBUG    | scraper.parser | Product 45 parsed: 3 Pairs Winter Magic Gloves Adults Warm Knit Gloves Stretchy
2026-07-27 05:26:12 | DEBUG    | scraper.parser | Product 46 parsed: Atlantic Safety Products Black Lightning Gloves BL-XXL, Doub
2026-07-27 05:26:13 | DEBUG    | scraper.parser | Product 47 parsed: Renegade GK Helix Pro Soccer Goalie Gloves - No Fingersaves 
2026-07-27 05:26:13 | DEBUG    | scraper.parser | Product 48 parsed: Disposable Black Nitrile Gloves Large 200 Count - Extra Thic
2026-07-27 05:26:13 | DEBUG    | scraper.parser | Product 49 parsed: TitanFlex Heavy Duty Industrial Orange Nitrile Gloves, 8-mil
2026-07-27 05:26:14 | DEBUG    | scraper.parser | Product 50 parsed: DULFINE High Performance 3 Pairs Pack Work Gloves for Men Mu
2026-07-27 05:26:14 | DEBUG    | scraper.parser | Product 51 parsed: Winter Gloves Women Men Cold Weather Touch Screen 3-Layers L
2026-07-27 05:26:15 | DEBUG    | scraper.parser | Product 52 parsed: KAYGO Safety Work Gloves, MicroFoam Nitrile Coated, Men Wome
2026-07-27 05:26:15 | DEBUG    | scraper.parser | Product 53 parsed: Ansell MICROFLEX 10-733 Daily Defense Disposable Nitrile Glo
2026-07-27 05:26:15 | DEBUG    | scraper.parser | Product 54 parsed: SwiftGrip Nitrile Exam Gloves, 4 Mil, Cherry Blossom, Food S
2026-07-27 05:26:16 | DEBUG    | scraper.parser | Product 55 parsed: FanVince Winter Gloves Touch Screen Water Resistant Windproo
2026-07-27 05:26:16 | DEBUG    | scraper.parser | Product 56 parsed: PROMEDIX P Nitrile Disposable Gloves,4mil-100 Count,Gloves D
2026-07-27 05:26:17 | DEBUG    | scraper.parser | Product 57 parsed: Sportout Youth&Adult Goalie Goalkeeper Gloves,Strong Grip fo
2026-07-27 05:26:17 | DEBUG    | scraper.parser | Product 58 parsed: Under Armour Men's Storm Liner
2026-07-27 05:26:17 | DEBUG    | scraper.parser | Product 59 parsed: MCR Safety 9673 NXG 13 Gauge Gray Nylon Black Nitrile Foam C
2026-07-27 05:26:18 | DEBUG    | scraper.parser | Product 60 parsed: SUP Powder-Free Nitrile Exam Gloves, 100/1000 Ct Food Safe L
2026-07-27 05:26:18 | INFO     | scraper.search | Page 4: Extracted 60 products (total: 228)
2026-07-27 05:26:18 | DEBUG    | utils.resume | Progress saved: keyword='gloves', last_completed_page=4
2026-07-27 05:26:18 | INFO     | scraper.search | ━━━ Scraping page 5 of 29 ━━━
2026-07-27 05:26:18 | INFO     | scraper.search | Navigating to page 5: https://www.amazon.com/s?k=gloves&page=5
2026-07-27 05:26:23 | DEBUG    | scraper.search | Page 5 loaded successfully.
2026-07-27 05:26:23 | INFO     | scraper.parser | Found 60 product cards on the page.
2026-07-27 05:26:24 | DEBUG    | scraper.parser | Product 1 parsed: Mechanix Wear: FastFit Work Glove with Elastic Cuff for Secu
2026-07-27 05:26:24 | DEBUG    | scraper.parser | Product 2 parsed: Mechanix Wear FastFit Tactical Covert Gloves, Medium | Heavy
2026-07-27 05:26:25 | DEBUG    | scraper.parser | Product 3 parsed: Jointown Basic Synmax Vinyl Exam Gloves Disposable Exam Glov
2026-07-27 05:26:25 | DEBUG    | scraper.parser | Product 4 parsed: ihuan New Weight Lifting Gym Workout Gloves Men & Women, Gre
2026-07-27 05:26:25 | DEBUG    | scraper.parser | Product 5 parsed: GUSTO Blue Nitrile Gloves, Disposable Gloves – 4 Mil, Latex 
2026-07-27 05:26:26 | DEBUG    | scraper.parser | Product 6 parsed: 1st Choice Nitrile Gloves Disposable Latex-Free, Black, 5 Mi
2026-07-27 05:26:26 | DEBUG    | scraper.parser | Product 7 parsed: BEASTEK Medical Nitrile Exam Gloves Disposable Powder-Free, 
2026-07-27 05:26:27 | DEBUG    | scraper.parser | Product 8 parsed: DRNAIETY 2 Pairs Arthritis Compression Gloves- for Hand Arth
2026-07-27 05:26:27 | DEBUG    | scraper.parser | Product 9 parsed: SAFEGUARD Latex Powder Free Gloves, X-Large, 100 Count (Pack
2026-07-27 05:26:28 | DEBUG    | scraper.parser | Product 10 parsed: 1st Choice Black Nitrile Gloves Disposable Latex Free - Exam
2026-07-27 05:26:28 | DEBUG    | scraper.parser | Product 11 parsed: Schneider Medical Nitrile Exam Gloves, Powder & Latex Free, 
2026-07-27 05:26:28 | DEBUG    | scraper.parser | Product 12 parsed: Atlantic Safety Products Black Lightning Gloves BL-XXL, Doub
2026-07-27 05:26:29 | DEBUG    | scraper.parser | Product 13 parsed: COOHORN 12Pairs Grip Safety Work Gloves Anti-slip Dots Bulk 
2026-07-27 05:26:29 | DEBUG    | scraper.parser | Product 14 parsed: KAYGO Safety Work Gloves, MicroFoam Nitrile Coated, Men Wome
2026-07-27 05:26:30 | DEBUG    | scraper.parser | Product 15 parsed: BEASTEK Nitrile Disposable Gloves, 4 mil Powder-Free Latex-F
2026-07-27 05:26:30 | DEBUG    | scraper.parser | Product 16 parsed: SwiftGrip Powder-Free Nitrile Gloves, 3-mil, Disposable Nitr
2026-07-27 05:26:30 | DEBUG    | scraper.parser | Product 17 parsed: Mechanix Wear M-Pact Tactical Touchscreen Gloves Grey XX-Lar
2026-07-27 05:26:31 | DEBUG    | scraper.parser | Product 18 parsed: linconson 12 Pack Safety Performance Series Construction Mec
2026-07-27 05:26:31 | DEBUG    | scraper.parser | Product 19 parsed: TREEGO 10 Mil Heavy Duty Black Nitrile Mechanic Gloves, 100 
2026-07-27 05:26:32 | DEBUG    | scraper.parser | Product 20 parsed: OKIAAS Men's Blue Medium Thin and Lightweight Working Gloves
2026-07-27 05:26:32 | DEBUG    | scraper.parser | Product 21 parsed: NEOTRIL 6 Mil Heavy Duty Black Nitrile Disposable Gloves, La
2026-07-27 05:26:33 | DEBUG    | scraper.parser | Product 22 parsed: Ensure Black Nitrile Gloves – 5 Mil Heavy-Duty Disposable Gl
2026-07-27 05:26:33 | DEBUG    | scraper.parser | Product 23 parsed: Global Glove - PUG-17-M PUG-17 - Lightweight Seamless Genera
2026-07-27 05:26:33 | DEBUG    | scraper.parser | Product 24 parsed: Curad Nitrile Exam Gloves, Durable, Powder Free, Chemical Re
2026-07-27 05:26:34 | DEBUG    | scraper.parser | Product 25 parsed: 100 Pack Disposable TPE Gloves, Clear Food Prep Gloves with 
2026-07-27 05:26:34 | DEBUG    | scraper.parser | Product 26 parsed: squish Disposable Gloves, 100 Count 4 mil Clear Vinyl Gloves
2026-07-27 05:26:35 | DEBUG    | scraper.parser | Product 27 parsed: GLOVEWORKS Nitrile Gloves Disposable Orange 8 mil, X-Large 2
2026-07-27 05:26:35 | DEBUG    | scraper.parser | Product 28 parsed: Safety Work Gloves - 7 Pairs, Seamless Knit Glove with Micro
2026-07-27 05:26:35 | DEBUG    | scraper.parser | Product 29 parsed: MED PRIDE Nitrile Exam 300 Count Gloves, Blue Disposable Exa
2026-07-27 05:26:36 | DEBUG    | scraper.parser | Product 30 parsed: Black Nitrile Disposable Medical Exam 5mil Latex-Free Cleani
2026-07-27 05:26:36 | DEBUG    | scraper.parser | Product 31 parsed: DULFINE High Performance 3 Pairs Pack Work Gloves for Men Mu
2026-07-27 05:26:37 | DEBUG    | scraper.parser | Product 32 parsed: Ansell MICROFLEX 10-733 Daily Defense Disposable Nitrile Glo
2026-07-27 05:26:37 | DEBUG    | scraper.parser | Product 33 parsed: 1st Choice 6 mil Orange Gloves, Disposable, Latex Free, Rais
2026-07-27 05:26:37 | DEBUG    | scraper.parser | Product 34 parsed: Safeguard Nitrile Disposable Gloves, Powder Free, Food Grade
2026-07-27 05:26:38 | DEBUG    | scraper.parser | Product 35 parsed: Elgood Reusable Dishwashing Cleaning Gloves with Latex free,
2026-07-27 05:26:38 | DEBUG    | scraper.parser | Product 36 parsed: SwiftGrip Disposable Nitrile Exam Gloves, Blue, Latex Free, 
2026-07-27 05:26:39 | DEBUG    | scraper.parser | Product 37 parsed: SwiftGrip Disposable Nitrile Exam Gloves, 3mil, XS, Box of 1
2026-07-27 05:26:39 | DEBUG    | scraper.parser | Product 38 parsed: TREEGO 10 Mil Heavy Duty Black Nitrile Mechanic Gloves, 50 C
2026-07-27 05:26:39 | DEBUG    | scraper.parser | Product 39 parsed: 5 Mil Black Nitrile Gloves for Food Prep - Textured Food Pre
2026-07-27 05:26:40 | DEBUG    | scraper.parser | Product 40 parsed: Raven Powder Free Nitrile Disposable Gloves | 7 Mil | Latex 
2026-07-27 05:26:40 | DEBUG    | scraper.parser | Product 41 parsed: AMMEX Blue Disposable Latex Exam Gloves, 13 Mil, Powder-Free
2026-07-27 05:26:41 | DEBUG    | scraper.parser | Product 42 parsed: Bamllum 3 Pairs of Rubber Dishwashing Gloves for Kitchen and
2026-07-27 05:26:41 | DEBUG    | scraper.parser | Product 43 parsed: Venom Steel Nitrile Gloves, 6 mil Disposable Latex Free Blac
2026-07-27 05:26:41 | DEBUG    | scraper.parser | Product 44 parsed: Jsocoah Cleaning Gloves for Dishwashing, 4/5 Pairs Reusable 
2026-07-27 05:26:42 | DEBUG    | scraper.parser | Product 45 parsed: Renegade GK Helix Pro Soccer Goalie Gloves - No Fingersaves 
2026-07-27 05:26:42 | DEBUG    | scraper.parser | Product 46 parsed: LANON 3 Pairs wahoo Cleaning Gloves, Cotton Flocked Liner,Ma
2026-07-27 05:26:43 | DEBUG    | scraper.parser | Product 47 parsed: BEASTEK Nitrile Exam Gloves, 4.0 Mil 100 Pcs, Powder-Free La
2026-07-27 05:26:43 | DEBUG    | scraper.parser | Product 48 parsed: If You Care Medium Cotton Flock Lined Household Gloves – Dur
2026-07-27 05:26:43 | DEBUG    | scraper.parser | Product 49 parsed: Bamllum 16-Inch Latex-Free Cleaning Gloves, Cotton Flocked L
2026-07-27 05:26:44 | DEBUG    | scraper.parser | Product 50 parsed: Sportout Youth&Adult Goalie Goalkeeper Gloves,Strong Grip fo
2026-07-27 05:26:44 | DEBUG    | scraper.parser | Product 51 parsed: ZMDREAM Nitrile Gloves 4-mil Thick 200 & 2000 Counts Latex-F
2026-07-27 05:26:45 | DEBUG    | scraper.parser | Product 52 parsed: 1st Choice Nitrile Gloves Disposable Latex-Free, Black, 5 Mi
2026-07-27 05:26:45 | DEBUG    | scraper.parser | Product 53 parsed: SUP Powder-Free Nitrile Exam Gloves, Food Safe Latex-Free Me
2026-07-27 05:26:45 | DEBUG    | scraper.parser | Product 54 parsed: Food Grade 5 Mil Disposable Nitrile Gloves Medium, 100Pcs | 
2026-07-27 05:26:46 | DEBUG    | scraper.parser | Product 55 parsed: BEASTEK Black Nitrile Exam Gloves, 4.0 Mil, 100 Pcs Disposab
2026-07-27 05:26:46 | DEBUG    | scraper.parser | Product 56 parsed: Copper Fit Guardwell Gloves Full Finger Hand Protection
2026-07-27 05:26:47 | DEBUG    | scraper.parser | Product 57 parsed: SUP Powder-Free Nitrile Exam Gloves, 100 Count, Food Safe La
2026-07-27 05:26:47 | DEBUG    | scraper.parser | Product 58 parsed: Franklin Sports MLB Baseball Batting Gloves - CFX Pro Youth 
2026-07-27 05:26:47 | DEBUG    | scraper.parser | Product 59 parsed: BEASTEK Nitrile Disposable Gloves, 4 mil Powder-Free Latex-F
2026-07-27 05:26:48 | DEBUG    | scraper.parser | Product 60 parsed: WECARE 8 Mil Nitrile Gloves - Heavy Duty Mechanic Gloves, wi
2026-07-27 05:26:48 | INFO     | scraper.search | Page 5: Extracted 60 products (total: 288)
2026-07-27 05:26:48 | DEBUG    | utils.resume | Progress saved: keyword='gloves', last_completed_page=5
2026-07-27 05:26:48 | INFO     | scraper.search | ━━━ Scraping page 6 of 29 ━━━
2026-07-27 05:26:48 | INFO     | scraper.search | Navigating to page 6: https://www.amazon.com/s?k=gloves&page=6
2026-07-27 05:26:53 | DEBUG    | scraper.search | Page 6 loaded successfully.
2026-07-27 05:26:53 | INFO     | scraper.parser | Found 60 product cards on the page.
2026-07-27 05:26:54 | DEBUG    | scraper.parser | Product 1 parsed: Mechanix Wear: FastFit Work Glove with Elastic Cuff for Secu
2026-07-27 05:26:54 | DEBUG    | scraper.parser | Product 2 parsed: Mechanix Wear FastFit Tactical Covert Gloves, Medium | Heavy
2026-07-27 05:26:55 | DEBUG    | scraper.parser | Product 3 parsed: Jointown Basic Synmax Vinyl Exam Gloves Disposable Exam Glov
2026-07-27 05:26:55 | DEBUG    | scraper.parser | Product 4 parsed: TREEGO 10 Mil Heavy Duty Black Nitrile Mechanic Gloves, 100 
2026-07-27 05:26:56 | DEBUG    | scraper.parser | Product 5 parsed: BEASTEK Nitrile Disposable Gloves, 4 mil Powder-Free Latex-F
2026-07-27 05:26:56 | DEBUG    | scraper.parser | Product 6 parsed: 1st Choice Nitrile Gloves Disposable Latex-Free, Black, 5 Mi
2026-07-27 05:26:57 | DEBUG    | scraper.parser | Product 7 parsed: Copper Fit Guardwell Gloves Full Finger Hand Protection
2026-07-27 05:26:57 | DEBUG    | scraper.parser | Product 8 parsed: Franklin Sports MLB Baseball Batting Gloves - CFX Pro Youth 
2026-07-27 05:26:57 | DEBUG    | scraper.parser | Product 9 parsed: Playtex Living Reuseable Rubber Cleaning Gloves (Small, 3 Pa
2026-07-27 05:26:58 | DEBUG    | scraper.parser | Product 10 parsed: Playtex HandSaver Reuseable Rubber Cleaning Gloves (Small, 3
2026-07-27 05:26:58 | DEBUG    | scraper.parser | Product 11 parsed: Nepest Road Cycling Gloves for Men Women Padded Absorbing Fi
2026-07-27 05:26:59 | DEBUG    | scraper.parser | Product 12 parsed: Supmedic Nitrile Exam Gloves, 4 Mil MED+ Powder-Free Latex-F
2026-07-27 05:26:59 | DEBUG    | scraper.parser | Product 13 parsed: Ironclad General Utility Work Gloves GUG, All-Purpose, Perfo
2026-07-27 05:26:59 | DEBUG    | scraper.parser | Product 14 parsed: Haylard Health Professional 55082 PURPLE NITRILE Exam Gloves
2026-07-27 05:27:00 | DEBUG    | scraper.parser | Product 15 parsed: DSI Ever-Dri Color Guard Gloves
2026-07-27 05:27:00 | DEBUG    | scraper.parser | Product 16 parsed: Showa Atlas 370 Garden Club Gloves. Assorted Colors - 4 Pack
2026-07-27 05:27:00 | DEBUG    | scraper.parser | Product 17 parsed: linconson 12 Pack Safety Performance Series Construction Mec
2026-07-27 05:27:01 | DEBUG    | scraper.parser | Product 18 parsed: Mechanix Wear M-Pact Tactical Touchscreen Gloves Grey XX-Lar
2026-07-27 05:27:01 | DEBUG    | scraper.parser | Product 19 parsed: GLOVEWORKS Nitrile Gloves Disposable Orange 8 mil, X-Large 2
2026-07-27 05:27:02 | DEBUG    | scraper.parser | Product 20 parsed: HEAVY DUTY 6 Mil Nitrile Black Gloves Disposable Latex Free 
2026-07-27 05:27:02 | DEBUG    | scraper.parser | Product 21 parsed: MaxiFlex 34-874 Ultimate - Nylon Micro-Foam Nitrile Grip Glo
2026-07-27 05:27:03 | DEBUG    | scraper.parser | Product 22 parsed: KLEIN TOOLS 60585 Work Gloves, Knit Dipped Cut Resistant ANS
2026-07-27 05:27:03 | DEBUG    | scraper.parser | Product 23 parsed: PIG FDT Delta Utility Gloves, 1 Pair | High Dexterity for Sh
2026-07-27 05:27:04 | DEBUG    | scraper.parser | Product 24 parsed: GORILLA GRIP All-Purpose Work Gloves, Large, 15 Pair, Black 
2026-07-27 05:27:04 | DEBUG    | scraper.parser | Product 25 parsed: HEAVY DUTY 7 Mil Nitrile Black Gloves Disposable Latex Free 
2026-07-27 05:27:04 | DEBUG    | scraper.parser | Product 26 parsed: OKIAAS Men's Blue Medium Thin and Lightweight Working Gloves
2026-07-27 05:27:05 | DEBUG    | scraper.parser | Product 27 parsed: 100 Pack Disposable TPE Gloves, Clear Food Prep Gloves with 
2026-07-27 05:27:05 | DEBUG    | scraper.parser | Product 28 parsed: squish Disposable Gloves, 100 Count 4 mil Clear Vinyl Gloves
2026-07-27 05:27:05 | DEBUG    | scraper.parser | Product 29 parsed: FRAMAR Green Gloves Disposable Latex Free, Powder Free Nitri
2026-07-27 05:27:06 | DEBUG    | scraper.parser | Product 30 parsed: Inspire Nitrile-Vinyl Blend Exam Gloves - Disposable, Latex 
2026-07-27 05:27:06 | DEBUG    | scraper.parser | Product 31 parsed: Fixwal Disposable Black Nitrile Gloves, Medium, 4 Mil, 1200 
2026-07-27 05:27:07 | DEBUG    | scraper.parser | Product 32 parsed: Disposable Medical Vinyl Exam Gloves Industrial Gloves - Lat
2026-07-27 05:27:07 | DEBUG    | scraper.parser | Product 33 parsed: BOOMJOY Nitrile Cleaning Gloves, Heavy Duty Dishwashing Glov
2026-07-27 05:27:08 | DEBUG    | scraper.parser | Product 34 parsed: London Labs Black Nitrile Gloves Disposable Latex Free & Pow
2026-07-27 05:27:08 | DEBUG    | scraper.parser | Product 35 parsed: COOLJOB 6 Pairs Gardening Gloves for Men, Breathable Rubber 
2026-07-27 05:27:08 | DEBUG    | scraper.parser | Product 36 parsed: Black Nitrile Disposable Gloves X-Small, 100 Count - Powder-
2026-07-27 05:27:09 | DEBUG    | scraper.parser | Product 37 parsed: SYSCO HIGH Performance Nitrile Gloves Size XL Powder Free - 
2026-07-27 05:27:09 | DEBUG    | scraper.parser | Product 38 parsed: First Glove 8 Mil Orange Diamond Texture Nitrile Bucket of G
2026-07-27 05:27:10 | DEBUG    | scraper.parser | Product 39 parsed: 36 Pcs White Cotton Gloves for Dry Hands Sleeping, Men&Women
2026-07-27 05:27:10 | DEBUG    | scraper.parser | Product 40 parsed: London Labs Heavy Duty 6 Mil Black Nitrile Gloves - Disposab
2026-07-27 05:27:10 | DEBUG    | scraper.parser | Product 41 parsed: FINITEX Nitrile Disposable Gloves - Black, 3.5mil, 100PCS, P
2026-07-27 05:27:11 | DEBUG    | scraper.parser | Product 42 parsed: ihuan New Weight Lifting Gym Workout Gloves Men & Women, Gre
2026-07-27 05:27:11 | DEBUG    | scraper.parser | Product 43 parsed: Nitrile Gloves, Powder-Free, Black, Extra Small, 100 Count, 
2026-07-27 05:27:12 | DEBUG    | scraper.parser | Product 44 parsed: COOLJOB 6 Pairs Gardening Gloves for Women Ladies, Breathabl
2026-07-27 05:27:12 | DEBUG    | scraper.parser | Product 45 parsed: Schwer 2 Pairs A7 Cut Resistant Work Gloves, Touchscreen, CR
2026-07-27 05:27:12 | DEBUG    | scraper.parser | Product 46 parsed: MaxiFlex 34-8743 Gloves Cut Resistant Nitrile Coated Work Gr
2026-07-27 05:27:13 | DEBUG    | scraper.parser | Product 47 parsed: 1st Choice Nitrile Gloves, Disposable, Latex-Free, Black, 6 
2026-07-27 05:27:13 | DEBUG    | scraper.parser | Product 48 parsed: JMU Latex Gloves, 5 Mil Thick Disposable Powder-Free Medical
2026-07-27 05:27:14 | DEBUG    | scraper.parser | Product 49 parsed: Nitrile Disposable Gloves Pack of 100, Latex Free Safety Wor
2026-07-27 05:27:14 | DEBUG    | scraper.parser | Product 50 parsed: ComfyBrace Copper Infused Compression Arthritis Gloves for H
2026-07-27 05:27:14 | DEBUG    | scraper.parser | Product 51 parsed: TitanFlex Work Gloves, MicroFoam Nitrile Coated, Seamless Kn
2026-07-27 05:27:15 | DEBUG    | scraper.parser | Product 52 parsed: Bamllum Kitchen Cleaning Gloves, Latex-Free, Cotton Flocked 
2026-07-27 05:27:15 | DEBUG    | scraper.parser | Product 53 parsed: O-Cedar Playtex Gloves Living Reuseable Rubber Cleaning Glov
2026-07-27 05:27:15 | DEBUG    | scraper.parser | Product 54 parsed: GLOVEWORKS HD Industrial Ivory Latex Gloves, Box of 100, 8 M
2026-07-27 05:27:16 | DEBUG    | scraper.parser | Product 55 parsed: Gardening Gloves for Men Women Breathable Rubber Coated Work
2026-07-27 05:27:16 | DEBUG    | scraper.parser | Product 56 parsed: GripProtect® Precise Black Nitrile Gloves, Exam, 4 Mil, Food
2026-07-27 05:27:17 | DEBUG    | scraper.parser | Product 57 parsed: Galeton Comet Insulated PVC Coated Gloves Safety Cuff Orange
2026-07-27 05:27:18 | DEBUG    | scraper.parser | Product 58 parsed: COOLJOB 3/6/12 Pairs Nitrile Rubber Coated Nylon Safety Work
2026-07-27 05:27:18 | DEBUG    | scraper.parser | Product 59 parsed: First Tactical Men’s Lightweight Patrol Glove | Skin Tight G
2026-07-27 05:27:19 | DEBUG    | scraper.parser | Product 60 parsed: WECARE 8 Mil Nitrile Gloves - Heavy Duty Mechanic Gloves, wi
2026-07-27 05:27:19 | INFO     | scraper.search | Page 6: Extracted 60 products (total: 348)
2026-07-27 05:27:19 | DEBUG    | utils.resume | Progress saved: keyword='gloves', last_completed_page=6
2026-07-27 05:27:19 | INFO     | scraper.search | ━━━ Scraping page 7 of 29 ━━━
2026-07-27 05:27:19 | INFO     | scraper.search | Navigating to page 7: https://www.amazon.com/s?k=gloves&page=7
2026-07-27 05:27:24 | DEBUG    | scraper.search | Page 7 loaded successfully.
2026-07-27 05:27:24 | INFO     | scraper.parser | Found 30 product cards on the page.
2026-07-27 05:27:25 | DEBUG    | scraper.parser | Product 1 parsed: Mechanix Wear: FastFit Work Glove with Elastic Cuff for Secu
2026-07-27 05:27:25 | DEBUG    | scraper.parser | Product 2 parsed: Mechanix Wear FastFit Tactical Covert Gloves, Medium | Heavy
2026-07-27 05:27:26 | DEBUG    | scraper.parser | Product 3 parsed: Mechanix Wear M-Pact Tactical Touchscreen Gloves Grey XX-Lar
2026-07-27 05:27:26 | DEBUG    | scraper.parser | Product 4 parsed: 100 Pack Disposable TPE Gloves, Clear Food Prep Gloves with 
2026-07-27 05:27:27 | DEBUG    | scraper.parser | Product 5 parsed: Galeton Comet Insulated PVC Coated Gloves Safety Cuff Orange
2026-07-27 05:27:27 | DEBUG    | scraper.parser | Product 6 parsed: COOLJOB 3/6/12 Pairs Nitrile Rubber Coated Nylon Safety Work
2026-07-27 05:27:27 | DEBUG    | scraper.parser | Product 7 parsed: First Tactical Men’s Lightweight Patrol Glove | Skin Tight G
2026-07-27 05:27:28 | DEBUG    | scraper.parser | Product 8 parsed: Halyard Health Purple Nitrile Exam Gloves, Medium, 100/Box, 
2026-07-27 05:27:28 | DEBUG    | scraper.parser | Product 9 parsed: GORILLA GRIP Work Gloves, XLarge, 15 Pair, Black and Gray | 
2026-07-27 05:27:29 | DEBUG    | scraper.parser | Product 10 parsed: Microflex 93-260 Nitrile and Neoprene Gloves - Disposable, C
2026-07-27 05:27:29 | DEBUG    | scraper.parser | Product 11 parsed: Medguy Medical Nitrile Exam Gloves, 4 Mil Powder-Free Latex-
2026-07-27 05:27:29 | DEBUG    | scraper.parser | Product 12 parsed: COOLJOB 5 Mil Black Disposable Nitrile Gloves for Men, Heavy
2026-07-27 05:27:30 | DEBUG    | scraper.parser | Product 13 parsed: Disposable Plastic Gloves Food Handling Service Gloves Dispo
2026-07-27 05:27:30 | DEBUG    | scraper.parser | Product 14 parsed: Schwer 12 Pairs A6/A7 (Send Randomly) Cut Resistant Work Glo
2026-07-27 05:27:31 | DEBUG    | scraper.parser | Product 15 parsed: SAFESKIN Disposable Nitrile Gloves in POP-N-GO Pack (50 or 2
2026-07-27 05:27:31 | DEBUG    | scraper.parser | Product 16 parsed: LOCCEF 6 Pairs MicroFoam Nitrile Work Gloves, Yellow Grip Do
2026-07-27 05:27:31 | DEBUG    | scraper.parser | Product 17 parsed: linconson 12 Pack Safety Performance Series Construction Mec
2026-07-27 05:27:32 | DEBUG    | scraper.parser | Product 18 parsed: TREEGO 10 Mil Heavy Duty Black Nitrile Mechanic Gloves, 100 
2026-07-27 05:27:32 | DEBUG    | scraper.parser | Product 19 parsed: OKIAAS Men's Blue Medium Thin and Lightweight Working Gloves
2026-07-27 05:27:33 | DEBUG    | scraper.parser | Product 20 parsed: GLOVEWORKS Nitrile Gloves Disposable Orange 8 mil, X-Large 2
2026-07-27 05:27:33 | DEBUG    | scraper.parser | Product 21 parsed: Boss Men's Coolmax Technology with Sandy Nitrile Coated Palm
2026-07-27 05:27:33 | DEBUG    | scraper.parser | Product 22 parsed: Sports Unlimited Football Lineman Gloves, Max Clash Lineman 
2026-07-27 05:27:34 | DEBUG    | scraper.parser | Product 23 parsed: Bamllum 3 Pairs Rubber Cleaning Gloves for Household - Reusa
2026-07-27 05:27:34 | DEBUG    | scraper.parser | Product 24 parsed: Copper Compression Arthritis Gloves | Fingerless Arthritis C
2026-07-27 05:27:35 | DEBUG    | scraper.parser | Product 25 parsed: squish Disposable Gloves, 100 Count 4 mil Clear Vinyl Gloves
2026-07-27 05:27:35 | DEBUG    | scraper.parser | Product 26 parsed: HEAVY DUTY 7 Mil Nitrile Black Gloves Disposable Latex Free 
2026-07-27 05:27:35 | DEBUG    | scraper.parser | Product 27 parsed: HEAVY DUTY 6 Mil Nitrile Black Gloves Disposable Latex Free 
2026-07-27 05:27:36 | DEBUG    | scraper.parser | Product 28 parsed: SWIFTLITE Nitrile Gloves, Food Safe Disposable Gloves Latex 
2026-07-27 05:27:36 | DEBUG    | scraper.parser | Product 29 parsed: HDX Black Dual Layer 6ml Heavy Duty Disposable Nitrile Glove
2026-07-27 05:27:36 | DEBUG    | scraper.parser | Product 30 parsed: Basic Medical Blue Nitrile Exam Gloves - Latex-Free & Powder
2026-07-27 05:27:36 | INFO     | scraper.search | Page 7: Extracted 30 products (total: 378)
2026-07-27 05:27:36 | DEBUG    | utils.resume | Progress saved: keyword='gloves', last_completed_page=7
2026-07-27 05:27:36 | INFO     | scraper.search | ━━━ Scraping page 8 of 29 ━━━
2026-07-27 05:27:36 | INFO     | scraper.search | Navigating to page 8: https://www.amazon.com/s?k=gloves&page=8
2026-07-27 05:27:40 | DEBUG    | scraper.search | Page 8 loaded successfully.
2026-07-27 05:27:40 | INFO     | scraper.parser | Found 12 product cards on the page.
2026-07-27 05:27:41 | DEBUG    | scraper.parser | Product 1 parsed: Inspire HEAVY DUTY 6Mil ORIGINAL Quality Stretch Nitrile Glo
2026-07-27 05:27:41 | DEBUG    | scraper.parser | Product 2 parsed: Inspire HEAVY DUTY 6Mil ORIGINAL Quality Stretch Nitrile Glo
2026-07-27 05:27:42 | DEBUG    | scraper.parser | Product 3 parsed: Inspire HEAVY DUTY 6Mil ORIGINAL Quality Stretch Nitrile Glo
2026-07-27 05:27:42 | DEBUG    | scraper.parser | Product 4 parsed: Inspire HEAVY DUTY 6Mil ORIGINAL Quality Stretch Nitrile Glo
2026-07-27 05:27:42 | DEBUG    | scraper.parser | Product 5 parsed: FifthPulse Blue Disposable Nitrile Exam Gloves Large 1000 Co
2026-07-27 05:27:43 | DEBUG    | scraper.parser | Product 6 parsed: Inspire Black Nitrile Gloves | THE ORIGINAL Quality Black Gl
2026-07-27 05:27:43 | DEBUG    | scraper.parser | Product 7 parsed: HEAVY DUTY 8 Mil Orange Nitrile Gloves, Diamond Textured Dis
2026-07-27 05:27:44 | DEBUG    | scraper.parser | Product 8 parsed: HEAVY DUTY 6 Mil Nitrile Black Gloves Disposable Latex Free 
2026-07-27 05:27:44 | DEBUG    | scraper.parser | Product 9 parsed: HEAVY DUTY 6 Mil Nitrile Gloves Disposable Latex Free Black 
2026-07-27 05:27:44 | DEBUG    | scraper.parser | Product 10 parsed: HEAVY DUTY 7 Mil Nitrile Black Gloves Disposable Latex Free 
2026-07-27 05:27:45 | DEBUG    | scraper.parser | Product 11 parsed: Inspire Stretch Vinyl Exam Gloves | THE ORIGINAL Quality Dis
2026-07-27 05:27:45 | DEBUG    | scraper.parser | Product 12 parsed: HEAVY DUTY 8 Mil Black Nitrile Gloves Disposable Latex Free 
2026-07-27 05:27:45 | INFO     | scraper.search | Page 8: Extracted 12 products (total: 390)
2026-07-27 05:27:45 | DEBUG    | utils.resume | Progress saved: keyword='gloves', last_completed_page=8
2026-07-27 05:27:45 | INFO     | scraper.search | ━━━ Scraping page 9 of 29 ━━━
2026-07-27 05:27:45 | INFO     | scraper.search | Navigating to page 9: https://www.amazon.com/s?k=gloves&page=9
2026-07-27 05:27:50 | DEBUG    | scraper.search | Page 9 loaded successfully.
2026-07-27 05:27:50 | INFO     | scraper.parser | Found 12 product cards on the page.
2026-07-27 05:27:50 | DEBUG    | scraper.parser | Product 1 parsed: Inspire HEAVY DUTY 6Mil ORIGINAL Quality Stretch Nitrile Glo
2026-07-27 05:27:50 | DEBUG    | scraper.parser | Product 2 parsed: Inspire HEAVY DUTY 6Mil ORIGINAL Quality Stretch Nitrile Glo
2026-07-27 05:27:50 | DEBUG    | scraper.parser | Product 3 parsed: Inspire HEAVY DUTY 6Mil ORIGINAL Quality Stretch Nitrile Glo
2026-07-27 05:27:51 | DEBUG    | scraper.parser | Product 4 parsed: Inspire HEAVY DUTY 6Mil ORIGINAL Quality Stretch Nitrile Glo
2026-07-27 05:27:51 | DEBUG    | scraper.parser | Product 5 parsed: FifthPulse Blue Disposable Nitrile Exam Gloves Large 1000 Co
2026-07-27 05:27:51 | DEBUG    | scraper.parser | Product 6 parsed: Inspire Black Nitrile Gloves | THE ORIGINAL Quality Black Gl
2026-07-27 05:27:51 | DEBUG    | scraper.parser | Product 7 parsed: HEAVY DUTY 8 Mil Orange Nitrile Gloves, Diamond Textured Dis
2026-07-27 05:27:51 | DEBUG    | scraper.parser | Product 8 parsed: HEAVY DUTY 6 Mil Nitrile Black Gloves Disposable Latex Free 
2026-07-27 05:27:52 | DEBUG    | scraper.parser | Product 9 parsed: HEAVY DUTY 6 Mil Nitrile Gloves Disposable Latex Free Black 
2026-07-27 05:27:52 | DEBUG    | scraper.parser | Product 10 parsed: HEAVY DUTY 7 Mil Nitrile Black Gloves Disposable Latex Free 
2026-07-27 05:27:52 | DEBUG    | scraper.parser | Product 11 parsed: Inspire Stretch Vinyl Exam Gloves | THE ORIGINAL Quality Dis
2026-07-27 05:27:52 | DEBUG    | scraper.parser | Product 12 parsed: HEAVY DUTY 8 Mil Black Nitrile Gloves Disposable Latex Free 
2026-07-27 05:27:52 | WARNING  | scraper.search | Page 9: Found the exact same products as the previous page. Amazon has no more unique results. Stopping.
2026-07-27 05:27:52 | INFO     | scraper.search | Scraping complete. Total products extracted: 390
2026-07-27 05:27:52 | INFO     | __main__ | Scraping finished: 390 products extracted.
2026-07-27 05:27:52 | INFO     | filters.product_filter | No filters applied. All 390 products kept.
2026-07-27 05:27:52 | INFO     | exporters.csv_exporter | CSV export complete: 390 products saved to 'E:\Anas\internship\Week3\Amazon_Automation\output\results.csv'
2026-07-27 05:27:52 | INFO     | exporters.json_exporter | JSON export complete: 390 products saved to 'E:\Anas\internship\Week3\Amazon_Automation\output\results.json'
2026-07-27 05:27:52 | INFO     | exporters.sqlite_exporter | SQLite export complete: 390 products saved to 'E:\Anas\internship\Week3\Amazon_Automation\output\results.db' (0 skipped — no ASIN)
2026-07-27 05:27:52 | DEBUG    | utils.resume | Progress file cleared.
2026-07-27 05:27:52 | INFO     | __main__ | ------------------------------------------------------------
2026-07-27 05:27:52 | INFO     | __main__ | SCRAPE SUMMARY
2026-07-27 05:27:52 | INFO     | __main__ | ------------------------------------------------------------
2026-07-27 05:27:52 | INFO     | __main__ | Keyword:          gloves
2026-07-27 05:27:52 | INFO     | __main__ | Pages scraped:    29
2026-07-27 05:27:52 | INFO     | __main__ | Products found:   390
2026-07-27 05:27:52 | INFO     | __main__ | After filtering:  390
2026-07-27 05:27:52 | INFO     | __main__ | Time elapsed:     227.5 seconds
2026-07-27 05:27:52 | INFO     | __main__ | CSV output:       E:\Anas\internship\Week3\Amazon_Automation\output\results.csv
2026-07-27 05:27:52 | INFO     | __main__ | JSON output:      E:\Anas\internship\Week3\Amazon_Automation\output\results.json
2026-07-27 05:27:52 | INFO     | __main__ | SQLite output:    E:\Anas\internship\Week3\Amazon_Automation\output\results.db
2026-07-27 05:27:52 | INFO     | __main__ | ============================================================
2026-07-27 05:27:52 | INFO     | __main__ | Scraping completed successfully!
2026-07-27 05:27:52 | INFO     | __main__ | ============================================================
2026-07-27 05:27:54 | INFO     | scraper.driver | Chrome WebDriver closed successfully.
2026-07-27 05:47:18 | INFO     | __main__ | ============================================================
2026-07-27 05:47:18 | INFO     | __main__ | Amazon Product Search Scraper — Starting
2026-07-27 05:47:18 | INFO     | __main__ | ============================================================
2026-07-27 05:47:18 | INFO     | __main__ | Keyword:    home appliances
2026-07-27 05:47:18 | INFO     | __main__ | Pages:      29
2026-07-27 05:47:18 | INFO     | __main__ | Headless:   False
2026-07-27 05:47:18 | INFO     | __main__ | Resume:     False
2026-07-27 05:47:18 | INFO     | __main__ | ------------------------------------------------------------
2026-07-27 05:47:18 | INFO     | scraper.driver | Initializing Chrome WebDriver (headless=False)...
2026-07-27 05:47:21 | INFO     | scraper.driver | Chrome WebDriver initialized successfully.
2026-07-27 05:47:21 | INFO     | scraper.search | Starting scrape: keyword='home appliances', pages 1 to 29
2026-07-27 05:47:21 | INFO     | scraper.search | ━━━ Scraping page 1 of 29 ━━━
2026-07-27 05:47:21 | INFO     | scraper.search | Navigating to Amazon homepage...
2026-07-27 05:47:24 | DEBUG    | scraper.search | Search input found. Typing keyword: 'home appliances'
2026-07-27 05:47:26 | WARNING  | utils.retry | Attempt 1/3 failed for 'perform_initial_search': Message: element not interactable
  (Session info: chrome=150.0.7871.184); For documentation on this error, please visit: https://www.selenium.dev/documentation/webdriver/troubleshooting/errors#elementnotinteractableexception
Stacktrace:
	chromedriver!GetHandleVerifier [0x7ff797710d25+155a5]
	chromedriver!GetHandleVerifier [0x7ff797710d80+15600]
	chromedriver!(No symbol) [0x7ff797265736]
	chromedriver!(No symbol) [0x7ff7972bb6f9]
	chromedriver!(No symbol) [0x7ff7972b92ca]
	chromedriver!(No symbol) [0x7ff7972e91ca]
	chromedriver!(No symbol) [0x7ff7972b4616]
	chromedriver!(No symbol) [0x7ff79730e01b]
	chromedriver!(No symbol) [0x7ff7972b2e6c]
	chromedriver!(No symbol) [0x7ff7972b3d93]
	chromedriver!GetHandleVerifier [0x7ff797cf6431+5facb1]
	chromedriver!GetHandleVerifier [0x7ff797cf0a9b+5f531b]
	chromedriver!GetHandleVerifier [0x7ff797d15865+61a0e5]
	chromedriver!GetHandleVerifier [0x7ff79772dace+3234e]
	chromedriver!GetHandleVerifier [0x7ff79773661c+3ae9c]
	chromedriver!GetHandleVerifier [0x7ff79771ab74+1f3f4]
	chromedriver!GetHandleVerifier [0x7ff79771ad04+1f584]
	chromedriver!GetHandleVerifier [0x7ff7976fd9d7+2257]
	KERNEL32!BaseThreadInitThunk [0x7ffb3b9f7374+14]
	ntdll!RtlUserThreadStart [0x7ffb3bd1cc91+21]
. Retrying in 2.0 seconds...
2026-07-27 05:47:28 | INFO     | scraper.search | Navigating to Amazon homepage...
2026-07-27 05:47:30 | DEBUG    | scraper.search | Search input found. Typing keyword: 'home appliances'
2026-07-27 05:47:35 | INFO     | scraper.search | Search submitted for keyword: 'home appliances'
2026-07-27 05:47:40 | INFO     | scraper.parser | Found 60 product cards on the page.
2026-07-27 05:47:41 | DEBUG    | scraper.parser | Product 1 parsed: Vitamix 5200 Blender, Professional-Grade Blender for Smoothi
2026-07-27 05:47:41 | DEBUG    | scraper.parser | Product 2 parsed: KitchenAid Large Capacity Full Size Rust Resistant Dish Rack
2026-07-27 05:47:41 | DEBUG    | scraper.parser | Product 3 parsed: Viante Alba Electric Tea Kettle With Infuser, No Plastic, 1.
2026-07-27 05:47:41 | DEBUG    | scraper.parser | Product 4 parsed: Vitamix VX1 Blender, Professional-Grade Kitchen Blender, Smo
2026-07-27 05:47:41 | DEBUG    | scraper.parser | Product 5 parsed: Fullstar Pro Original Vegetable Chopper & Spiralizer, Kitche
2026-07-27 05:47:41 | DEBUG    | scraper.parser | Product 6 parsed: Mixing Bowls with Airtight Lids Set, 26PCS Stainless Steel K
2026-07-27 05:47:42 | DEBUG    | scraper.parser | Product 7 parsed: Cisily Sponge Holder for Kitchen Sink, Sink Caddy Organizer 
2026-07-27 05:47:42 | DEBUG    | scraper.parser | Product 8 parsed: Ninja Professional Blender, 1000W, Total Crushing Tech, 72oz
2026-07-27 05:47:42 | DEBUG    | scraper.parser | Product 9 parsed: Steam Cleaner, Portable Steamer for Cleaning with 16pcs Acce
2026-07-27 05:47:42 | DEBUG    | scraper.parser | Product 10 parsed: Electric Salt and Pepper Grinder Set Automatic Battery Peppe
2026-07-27 05:47:42 | DEBUG    | scraper.parser | Product 11 parsed: bella 4Qt Slim Air Fryer, Fits-anywhere™ Kitchenware, EverGo
2026-07-27 05:47:42 | DEBUG    | scraper.parser | Product 12 parsed: TrendPlain 16oz/470ml Glass Olive Oil Sprayer for Cooking – 
2026-07-27 05:47:42 | DEBUG    | scraper.parser | Product 13 parsed: bella 2 Slice Slim Toaster, Fits-anywhere™ Kitchenware, 6 Se
2026-07-27 05:47:42 | DEBUG    | scraper.parser | Product 14 parsed: OVENTE Electric Sandwich Maker, 750W Non-Stick Plates, Black
2026-07-27 05:47:43 | DEBUG    | scraper.parser | Product 15 parsed: Keurig K-Express Single Serve K-Cup Pod Coffee Maker, 3 Brew
2026-07-27 05:47:43 | DEBUG    | scraper.parser | Product 16 parsed: Ninja NC301 CREAMi Ice Cream Maker, for Gelato, Mix-ins, Mil
2026-07-27 05:47:43 | DEBUG    | scraper.parser | Product 17 parsed: Megawise Electric Glass Kettle with Auto Shut-Off (1.8L)
2026-07-27 05:47:43 | DEBUG    | scraper.parser | Product 18 parsed: Azeus 1.8L Electric Kettle CX-817 - Fast Boil, Auto Shut-Off
2026-07-27 05:47:43 | DEBUG    | scraper.parser | Product 19 parsed: Vinci Hands Free Electric Citrus Juicer, 1-Button Juicer Mac
2026-07-27 05:47:43 | DEBUG    | scraper.parser | Product 20 parsed: Smart Kitchen Faucet, 3 Modes Pull Down Sprayer, LED Tempera
2026-07-27 05:47:43 | DEBUG    | scraper.parser | Product 21 parsed: Cuisinart Bread Maker Machine, Stainless Steel, 12 Programs,
2026-07-27 05:47:44 | DEBUG    | scraper.parser | Product 22 parsed: Instant Pot Duo Plus 9-in-1 Multicooker, Pressure Cooker, Sl
2026-07-27 05:47:44 | DEBUG    | scraper.parser | Product 23 parsed: Cuisinart Electric Can Opener, One-Touch Operation, Nonslip 
2026-07-27 05:47:44 | DEBUG    | scraper.parser | Product 24 parsed: Ninja® Sizzle™ Indoor Grill & Griddle, 14'', 500°F, Grey/Sil
2026-07-27 05:47:44 | DEBUG    | scraper.parser | Product 25 parsed: 1300W Quiet Blender | 60dB, For Shakes
2026-07-27 05:47:44 | DEBUG    | scraper.parser | Product 26 parsed: MEGAWISE 2L Electric Kettle, 1000W, BPA-Free Large Water Jug
2026-07-27 05:47:44 | DEBUG    | scraper.parser | Product 27 parsed: Electric Salt and Pepper Grinder Set, Ceramic | Battery Rech
2026-07-27 05:47:44 | DEBUG    | scraper.parser | Product 28 parsed: Mecity 2 Slice Toaster with Touch Screen & Auto Lift, Stainl
2026-07-27 05:47:44 | DEBUG    | scraper.parser | Product 29 parsed: Wall Charger, Surge Protector, QINLIANF 5 Outlet Extender wi
2026-07-27 05:47:45 | DEBUG    | scraper.parser | Product 30 parsed: Magic Bullet Blender, Small, Silver, 11 Piece Set
2026-07-27 05:47:45 | DEBUG    | scraper.parser | Product 31 parsed: Instant Pot Duo 7-in-1 Electric Pressure Cooker, Slow Cooker
2026-07-27 05:47:45 | DEBUG    | scraper.parser | Product 32 parsed: Crock-Pot 7-Quart Manual Slow Cooker, Family Size Serves 8+ 
2026-07-27 05:47:45 | DEBUG    | scraper.parser | Product 33 parsed: bella Flip-n-Store Waffle Maker with EverGood™ Ceramic Nonst
2026-07-27 05:47:45 | DEBUG    | scraper.parser | Product 34 parsed: LEVOIT Smart Air Purifier for Home Large Room up to 1875 Ft²
2026-07-27 05:47:45 | DEBUG    | scraper.parser | Product 35 parsed: Dash Fresh Pop Popcorn Maker, 16-Cup Hot Air Popper, Aqua | 
2026-07-27 05:47:45 | DEBUG    | scraper.parser | Product 36 parsed: GE XWFE Refrigerator Water Filter, Genuine Replacement Filte
2026-07-27 05:47:46 | DEBUG    | scraper.parser | Product 37 parsed: Dash Rapid Egg Cooker, 7 Hard Boiled Eggs, Black | Electric 
2026-07-27 05:47:46 | DEBUG    | scraper.parser | Product 38 parsed: ToLife Dehumidifier, 1000 Sq Ft 95 oz Tank with Sleep Mode, 
2026-07-27 05:47:46 | DEBUG    | scraper.parser | Product 39 parsed: CHEFMAN Multifunctional Digital Air Fryer+ Rotisserie, Dehyd
2026-07-27 05:47:46 | DEBUG    | scraper.parser | Product 40 parsed: Astercook 21 Pcs Pots and Pans Set Non Stick, Ceramic Cookwa
2026-07-27 05:47:46 | DEBUG    | scraper.parser | Product 41 parsed: Emeril Lagasse Extra Large French Door Air Fryer Toaster Ove
2026-07-27 05:47:46 | DEBUG    | scraper.parser | Product 42 parsed: OXO Good Grips Salad Spinner | Lettuce Spinner | Fruit Washe
2026-07-27 05:47:46 | DEBUG    | scraper.parser | Product 43 parsed: Kusini Electric Fondue Pot Set – Chocolate Fondue Kit - Temp
2026-07-27 05:47:46 | DEBUG    | scraper.parser | Product 44 parsed: Brio Bottom Loading Water Cooler Dispenser for 5 Gallon Bott
2026-07-27 05:47:47 | DEBUG    | scraper.parser | Product 45 parsed: Chef Preserve Compact Vacuum Sealer for Food (Vacuum Sealer 
2026-07-27 05:47:47 | DEBUG    | scraper.parser | Product 46 parsed: Paper Towel Holder Black, Premium Stainless Steel Kitchen Ro
2026-07-27 05:47:47 | DEBUG    | scraper.parser | Product 47 parsed: Ninja Professional Plus Blender, Auto-iQ, 1400W, 72oz Pitche
2026-07-27 05:47:47 | DEBUG    | scraper.parser | Product 48 parsed: Ninja® Foodi® Smart XL 6-in-1 Indoor Grill & Air Fryer, Blac
2026-07-27 05:47:47 | DEBUG    | scraper.parser | Product 49 parsed: Paper Towel Holder - Self-Adhesive or Drilling, Matte Black 
2026-07-27 05:47:47 | DEBUG    | scraper.parser | Product 50 parsed: Shark Pet Cordless Stick Vacuum | HyperVelocity Suction, XL 
2026-07-27 05:47:47 | DEBUG    | scraper.parser | Product 51 parsed: Cuisinart Air Fryer Toaster Oven, 1800W, 8-in-1 with Air Fry
2026-07-27 05:47:48 | DEBUG    | scraper.parser | Product 52 parsed: Nutribullet Personal Blender, Shakes, Smoothies, Food Prep, 
2026-07-27 05:47:48 | DEBUG    | scraper.parser | Product 53 parsed: Surge Protector Outlet Extender with Rotating Plug, Multi Pl
2026-07-27 05:47:48 | DEBUG    | scraper.parser | Product 54 parsed: Steam Cleaner, Portable Steamer for Cleaning with 16pcs Acce
2026-07-27 05:47:48 | DEBUG    | scraper.parser | Product 55 parsed: Hamilton Beach Fresh Grind Electric Coffee Grinder For Up To
2026-07-27 05:47:48 | DEBUG    | scraper.parser | Product 56 parsed: Keurig K-Elite Single Serve K-Cup Pod Coffee Maker, with Str
2026-07-27 05:47:48 | DEBUG    | scraper.parser | Product 57 parsed: Electric Salt and Pepper Grinder Set - Rechargeable Automati
2026-07-27 05:47:48 | DEBUG    | scraper.parser | Product 58 parsed: Ninja CREAMi Deluxe Ice Cream Maker | 11-in-1 Create Frozen 
2026-07-27 05:47:48 | DEBUG    | scraper.parser | Product 59 parsed: McCulloch MC1385 Deluxe Canister Steam Cleaner, 2-Hour Runti
2026-07-27 05:47:49 | DEBUG    | scraper.parser | Product 60 parsed: Turelar Immersion Blender Handheld Corded, 1100W 5 in 1 Hand
2026-07-27 05:47:49 | INFO     | scraper.search | Page 1: Extracted 60 products (total: 60)
2026-07-27 05:47:49 | DEBUG    | utils.resume | Progress saved: keyword='home appliances', last_completed_page=1
2026-07-27 05:47:49 | INFO     | scraper.search | ━━━ Scraping page 2 of 29 ━━━
2026-07-27 05:47:49 | INFO     | scraper.search | Navigating to page 2: https://www.amazon.com/s?k=home appliances&page=2
2026-07-27 05:47:53 | DEBUG    | scraper.search | Page 2 loaded successfully.
2026-07-27 05:47:53 | INFO     | scraper.parser | Found 60 product cards on the page.
2026-07-27 05:47:53 | DEBUG    | scraper.parser | Product 1 parsed: DRGSKL Serbian Chef Knife Set - 6 PCS Hand Forged Knife Set 
2026-07-27 05:47:53 | DEBUG    | scraper.parser | Product 2 parsed: Kuisine Kitchen Knife Set,High Carbon Stainless Steel Ultra 
2026-07-27 05:47:54 | DEBUG    | scraper.parser | Product 3 parsed: BARE BARREL® Mixology Bartender Kit Bar Set | 14-Piece Cockt
2026-07-27 05:47:54 | DEBUG    | scraper.parser | Product 4 parsed: HOSHANHO 8PCS Kitchen Knife Set, Ultra Sharp Japanese Knife 
2026-07-27 05:47:54 | DEBUG    | scraper.parser | Product 5 parsed: Turelar Immersion Blender Handheld Corded, 1100W 5 in 1 Hand
2026-07-27 05:47:54 | DEBUG    | scraper.parser | Product 6 parsed: ToLife Dehumidifier for Home, 1000 sq.ft Dehumidifiers for B
2026-07-27 05:47:54 | DEBUG    | scraper.parser | Product 7 parsed: BLACK+DECKER 12-Cup Drip Coffee Maker with Vortex Brewing
2026-07-27 05:47:54 | DEBUG    | scraper.parser | Product 8 parsed: SUPERDANNY Extension Cord,Flat Plug Surge Protector Power St
2026-07-27 05:47:54 | DEBUG    | scraper.parser | Product 9 parsed: EUHOMY Nugget Ice Maker Countertop with Handle, Ready in 6 M
2026-07-27 05:47:55 | DEBUG    | scraper.parser | Product 10 parsed: Ninja CREAMi Scoop & Swirl Ice Cream Maker, Soft Serve Desse
2026-07-27 05:47:55 | DEBUG    | scraper.parser | Product 11 parsed: 0.5 Sec Instant Read Meat Thermometer Digital with ±0.5℉ Pre
2026-07-27 05:47:55 | DEBUG    | scraper.parser | Product 12 parsed: Ninja Air Fryer Pro, 5 Qt, 4-in-1, Grey, AF141 | Air fry, ro
2026-07-27 05:47:55 | DEBUG    | scraper.parser | Product 13 parsed: Astercook Knife Set for Kitchen with Block and Sharpener 15p
2026-07-27 05:47:55 | DEBUG    | scraper.parser | Product 14 parsed: MegaWise Vacuum Sealer Machine | 80kPa Suction Power | Vac S
2026-07-27 05:47:55 | DEBUG    | scraper.parser | Product 15 parsed: Kitstorack Under Sink Organizer, 2 Tier Under the Sink Stora
2026-07-27 05:47:55 | DEBUG    | scraper.parser | Product 16 parsed: Chefman 4.5 Liter Deep Fryer w/Basket Strainer, XL Jumbo Siz
2026-07-27 05:47:56 | DEBUG    | scraper.parser | Product 17 parsed: Dehumidifier for Home with Auto Shutoff Sleep Mode, 1000 Sq 
2026-07-27 05:47:56 | DEBUG    | scraper.parser | Product 18 parsed: Dehumidifiers for Home & Basement, 2500 Sq.Ft Small Dehumidi
2026-07-27 05:47:56 | DEBUG    | scraper.parser | Product 19 parsed: FoodSaver Compact Vacuum Sealer Machine with Airtight Bags a
2026-07-27 05:47:56 | DEBUG    | scraper.parser | Product 20 parsed: EKO Mirage-T 50 Liter / 13.2 Gallon Touchless Rectangular Mo
2026-07-27 05:47:56 | DEBUG    | scraper.parser | Product 21 parsed: Instant Pot Duo 7-in-1 Mini Electric Pressure Cooker, Slow R
2026-07-27 05:47:56 | DEBUG    | scraper.parser | Product 22 parsed: Hamilton Beach Dual Breakfast Sandwich Maker with Egg Cooker
2026-07-27 05:47:56 | DEBUG    | scraper.parser | Product 23 parsed: Megawise Electric Glass Kettle with Auto Shut-Off (1.8L)
2026-07-27 05:47:57 | DEBUG    | scraper.parser | Product 24 parsed: BISSELL Little Green Multi-Purpose Portable Carpet Cleaner, 
2026-07-27 05:47:57 | DEBUG    | scraper.parser | Product 25 parsed: ToLife Dehumidifier, 1000 Sq Ft 95 oz Tank with Sleep Mode, 
2026-07-27 05:47:57 | DEBUG    | scraper.parser | Product 26 parsed: TABYIK 35 OZ Dehumidifier for Bedroom RV, Quiet with Auto Sh
2026-07-27 05:47:57 | DEBUG    | scraper.parser | Product 27 parsed: Ninja DZ201 Foodi 8 Quart 6-in-1 DualZone 2-Basket Air Fryer
2026-07-27 05:47:57 | DEBUG    | scraper.parser | Product 28 parsed: 10-in-1 Steam Mop, Detachable Handheld Steam Cleaner for Mul
2026-07-27 05:47:57 | DEBUG    | scraper.parser | Product 29 parsed: Cuisinart Electric Burr Coffee Grinder, 18-Position Selector
2026-07-27 05:47:57 | DEBUG    | scraper.parser | Product 30 parsed: Ninja® Foodi® 5-in-1 XL Indoor Grill & Air Fryer, Black/Grey
2026-07-27 05:47:57 | DEBUG    | scraper.parser | Product 31 parsed: Food Scale -33lb Digital Kitchen Scale for Food Ounces Grams
2026-07-27 05:47:58 | DEBUG    | scraper.parser | Product 32 parsed: Azeus 1.8L Electric Kettle CX-817 - Fast Boil, Auto Shut-Off
2026-07-27 05:47:58 | DEBUG    | scraper.parser | Product 33 parsed: WEPSEN 5-Speed Electric Hand Mixer, 4 Large Mixing Bowls Set
2026-07-27 05:47:58 | DEBUG    | scraper.parser | Product 34 parsed: Elite Gourmet EGC115M Easy Egg Cooker Electric 7-Egg Capacit
2026-07-27 05:47:58 | DEBUG    | scraper.parser | Product 35 parsed: POTANE Precision Vacuum Sealer Machine, Powerful Pro Vacuum 
2026-07-27 05:47:58 | DEBUG    | scraper.parser | Product 36 parsed: Ninja Professional Plus Food Processor, 1000PW, 9-Cup, Grey,
2026-07-27 05:47:58 | DEBUG    | scraper.parser | Product 37 parsed: OGHom Steamer for Clothes, Handheld Clothing Steamer for Gar
2026-07-27 05:47:58 | DEBUG    | scraper.parser | Product 38 parsed: Astercook 21 Pcs Pots and Pans Set Non Stick, Ceramic Cookwa
2026-07-27 05:47:59 | DEBUG    | scraper.parser | Product 39 parsed: KITCHENAID Ribbed Soft Silicone Oven Mitt 2-Pack Set, 7.5"x1
2026-07-27 05:47:59 | DEBUG    | scraper.parser | Product 40 parsed: Vakumar Vacuum Sealer Machine, 90Kpa Liquid Food Vacuum Seal
2026-07-27 05:47:59 | DEBUG    | scraper.parser | Product 41 parsed: ThermoMaven Upgraded Larger Capacity Electric Salt and Peppe
2026-07-27 05:47:59 | DEBUG    | scraper.parser | Product 42 parsed: Knife Set,Astercook Kitchen Knife Set with Block 14-Piece Fu
2026-07-27 05:47:59 | DEBUG    | scraper.parser | Product 43 parsed: Kasa Smart Plug HS103P4, Wi-Fi Outlet Works with Alexa, Echo
2026-07-27 05:47:59 | DEBUG    | scraper.parser | Product 44 parsed: HomeHacks 2 Pack Large Laundry Baskets, Laundry Hampers Bags
2026-07-27 05:47:59 | DEBUG    | scraper.parser | Product 45 parsed: Dash My Mug Ice Cream Maker Bundle, 2 Half-Pint Freezer Mugs
2026-07-27 05:47:59 | DEBUG    | scraper.parser | Product 46 parsed: Mueller The Real Original Pro Vegetable Chopper & Mandoline 
2026-07-27 05:48:00 | DEBUG    | scraper.parser | Product 47 parsed: Ninja Single Serve Coffee Maker - Combo Machine, K-Cup Pods 
2026-07-27 05:48:00 | DEBUG    | scraper.parser | Product 48 parsed: ROYAL CRAFT WOOD Wooden Cutting Boards for Kitchen Appliance
2026-07-27 05:48:00 | DEBUG    | scraper.parser | Product 49 parsed: BLACK+DECKER One-Touch Coffee & Spice Grinder with Stainless
2026-07-27 05:48:00 | DEBUG    | scraper.parser | Product 50 parsed: Umite Chef Kitchen Cooking Utensils Set, 33 pcs Non-Stick Si
2026-07-27 05:48:00 | DEBUG    | scraper.parser | Product 51 parsed: Measuring Cups & Spoons Set, Stackable Cups and Spoons | Nes
2026-07-27 05:48:01 | DEBUG    | scraper.parser | Product 52 parsed: Silonn Ice Maker Countertop, Portable Ice Machine with Carry
2026-07-27 05:48:01 | DEBUG    | scraper.parser | Product 53 parsed: Hydream Stove Top for Silicone Shelf,30 Inch Magnetic Shelf 
2026-07-27 05:48:01 | DEBUG    | scraper.parser | Product 54 parsed: Hamilton Beach Electric Indoor Searing Grill With Lid & View
2026-07-27 05:48:01 | DEBUG    | scraper.parser | Product 55 parsed: Hamilton Beach 3 Cup Electric Vegetable Chopper & Mini Food 
2026-07-27 05:48:01 | DEBUG    | scraper.parser | Product 56 parsed: GE XWFE™ Refrigerator Water Filter, Genuine Replacement Filt
2026-07-27 05:48:01 | DEBUG    | scraper.parser | Product 57 parsed: KitchenAid Artisan, 5-Qt Tilt Head Stand Mixer, KSM150PS, Al
2026-07-27 05:48:02 | DEBUG    | scraper.parser | Product 58 parsed: Zulay Kitchen Cast Iron Juicer - Heavy Duty Manual Juicer wi
2026-07-27 05:48:02 | DEBUG    | scraper.parser | Product 59 parsed: SUPERJARE Kitchen Bakers Rack with Power Outlet, Coffee Bar 
2026-07-27 05:48:02 | DEBUG    | scraper.parser | Product 60 parsed: Ninja Digital Air Fryer & Toaster Oven | 8-in-1 Functionalit
2026-07-27 05:48:02 | INFO     | scraper.search | Page 2: Extracted 60 products (total: 120)
2026-07-27 05:48:02 | DEBUG    | utils.resume | Progress saved: keyword='home appliances', last_completed_page=2
2026-07-27 05:48:02 | INFO     | scraper.search | ━━━ Scraping page 3 of 29 ━━━
2026-07-27 05:48:02 | INFO     | scraper.search | Navigating to page 3: https://www.amazon.com/s?k=home appliances&page=3
2026-07-27 05:48:08 | DEBUG    | scraper.search | Page 3 loaded successfully.
2026-07-27 05:48:08 | INFO     | scraper.parser | Found 60 product cards on the page.
2026-07-27 05:48:08 | DEBUG    | scraper.parser | Product 1 parsed: KINGSTONE 40-Piece Silverware Set, Flatware Set Cutlery with
2026-07-27 05:48:08 | DEBUG    | scraper.parser | Product 2 parsed: Mini Ice Cube Trays with Lid & Bin, Tiny Pebble Ice Balls fo
2026-07-27 05:48:08 | DEBUG    | scraper.parser | Product 3 parsed: Klaus Meyer Klingen 15 Piece German Steel Kitchen Knife Set 
2026-07-27 05:48:08 | DEBUG    | scraper.parser | Product 4 parsed: HOSHANHO 8PCS Kitchen Knife Set, Ultra Sharp Japanese Knife 
2026-07-27 05:48:09 | DEBUG    | scraper.parser | Product 5 parsed: Hamilton Beach 3 Cup Electric Vegetable Chopper & Mini Food 
2026-07-27 05:48:09 | DEBUG    | scraper.parser | Product 6 parsed: GE XWFE™ Refrigerator Water Filter, Genuine Replacement Filt
2026-07-27 05:48:09 | DEBUG    | scraper.parser | Product 7 parsed: SNOWIE - Little Snowie Max Snow Cone Machine - Premium Shave
2026-07-27 05:48:09 | DEBUG    | scraper.parser | Product 8 parsed: KitchenAid Artisan, 5-Qt Tilt Head Stand Mixer, KSM150PS, Al
2026-07-27 05:48:09 | DEBUG    | scraper.parser | Product 9 parsed: Zulay Kitchen Cast Iron Juicer - Heavy Duty Manual Juicer wi
2026-07-27 05:48:09 | DEBUG    | scraper.parser | Product 10 parsed: SUPERJARE Kitchen Bakers Rack with Power Outlet, Coffee Bar 
2026-07-27 05:48:09 | DEBUG    | scraper.parser | Product 11 parsed: Ninja Digital Air Fryer & Toaster Oven | 8-in-1 Functionalit
2026-07-27 05:48:10 | DEBUG    | scraper.parser | Product 12 parsed: Phueut Pressurized Handheld Multi-Surface Natural Steam Clea
2026-07-27 05:48:10 | DEBUG    | scraper.parser | Product 13 parsed: Ninja NeverClog Cold Press Juicer, 24oz Jug, 36oz Pulp, Char
2026-07-27 05:48:10 | DEBUG    | scraper.parser | Product 14 parsed: T-fal 3.5L Stainless Steel Deep Fryer with Basket for Home U
2026-07-27 05:48:10 | DEBUG    | scraper.parser | Product 15 parsed: Mueller UltraToast Stainless Steel Toaster 4 Slice – Extra-W
2026-07-27 05:48:10 | DEBUG    | scraper.parser | Product 16 parsed: 8 Blade All-in-1 Vegetable Chopper Mandoline Slicer with Con
2026-07-27 05:48:10 | DEBUG    | scraper.parser | Error extracting text with xpath './/div[@data-cy='price-recipe']//span[@class='a-price' and @data-a-color='base']/span[@class='a-offscreen']': Message: stale element reference: stale element not found in the current frame
  (Session info: chrome=150.0.7871.184); For documentation on this error, please visit: https://www.selenium.dev/documentation/webdriver/troubleshooting/errors#staleelementreferenceexception
Stacktrace:
	chromedriver!GetHandleVerifier [0x7ff797710d25+155a5]
	chromedriver!GetHandleVerifier [0x7ff797710d80+15600]
	chromedriver!(No symbol) [0x7ff79726594d]
	chromedriver!(No symbol) [0x7ff79726d8c1]
	chromedriver!(No symbol) [0x7ff797270c1f]
	chromedriver!(No symbol) [0x7ff79730f292]
	chromedriver!(No symbol) [0x7ff7972e91ca]
	chromedriver!(No symbol) [0x7ff79730e01b]
	chromedriver!(No symbol) [0x7ff7972b2e6c]
	chromedriver!(No symbol) [0x7ff7972b3d93]
	chromedriver!GetHandleVerifier [0x7ff797cf6431+5facb1]
	chromedriver!GetHandleVerifier [0x7ff797cf0a9b+5f531b]
	chromedriver!GetHandleVerifier [0x7ff797d15865+61a0e5]
	chromedriver!GetHandleVerifier [0x7ff79772dace+3234e]
	chromedriver!GetHandleVerifier [0x7ff79773661c+3ae9c]
	chromedriver!GetHandleVerifier [0x7ff79771ab74+1f3f4]
	chromedriver!GetHandleVerifier [0x7ff79771ad04+1f584]
	chromedriver!GetHandleVerifier [0x7ff7976fd9d7+2257]
	KERNEL32!BaseThreadInitThunk [0x7ffb3b9f7374+14]
	ntdll!RtlUserThreadStart [0x7ffb3bd1cc91+21]

2026-07-27 05:48:10 | DEBUG    | scraper.parser | Error extracting text with xpath './/div[@data-cy='price-recipe']//span[@data-a-strike='true']/span[@class='a-offscreen']': Message: stale element reference: stale element not found in the current frame
  (Session info: chrome=150.0.7871.184); For documentation on this error, please visit: https://www.selenium.dev/documentation/webdriver/troubleshooting/errors#staleelementreferenceexception
Stacktrace:
	chromedriver!GetHandleVerifier [0x7ff797710d25+155a5]
	chromedriver!GetHandleVerifier [0x7ff797710d80+15600]
	chromedriver!(No symbol) [0x7ff79726594d]
	chromedriver!(No symbol) [0x7ff79726d8c1]
	chromedriver!(No symbol) [0x7ff797270885]
	chromedriver!(No symbol) [0x7ff79727094f]
	chromedriver!(No symbol) [0x7ff7972c006a]
	chromedriver!(No symbol) [0x7ff7972c0bec]
	chromedriver!(No symbol) [0x7ff7972b476c]
	chromedriver!(No symbol) [0x7ff7972b4616]
	chromedriver!(No symbol) [0x7ff79730e01b]
	chromedriver!(No symbol) [0x7ff7972b2e6c]
	chromedriver!(No symbol) [0x7ff7972b3d93]
	chromedriver!GetHandleVerifier [0x7ff797cf6431+5facb1]
	chromedriver!GetHandleVerifier [0x7ff797cf0a9b+5f531b]
	chromedriver!GetHandleVerifier [0x7ff797d15865+61a0e5]
	chromedriver!GetHandleVerifier [0x7ff79772dace+3234e]
	chromedriver!GetHandleVerifier [0x7ff79773661c+3ae9c]
	chromedriver!GetHandleVerifier [0x7ff79771ab74+1f3f4]
	chromedriver!GetHandleVerifier [0x7ff79771ad04+1f584]
	chromedriver!GetHandleVerifier [0x7ff7976fd9d7+2257]
	KERNEL32!BaseThreadInitThunk [0x7ffb3b9f7374+14]
	ntdll!RtlUserThreadStart [0x7ffb3bd1cc91+21]

2026-07-27 05:48:11 | DEBUG    | scraper.parser | Error extracting text with xpath './/div[@data-cy='price-recipe']//span[contains(text(), '%')]': Message: stale element reference: stale element not found in the current frame
  (Session info: chrome=150.0.7871.184); For documentation on this error, please visit: https://www.selenium.dev/documentation/webdriver/troubleshooting/errors#staleelementreferenceexception
Stacktrace:
	chromedriver!GetHandleVerifier [0x7ff797710d25+155a5]
	chromedriver!GetHandleVerifier [0x7ff797710d80+15600]
	chromedriver!(No symbol) [0x7ff79726594d]
	chromedriver!(No symbol) [0x7ff79726d8c1]
	chromedriver!(No symbol) [0x7ff797270885]
	chromedriver!(No symbol) [0x7ff79727094f]
	chromedriver!(No symbol) [0x7ff7972c006a]
	chromedriver!(No symbol) [0x7ff7972c0bec]
	chromedriver!(No symbol) [0x7ff7972b476c]
	chromedriver!(No symbol) [0x7ff7972b4616]
	chromedriver!(No symbol) [0x7ff79730e01b]
	chromedriver!(No symbol) [0x7ff7972b2e6c]
	chromedriver!(No symbol) [0x7ff7972b3d93]
	chromedriver!GetHandleVerifier [0x7ff797cf6431+5facb1]
	chromedriver!GetHandleVerifier [0x7ff797cf0a9b+5f531b]
	chromedriver!GetHandleVerifier [0x7ff797d15865+61a0e5]
	chromedriver!GetHandleVerifier [0x7ff79772dace+3234e]
	chromedriver!GetHandleVerifier [0x7ff79773661c+3ae9c]
	chromedriver!GetHandleVerifier [0x7ff79771ab74+1f3f4]
	chromedriver!GetHandleVerifier [0x7ff79771ad04+1f584]
	chromedriver!GetHandleVerifier [0x7ff7976fd9d7+2257]
	KERNEL32!BaseThreadInitThunk [0x7ffb3b9f7374+14]
	ntdll!RtlUserThreadStart [0x7ffb3bd1cc91+21]

2026-07-27 05:48:11 | DEBUG    | scraper.parser | Error extracting text with xpath './/div[@data-cy='reviews-block']//i[@data-cy='reviews-ratings-slot']//span[@class='a-icon-alt']': Message: stale element reference: stale element not found in the current frame
  (Session info: chrome=150.0.7871.184); For documentation on this error, please visit: https://www.selenium.dev/documentation/webdriver/troubleshooting/errors#staleelementreferenceexception
Stacktrace:
	chromedriver!GetHandleVerifier [0x7ff797710d25+155a5]
	chromedriver!GetHandleVerifier [0x7ff797710d80+15600]
	chromedriver!(No symbol) [0x7ff79726594d]
	chromedriver!(No symbol) [0x7ff79726d8c1]
	chromedriver!(No symbol) [0x7ff797270885]
	chromedriver!(No symbol) [0x7ff79727094f]
	chromedriver!(No symbol) [0x7ff7972c006a]
	chromedriver!(No symbol) [0x7ff7972c0bec]
	chromedriver!(No symbol) [0x7ff7972b476c]
	chromedriver!(No symbol) [0x7ff7972b4616]
	chromedriver!(No symbol) [0x7ff79730e01b]
	chromedriver!(No symbol) [0x7ff7972b2e6c]
	chromedriver!(No symbol) [0x7ff7972b3d93]
	chromedriver!GetHandleVerifier [0x7ff797cf6431+5facb1]
	chromedriver!GetHandleVerifier [0x7ff797cf0a9b+5f531b]
	chromedriver!GetHandleVerifier [0x7ff797d15865+61a0e5]
	chromedriver!GetHandleVerifier [0x7ff79772dace+3234e]
	chromedriver!GetHandleVerifier [0x7ff79773661c+3ae9c]
	chromedriver!GetHandleVerifier [0x7ff79771ab74+1f3f4]
	chromedriver!GetHandleVerifier [0x7ff79771ad04+1f584]
	chromedriver!GetHandleVerifier [0x7ff7976fd9d7+2257]
	KERNEL32!BaseThreadInitThunk [0x7ffb3b9f7374+14]
	ntdll!RtlUserThreadStart [0x7ffb3bd1cc91+21]

2026-07-27 05:48:11 | DEBUG    | scraper.parser | Error extracting attribute 'aria-label' with xpath './/div[@data-cy='reviews-block']//a[contains(@aria-label, 'ratings')]': Message: stale element reference: stale element not found in the current frame
  (Session info: chrome=150.0.7871.184); For documentation on this error, please visit: https://www.selenium.dev/documentation/webdriver/troubleshooting/errors#staleelementreferenceexception
Stacktrace:
	chromedriver!GetHandleVerifier [0x7ff797710d25+155a5]
	chromedriver!GetHandleVerifier [0x7ff797710d80+15600]
	chromedriver!(No symbol) [0x7ff79726594d]
	chromedriver!(No symbol) [0x7ff79726d8c1]
	chromedriver!(No symbol) [0x7ff797270885]
	chromedriver!(No symbol) [0x7ff79727094f]
	chromedriver!(No symbol) [0x7ff7972c006a]
	chromedriver!(No symbol) [0x7ff7972c0bec]
	chromedriver!(No symbol) [0x7ff7972b476c]
	chromedriver!(No symbol) [0x7ff7972b4616]
	chromedriver!(No symbol) [0x7ff79730e01b]
	chromedriver!(No symbol) [0x7ff7972b2e6c]
	chromedriver!(No symbol) [0x7ff7972b3d93]
	chromedriver!GetHandleVerifier [0x7ff797cf6431+5facb1]
	chromedriver!GetHandleVerifier [0x7ff797cf0a9b+5f531b]
	chromedriver!GetHandleVerifier [0x7ff797d15865+61a0e5]
	chromedriver!GetHandleVerifier [0x7ff79772dace+3234e]
	chromedriver!GetHandleVerifier [0x7ff79773661c+3ae9c]
	chromedriver!GetHandleVerifier [0x7ff79771ab74+1f3f4]
	chromedriver!GetHandleVerifier [0x7ff79771ad04+1f584]
	chromedriver!GetHandleVerifier [0x7ff7976fd9d7+2257]
	KERNEL32!BaseThreadInitThunk [0x7ffb3b9f7374+14]
	ntdll!RtlUserThreadStart [0x7ffb3bd1cc91+21]

2026-07-27 05:48:11 | DEBUG    | scraper.parser | Error extracting link with xpath './/div[@data-cy='title-recipe']//a[.//h2]': Message: stale element reference: stale element not found in the current frame
  (Session info: chrome=150.0.7871.184); For documentation on this error, please visit: https://www.selenium.dev/documentation/webdriver/troubleshooting/errors#staleelementreferenceexception
Stacktrace:
	chromedriver!GetHandleVerifier [0x7ff797710d25+155a5]
	chromedriver!GetHandleVerifier [0x7ff797710d80+15600]
	chromedriver!(No symbol) [0x7ff79726594d]
	chromedriver!(No symbol) [0x7ff79726d8c1]
	chromedriver!(No symbol) [0x7ff797270885]
	chromedriver!(No symbol) [0x7ff79727094f]
	chromedriver!(No symbol) [0x7ff7972c006a]
	chromedriver!(No symbol) [0x7ff7972c0bec]
	chromedriver!(No symbol) [0x7ff7972b476c]
	chromedriver!(No symbol) [0x7ff7972b4616]
	chromedriver!(No symbol) [0x7ff79730e01b]
	chromedriver!(No symbol) [0x7ff7972b2e6c]
	chromedriver!(No symbol) [0x7ff7972b3d93]
	chromedriver!GetHandleVerifier [0x7ff797cf6431+5facb1]
	chromedriver!GetHandleVerifier [0x7ff797cf0a9b+5f531b]
	chromedriver!GetHandleVerifier [0x7ff797d15865+61a0e5]
	chromedriver!GetHandleVerifier [0x7ff79772dace+3234e]
	chromedriver!GetHandleVerifier [0x7ff79773661c+3ae9c]
	chromedriver!GetHandleVerifier [0x7ff79771ab74+1f3f4]
	chromedriver!GetHandleVerifier [0x7ff79771ad04+1f584]
	chromedriver!GetHandleVerifier [0x7ff7976fd9d7+2257]
	KERNEL32!BaseThreadInitThunk [0x7ffb3b9f7374+14]
	ntdll!RtlUserThreadStart [0x7ffb3bd1cc91+21]

2026-07-27 05:48:11 | DEBUG    | scraper.parser | Error extracting image with xpath './/span[@data-component-type='s-product-image']//img': Message: stale element reference: stale element not found in the current frame
  (Session info: chrome=150.0.7871.184); For documentation on this error, please visit: https://www.selenium.dev/documentation/webdriver/troubleshooting/errors#staleelementreferenceexception
Stacktrace:
	chromedriver!GetHandleVerifier [0x7ff797710d25+155a5]
	chromedriver!GetHandleVerifier [0x7ff797710d80+15600]
	chromedriver!(No symbol) [0x7ff79726594d]
	chromedriver!(No symbol) [0x7ff79726d8c1]
	chromedriver!(No symbol) [0x7ff797270885]
	chromedriver!(No symbol) [0x7ff79727094f]
	chromedriver!(No symbol) [0x7ff7972c006a]
	chromedriver!(No symbol) [0x7ff7972c0bec]
	chromedriver!(No symbol) [0x7ff7972b476c]
	chromedriver!(No symbol) [0x7ff7972b4616]
	chromedriver!(No symbol) [0x7ff79730e01b]
	chromedriver!(No symbol) [0x7ff7972b2e6c]
	chromedriver!(No symbol) [0x7ff7972b3d93]
	chromedriver!GetHandleVerifier [0x7ff797cf6431+5facb1]
	chromedriver!GetHandleVerifier [0x7ff797cf0a9b+5f531b]
	chromedriver!GetHandleVerifier [0x7ff797d15865+61a0e5]
	chromedriver!GetHandleVerifier [0x7ff79772dace+3234e]
	chromedriver!GetHandleVerifier [0x7ff79773661c+3ae9c]
	chromedriver!GetHandleVerifier [0x7ff79771ab74+1f3f4]
	chromedriver!GetHandleVerifier [0x7ff79771ad04+1f584]
	chromedriver!GetHandleVerifier [0x7ff7976fd9d7+2257]
	KERNEL32!BaseThreadInitThunk [0x7ffb3b9f7374+14]
	ntdll!RtlUserThreadStart [0x7ffb3bd1cc91+21]

2026-07-27 05:48:11 | DEBUG    | scraper.parser | Product 17 parsed: 100W Electric Heated Lunch Box, 1.5L, 12V/24V/110V | 20-40 M
2026-07-27 05:48:11 | DEBUG    | scraper.parser | Skipping card — no ASIN found (likely a header/ad).
2026-07-27 05:48:11 | DEBUG    | scraper.parser | Skipping card — no ASIN found (likely a header/ad).
2026-07-27 05:48:11 | DEBUG    | scraper.parser | Skipping card — no ASIN found (likely a header/ad).
2026-07-27 05:48:11 | DEBUG    | scraper.parser | Skipping card — no ASIN found (likely a header/ad).
2026-07-27 05:48:11 | DEBUG    | scraper.parser | Skipping card — no ASIN found (likely a header/ad).
2026-07-27 05:48:11 | DEBUG    | scraper.parser | Skipping card — no ASIN found (likely a header/ad).
2026-07-27 05:48:11 | DEBUG    | scraper.parser | Skipping card — no ASIN found (likely a header/ad).
2026-07-27 05:48:11 | DEBUG    | scraper.parser | Skipping card — no ASIN found (likely a header/ad).
2026-07-27 05:48:11 | DEBUG    | scraper.parser | Skipping card — no ASIN found (likely a header/ad).
2026-07-27 05:48:11 | DEBUG    | scraper.parser | Skipping card — no ASIN found (likely a header/ad).
2026-07-27 05:48:11 | DEBUG    | scraper.parser | Skipping card — no ASIN found (likely a header/ad).
2026-07-27 05:48:11 | DEBUG    | scraper.parser | Skipping card — no ASIN found (likely a header/ad).
2026-07-27 05:48:11 | DEBUG    | scraper.parser | Skipping card — no ASIN found (likely a header/ad).
2026-07-27 05:48:11 | DEBUG    | scraper.parser | Skipping card — no ASIN found (likely a header/ad).
2026-07-27 05:48:11 | DEBUG    | scraper.parser | Skipping card — no ASIN found (likely a header/ad).
2026-07-27 05:48:11 | DEBUG    | scraper.parser | Skipping card — no ASIN found (likely a header/ad).
2026-07-27 05:48:11 | DEBUG    | scraper.parser | Skipping card — no ASIN found (likely a header/ad).
2026-07-27 05:48:11 | DEBUG    | scraper.parser | Skipping card — no ASIN found (likely a header/ad).
2026-07-27 05:48:11 | DEBUG    | scraper.parser | Skipping card — no ASIN found (likely a header/ad).
2026-07-27 05:48:11 | DEBUG    | scraper.parser | Skipping card — no ASIN found (likely a header/ad).
2026-07-27 05:48:11 | DEBUG    | scraper.parser | Skipping card — no ASIN found (likely a header/ad).
2026-07-27 05:48:11 | DEBUG    | scraper.parser | Skipping card — no ASIN found (likely a header/ad).
2026-07-27 05:48:11 | DEBUG    | scraper.parser | Skipping card — no ASIN found (likely a header/ad).
2026-07-27 05:48:11 | DEBUG    | scraper.parser | Skipping card — no ASIN found (likely a header/ad).
2026-07-27 05:48:11 | DEBUG    | scraper.parser | Skipping card — no ASIN found (likely a header/ad).
2026-07-27 05:48:11 | DEBUG    | scraper.parser | Skipping card — no ASIN found (likely a header/ad).
2026-07-27 05:48:11 | DEBUG    | scraper.parser | Skipping card — no ASIN found (likely a header/ad).
2026-07-27 05:48:11 | DEBUG    | scraper.parser | Skipping card — no ASIN found (likely a header/ad).
2026-07-27 05:48:11 | DEBUG    | scraper.parser | Skipping card — no ASIN found (likely a header/ad).
2026-07-27 05:48:11 | DEBUG    | scraper.parser | Skipping card — no ASIN found (likely a header/ad).
2026-07-27 05:48:11 | DEBUG    | scraper.parser | Skipping card — no ASIN found (likely a header/ad).
2026-07-27 05:48:11 | DEBUG    | scraper.parser | Skipping card — no ASIN found (likely a header/ad).
2026-07-27 05:48:11 | DEBUG    | scraper.parser | Skipping card — no ASIN found (likely a header/ad).
2026-07-27 05:48:11 | DEBUG    | scraper.parser | Skipping card — no ASIN found (likely a header/ad).
2026-07-27 05:48:11 | DEBUG    | scraper.parser | Skipping card — no ASIN found (likely a header/ad).
2026-07-27 05:48:11 | DEBUG    | scraper.parser | Skipping card — no ASIN found (likely a header/ad).
2026-07-27 05:48:11 | DEBUG    | scraper.parser | Skipping card — no ASIN found (likely a header/ad).
2026-07-27 05:48:11 | DEBUG    | scraper.parser | Skipping card — no ASIN found (likely a header/ad).
2026-07-27 05:48:11 | DEBUG    | scraper.parser | Skipping card — no ASIN found (likely a header/ad).
2026-07-27 05:48:11 | DEBUG    | scraper.parser | Skipping card — no ASIN found (likely a header/ad).
2026-07-27 05:48:11 | DEBUG    | scraper.parser | Skipping card — no ASIN found (likely a header/ad).
2026-07-27 05:48:11 | DEBUG    | scraper.parser | Skipping card — no ASIN found (likely a header/ad).
2026-07-27 05:48:11 | DEBUG    | scraper.parser | Skipping card — no ASIN found (likely a header/ad).
2026-07-27 05:48:11 | INFO     | scraper.search | Page 3: Extracted 17 products (total: 137)
2026-07-27 05:48:11 | DEBUG    | utils.resume | Progress saved: keyword='home appliances', last_completed_page=3
2026-07-27 05:48:11 | INFO     | scraper.search | ━━━ Scraping page 4 of 29 ━━━
2026-07-27 05:48:11 | INFO     | scraper.search | Navigating to page 4: https://www.amazon.com/s?k=home appliances&page=4
2026-07-27 05:48:15 | DEBUG    | scraper.search | Page 4 loaded successfully.
2026-07-27 05:48:15 | INFO     | scraper.parser | Found 60 product cards on the page.
2026-07-27 05:48:15 | DEBUG    | scraper.parser | Product 1 parsed: BARE BARREL® Mixology Bartender Kit Bar Set | 14-Piece Cockt
2026-07-27 05:48:15 | DEBUG    | scraper.parser | Product 2 parsed: Electric Salt and Pepper Grinder Set - Rechargeable Automati
2026-07-27 05:48:15 | DEBUG    | scraper.parser | Product 3 parsed: Brushed Gold Bathroom Towel Bar Holder Sets Premium Stainles
2026-07-27 05:48:16 | DEBUG    | scraper.parser | Product 4 parsed: BUILDMART - 12x8 White Modern AC Vent Cover - Decorative Air
2026-07-27 05:48:16 | DEBUG    | scraper.parser | Product 5 parsed: Auledio Iron 2-Tier Countertop Fruit Vegetables Basket Bowl 
2026-07-27 05:48:16 | DEBUG    | scraper.parser | Product 6 parsed: bella 10 Speed Countertop Blender, Juicer & Smoothie Maker, 
2026-07-27 05:48:16 | DEBUG    | scraper.parser | Product 7 parsed: KITCHENAID Fitted Tilt-Head Stand Mixer Cover with Storage P
2026-07-27 05:48:16 | DEBUG    | scraper.parser | Product 8 parsed: CIRCLE JOY Gravity Electric Salt and Pepper Grinder Set Auto
2026-07-27 05:48:16 | DEBUG    | scraper.parser | Product 9 parsed: Bathroom Trash Can with Lid, KOEYLE 2 Pack 2.2 Gallon Automa
2026-07-27 05:48:17 | DEBUG    | scraper.parser | Product 10 parsed: Appliance Rollers Heavy Duty,Newest Extendable Appliance Sli
2026-07-27 05:48:17 | DEBUG    | scraper.parser | Product 11 parsed: Consciot 11-Piece Blender for Kitchen and Personal Size, 900
2026-07-27 05:48:17 | DEBUG    | scraper.parser | Product 12 parsed: Ninja® Combi™ All-in-One Multicooker & Air Fryer, Stainless 
2026-07-27 05:48:17 | DEBUG    | scraper.parser | Product 13 parsed: Avanti Electric Range Oven Compact Design, 2.1-Cu.Ft. Capaci
2026-07-27 05:48:17 | DEBUG    | scraper.parser | Product 14 parsed: Juicer Machines with 5.8" Large Chute, 2-in-1 Cold Press Jui
2026-07-27 05:48:17 | DEBUG    | scraper.parser | Product 15 parsed: SAMSUNG 30" Smart Double Wall Oven w/Steam Cook, Wi-Fi, Larg
2026-07-27 05:48:17 | DEBUG    | scraper.parser | Product 16 parsed: Nostalgia Vintage Cotton Candy Machine - Countertop Cotton C
2026-07-27 05:48:18 | DEBUG    | scraper.parser | Product 17 parsed: Mecity 2 Slice Smart Touchscreen Toaster, Stainless Steel Wi
2026-07-27 05:48:18 | DEBUG    | scraper.parser | Product 18 parsed: Cotton Candy Express CC1000-S Cotton Candy Machine, with 5-1
2026-07-27 05:48:18 | DEBUG    | scraper.parser | Product 19 parsed: Slushie Machine for Home, Ice Cream Maker, 40OZ Capacity, Bl
2026-07-27 05:48:18 | DEBUG    | scraper.parser | Product 20 parsed: Instant Pot 6QT VORTEX Plus Air Fryer, 6-in-1, Air Fry, Broi
2026-07-27 05:48:18 | DEBUG    | scraper.parser | Product 21 parsed: Betty Crocker Pizza Maker Plus, 12" Indoor Grill, 1440W, BC-
2026-07-27 05:48:18 | DEBUG    | scraper.parser | Product 22 parsed: Kasa Smart Plug Mini 15A, Smart Home Wi-Fi Outlet Works with
2026-07-27 05:48:18 | DEBUG    | scraper.parser | Product 23 parsed: West Bend Mini Fridge Compact Refrigerator for Home Office o
2026-07-27 05:48:19 | DEBUG    | scraper.parser | Product 24 parsed: Megawise Electric Glass Kettle with Auto Shut-Off (1.8L)
2026-07-27 05:48:19 | DEBUG    | scraper.parser | Product 25 parsed: Electric Salt and Pepper Grinder Set - Battery Operated Stai
2026-07-27 05:48:19 | DEBUG    | scraper.parser | Product 26 parsed: Geek Chef Air Fryer Toaster Oven 26 QT, Large AirFryer Conve
2026-07-27 05:48:19 | DEBUG    | scraper.parser | Product 27 parsed: Godboat 2-Tier Dish Drying Rack - Dish Rack with Auto Drain-
2026-07-27 05:48:19 | DEBUG    | scraper.parser | Product 28 parsed: Nostalgia Tabletop Indoor Electric S'mores Maker - Smores Ki
2026-07-27 05:48:19 | DEBUG    | scraper.parser | Product 29 parsed: WEPSEN Mixing Bowls Set, 25PCS Stainless Steel Mixing Bowl w
2026-07-27 05:48:20 | DEBUG    | scraper.parser | Product 30 parsed: Air Purifier for Home Large Room up to 3620Ft², H13 True HEP
2026-07-27 05:48:20 | DEBUG    | scraper.parser | Product 31 parsed: 24 in. Haven Coll 1.2 cu. ft. Built-in Microwave Drawer, Sta
2026-07-27 05:48:20 | DEBUG    | scraper.parser | Product 32 parsed: ZLINE Autograph Edition 30” 1.6 cu ft. Built-in Convection M
2026-07-27 05:48:20 | DEBUG    | scraper.parser | Product 33 parsed: KingTool 276-Piece Tool Set Kit - Tool kit with 12V Cordless
2026-07-27 05:48:20 | DEBUG    | scraper.parser | Product 34 parsed: 2 Pack Core Mini Filter H13 True HEPA Filters for LEVOIT Cor
2026-07-27 05:48:20 | DEBUG    | scraper.parser | Product 35 parsed: Cuisinart Waffle Maker, 5-Setting Browning Control, Stainles
2026-07-27 05:48:20 | DEBUG    | scraper.parser | Product 36 parsed: SYINTAO 2-in-1 Slushie & Soft Serve Ice Cream Maker, No-Ice-
2026-07-27 05:48:21 | DEBUG    | scraper.parser | Product 37 parsed: ASURION 3 Year Housewares Protection Plan ($100 - $124.99)
2026-07-27 05:48:21 | DEBUG    | scraper.parser | Product 38 parsed: Knife Set, 15 Pieces Kitchen Knife Set with Built in Sharpen
2026-07-27 05:48:21 | DEBUG    | scraper.parser | Product 39 parsed: Nostalgia Snow Cone Shaved Ice Machine - Retro Table-Top Slu
2026-07-27 05:48:21 | DEBUG    | scraper.parser | Product 40 parsed: 10-in-1 Steam Cleaner, Detachable Handheld Steam Mop for Mul
2026-07-27 05:48:21 | DEBUG    | scraper.parser | Product 41 parsed: bella XL Electric Ceramic Titanium Griddle, Make 15 Eggs At 
2026-07-27 05:48:22 | DEBUG    | scraper.parser | Product 42 parsed: BLACK+DECKER Perfect Pint Family Ice Cream Maker
2026-07-27 05:48:22 | DEBUG    | scraper.parser | Product 43 parsed: Mecity 2 Slice Smart Touchscreen Toaster, Stainless Steel Wi
2026-07-27 05:48:22 | DEBUG    | scraper.parser | Product 44 parsed: Lifeproof Ceramic Coating Spray Kit - Shine, Seal & Protect 
2026-07-27 05:48:22 | DEBUG    | scraper.parser | Product 45 parsed: Iceman by Chefman Slush-Ease 68oz Slushie Machine, 48oz Liqu
2026-07-27 05:48:22 | DEBUG    | scraper.parser | Product 46 parsed: SUPERJARE Large Bakers Rack with Power Outlets, 6-Tier Micro
2026-07-27 05:48:22 | DEBUG    | scraper.parser | Product 47 parsed: Keurig K-Mini Single Serve K-Cup Pod Coffee Maker, 6 to 12oz
2026-07-27 05:48:23 | DEBUG    | scraper.parser | Product 48 parsed: Kitchen in the box Stand Mixer,3.2Qt Small Electric Food Mix
2026-07-27 05:48:23 | DEBUG    | scraper.parser | Product 49 parsed: Refoss Smart Home Energy Monitor, Native Open API & Web UI (
2026-07-27 05:48:23 | DEBUG    | scraper.parser | Product 50 parsed: Govee Smart Plug, WiFi Plugs Work with Alexa & Google Assist
2026-07-27 05:48:23 | DEBUG    | scraper.parser | Product 51 parsed: Kamenstein 20 Jar Revolving Countertop Spice Rack with Spice
2026-07-27 05:48:23 | DEBUG    | scraper.parser | Product 52 parsed: SNOWCLAD Stainless Steel Cutting Board,Non Toxic chopping fo
2026-07-27 05:48:23 | DEBUG    | scraper.parser | Product 53 parsed: Waitbird Steam Cleaner for Home, Handheld Steamer for Home C
2026-07-27 05:48:24 | DEBUG    | scraper.parser | Product 54 parsed: Ganiza Food Processor with Dual Bowls, 2-Speed Food Chopper 
2026-07-27 05:48:24 | DEBUG    | scraper.parser | Product 55 parsed: Govee Smart Electric Kettle, WiFi Variable Temperature Goose
2026-07-27 05:48:24 | DEBUG    | scraper.parser | Product 56 parsed: Power Strip Tower with Wireless Charger, Flat Plug Surge Pro
2026-07-27 05:48:24 | DEBUG    | scraper.parser | Product 57 parsed: Hamilton Beach Professional Style Electric Deep Fryer With 3
2026-07-27 05:48:24 | DEBUG    | scraper.parser | Product 58 parsed: EIGHTREE 15A Smart Plug, Wi-Fi & Bluetooth Smart Outlet for 
2026-07-27 05:48:24 | DEBUG    | scraper.parser | Product 59 parsed: Neretva Bread Maker, 20-IN-1 2LB Bread Machine Dual Heater B
2026-07-27 05:48:25 | DEBUG    | scraper.parser | Product 60 parsed: Electric Indoor Grill 1500W -2 in 1 Smokeless Indoor Grill f
2026-07-27 05:48:25 | INFO     | scraper.search | Page 4: Extracted 60 products (total: 197)
2026-07-27 05:48:25 | DEBUG    | utils.resume | Progress saved: keyword='home appliances', last_completed_page=4
2026-07-27 05:48:25 | INFO     | scraper.search | ━━━ Scraping page 5 of 29 ━━━
2026-07-27 05:48:25 | INFO     | scraper.search | Navigating to page 5: https://www.amazon.com/s?k=home appliances&page=5
2026-07-27 05:48:30 | DEBUG    | scraper.search | Page 5 loaded successfully.
2026-07-27 05:48:30 | INFO     | scraper.parser | Found 60 product cards on the page.
2026-07-27 05:48:30 | DEBUG    | scraper.parser | Product 1 parsed: 10-in-1 Steam Cleaner, Detachable Handheld Steam Mop for Mul
2026-07-27 05:48:30 | DEBUG    | scraper.parser | Product 2 parsed: BARE BARREL® Mixology Bartender Kit Bar Set | 14-Piece Cockt
2026-07-27 05:48:30 | DEBUG    | scraper.parser | Product 3 parsed: JOYMOOP Steam Mop & Handheld Steam Cleaner, 1100W Electric S
2026-07-27 05:48:31 | DEBUG    | scraper.parser | Product 4 parsed: HOSHANHO 8PCS Kitchen Knife Set, Ultra Sharp Japanese Knife 
2026-07-27 05:48:31 | DEBUG    | scraper.parser | Product 5 parsed: Electric Indoor Grill 1500W -2 in 1 Smokeless Indoor Grill f
2026-07-27 05:48:31 | DEBUG    | scraper.parser | Product 6 parsed: Shark Lift-Away Steam Mop with Detachable Handheld Steam, Bl
2026-07-27 05:48:31 | DEBUG    | scraper.parser | Product 7 parsed: MOJOCO Portable Clothes Dryer - Mini/Compact Dryer for Apart
2026-07-27 05:48:31 | DEBUG    | scraper.parser | Product 8 parsed: Upgrade Broom and Dustpan Set, Self-Cleaning with Dustpan Te
2026-07-27 05:48:31 | DEBUG    | scraper.parser | Product 9 parsed: 10-in-1 Steam Mop, Detachable Handheld Steam Cleaner for Mul
2026-07-27 05:48:31 | DEBUG    | scraper.parser | Product 10 parsed: Bear Hot Pot Electric, 2L Multifunctional Portable Cooking P
2026-07-27 05:48:32 | DEBUG    | scraper.parser | Product 11 parsed: Kusini Smores Maker Tabletop Indoor - Flameless Electric Mar
2026-07-27 05:48:32 | DEBUG    | scraper.parser | Product 12 parsed: Electric Salt and Pepper Grinder Set, Rechargeable Automatic
2026-07-27 05:48:32 | DEBUG    | scraper.parser | Product 13 parsed: ERICKHILL EMF Meter, Detects Electric and Magnetic Fields, H
2026-07-27 05:48:32 | DEBUG    | scraper.parser | Product 14 parsed: Stainless Steel Stove Gap Cover (2 Pack, Black), Stove Gap F
2026-07-27 05:48:32 | DEBUG    | scraper.parser | Product 15 parsed: Nostalgia Electric Ice Cream Maker With 4 Qt Capacity- Old F
2026-07-27 05:48:32 | DEBUG    | scraper.parser | Product 16 parsed: 2 in 1 Electric S’mores Maker & Fondue Pot, Tabletop Indoor 
2026-07-27 05:48:32 | DEBUG    | scraper.parser | Product 17 parsed: ACTIVE Home Appliance Surface Cleaner Wipes Heavy Duty Wipe 
2026-07-27 05:48:33 | DEBUG    | scraper.parser | Product 18 parsed: GHome Smart Plug Mini, WiFi Smart Outlet Plug Works with Ale
2026-07-27 05:48:33 | DEBUG    | scraper.parser | Product 19 parsed: Juicer Machine 800W Centrifugal Juicer with Wide Mouth Feed 
2026-07-27 05:48:33 | DEBUG    | scraper.parser | Product 20 parsed: BSEED Surge Protector for Home Appliance 3 Outlet Surge Prot
2026-07-27 05:48:33 | DEBUG    | scraper.parser | Product 21 parsed: BISSELL SpinWave Hard Floor Expert Corded Spin Mop Cleaner, 
2026-07-27 05:48:33 | DEBUG    | scraper.parser | Product 22 parsed: Epeios Electric Kettle, Gooseneck Electric Kettle with ±1°F 
2026-07-27 05:48:33 | DEBUG    | scraper.parser | Product 23 parsed: Mecity 2 Slice Smart Touchscreen Toaster, Stainless Steel Wi
2026-07-27 05:48:33 | DEBUG    | scraper.parser | Product 24 parsed: BISSELL Spinwave Cordless Pet Spin Mop, 18V Hard Floor Clean
2026-07-27 05:48:34 | DEBUG    | scraper.parser | Product 25 parsed: Paris Hilton Hand Blender Set, 3-in-1 Immersion Blender with
2026-07-27 05:48:34 | DEBUG    | scraper.parser | Product 26 parsed: Steam Cleaner with 28 Accessories for Home, 1800W Powerful M
2026-07-27 05:48:34 | DEBUG    | scraper.parser | Product 27 parsed: SodaStream ART Sparkling Water Maker, Value Bundle, Soda Mak
2026-07-27 05:48:34 | DEBUG    | scraper.parser | Product 28 parsed: Handheld Steam Cleaner for Home Cleaning 3s Instant Heat-Up 
2026-07-27 05:48:34 | DEBUG    | scraper.parser | Product 29 parsed: Gooseneck Electric Kettle with Temperature Control, 0.9L, Bl
2026-07-27 05:48:34 | DEBUG    | scraper.parser | Product 30 parsed: West Bend Mini Fridge Compact Refrigerator for Home Office o
2026-07-27 05:48:34 | DEBUG    | scraper.parser | Product 31 parsed: Steam Cleaner, 293°F 58 PSI Powerful Multipurpose Handheld S
2026-07-27 05:48:35 | DEBUG    | scraper.parser | Product 32 parsed: Megawise Electric Glass Kettle with Auto Shut-Off (1.8L)
2026-07-27 05:48:35 | DEBUG    | scraper.parser | Product 33 parsed: Wall Outlet Extender with Surge Protector, 6 AC Outlets, wit
2026-07-27 05:48:35 | DEBUG    | scraper.parser | Product 34 parsed: [ETL Listed] BSEED Electronic Surge Protector for Home Appli
2026-07-27 05:48:35 | DEBUG    | scraper.parser | Product 35 parsed: Hamilton Beach Cool Touch Electric Deep Fryer with Basket Fo
2026-07-27 05:48:35 | DEBUG    | scraper.parser | Product 36 parsed: Hamilton Beach Automatic Electric Ice Cream Maker & Frozen Y
2026-07-27 05:48:35 | DEBUG    | scraper.parser | Product 37 parsed: Upgraded Watt Power Meter Plug Home Electrical Usage Monitor
2026-07-27 05:48:35 | DEBUG    | scraper.parser | Product 38 parsed: SXhyf Crevice Cleaning Brush - Grout Scrub Brush, House Clea
2026-07-27 05:48:36 | DEBUG    | scraper.parser | Product 39 parsed: Nostalgia Oscar Mayer Extra Large 8 Hot Dog Roller & Bun Toa
2026-07-27 05:48:36 | DEBUG    | scraper.parser | Product 40 parsed: Leak Saver Direct Inject Small System with UV Dye - Refriger
2026-07-27 05:48:36 | DEBUG    | scraper.parser | Product 41 parsed: WEPSEN Hand Mixer Electric Mixing Bowls Set, 5 Speeds Handhe
2026-07-27 05:48:36 | DEBUG    | scraper.parser | Product 42 parsed: Nostalgia 3-in-1 Retro Breakfast Station - Includes 5 (4 Oz)
2026-07-27 05:48:36 | DEBUG    | scraper.parser | Product 43 parsed: CEBORY 3-IN-1 Electric Stand Mixer, 6.5QT Bowl 660W 10-Speed
2026-07-27 05:48:36 | DEBUG    | scraper.parser | Product 44 parsed: Silonn Nugget Ice Maker Countertop, Pebble Ice Makers with C
2026-07-27 05:48:36 | DEBUG    | scraper.parser | Product 45 parsed: QIBOX 2-in-1 Snow Cone Machine & Smoothie Blender | 700W Ele
2026-07-27 05:48:37 | DEBUG    | scraper.parser | Product 46 parsed: Amorston Knife Set 15 Piece Kitchen Knife Set with Block | B
2026-07-27 05:48:37 | DEBUG    | scraper.parser | Product 47 parsed: Honinst Stand Mixer, 6.5QT 10-Speed Tilt-Head Electric Stand
2026-07-27 05:48:37 | DEBUG    | scraper.parser | Product 48 parsed: Schenley 19-in-1 Steam Mop with Handheld Steamer for Hard Fl
2026-07-27 05:48:37 | DEBUG    | scraper.parser | Product 49 parsed: FEPPO Snow Cone Machine & Smoothie Blender 2 in 1, 700W Powe
2026-07-27 05:48:37 | DEBUG    | scraper.parser | Product 50 parsed: Hamilton Beach Breakfast Sandwich Maker with Egg Cooker Ring
2026-07-27 05:48:38 | DEBUG    | scraper.parser | Product 51 parsed: Smart Power Saver Plug,Energy Saving Box, Power Factor Saver
2026-07-27 05:48:38 | DEBUG    | scraper.parser | Product 52 parsed: Paper Towel Holder,Self-Adhesive or Drilling， White, 1 Pack 
2026-07-27 05:48:38 | DEBUG    | scraper.parser | Product 53 parsed: K5 Stainless Steel Dough Hook for KitchenAid Stand Mixer, Ki
2026-07-27 05:48:38 | DEBUG    | scraper.parser | Product 54 parsed: 2PCS Kitchen Stove Counter Gap Covers Stainless Steel (13.8"
2026-07-27 05:48:38 | DEBUG    | scraper.parser | Product 55 parsed: Nicdiet Mixing Bowls with Lids Set, 16PCS Stainless Steel Mi
2026-07-27 05:48:38 | DEBUG    | scraper.parser | Product 56 parsed: Stainless Steel Stove Gap Covers (2PCS),Stove Gap Filler,Ran
2026-07-27 05:48:38 | DEBUG    | scraper.parser | Product 57 parsed: Nostalgia Extra Large Diner-Style Steamer, 20 Hot Dogs and 6
2026-07-27 05:48:39 | DEBUG    | scraper.parser | Product 58 parsed: Dash Deluxe Shaved Ice & Slushy Maker, Electric Ice Shaver, 
2026-07-27 05:48:39 | DEBUG    | scraper.parser | Product 59 parsed: Ratchet Screwdriver Set 66-in-1 Precision Repair Tool Kit wi
2026-07-27 05:48:39 | DEBUG    | scraper.parser | Product 60 parsed: 2 Pack Power Box Device US Plug,Plug-and-Play, Surge Protect
2026-07-27 05:48:39 | INFO     | scraper.search | Page 5: Extracted 60 products (total: 257)
2026-07-27 05:48:39 | DEBUG    | utils.resume | Progress saved: keyword='home appliances', last_completed_page=5
2026-07-27 05:48:39 | INFO     | scraper.search | ━━━ Scraping page 6 of 29 ━━━
2026-07-27 05:48:39 | INFO     | scraper.search | Navigating to page 6: https://www.amazon.com/s?k=home appliances&page=6
2026-07-27 05:48:44 | DEBUG    | scraper.search | Page 6 loaded successfully.
2026-07-27 05:48:45 | INFO     | scraper.parser | Found 60 product cards on the page.
2026-07-27 05:48:45 | DEBUG    | scraper.parser | Product 1 parsed: West Bend Stir Crazy Movie Theater Popcorn Popper, Gourmet P
2026-07-27 05:48:45 | DEBUG    | scraper.parser | Product 2 parsed: Force of Nature Cleaner & Deodorizer Appliance Value Bundle 
2026-07-27 05:48:45 | DEBUG    | scraper.parser | Product 3 parsed: HOSHANHO 8PCS Kitchen Knife Set, Ultra Sharp Japanese Knife 
2026-07-27 05:48:45 | DEBUG    | scraper.parser | Product 4 parsed: BARE BARREL® Mixology Bartender Kit Bar Set | 14-Piece Cockt
2026-07-27 05:48:45 | DEBUG    | scraper.parser | Product 5 parsed: CABOCASA Dual 6FT Ultra-Thin Outlet Concealer, Universal Siz
2026-07-27 05:48:45 | DEBUG    | scraper.parser | Product 6 parsed: YAMAZAKI Home Tower Kitchen Appliance Storage Rack Metal She
2026-07-27 05:48:46 | DEBUG    | scraper.parser | Product 7 parsed: DA92-01364A Replacement for Samsung Refrigerator Main Contro
2026-07-27 05:48:46 | DEBUG    | scraper.parser | Product 8 parsed: Ceramic Coating Spray Kit, Stain Repellent for Kitchen and B
2026-07-27 05:48:46 | DEBUG    | scraper.parser | Product 9 parsed: 2 Pack Flat Plug Surge Protector Power Strip, 6ft Ultra Thin
2026-07-27 05:48:46 | DEBUG    | scraper.parser | Product 10 parsed: Dishwasher Magnet Sticker Cover Panel Decal Refrigerator Mag
2026-07-27 05:48:46 | DEBUG    | scraper.parser | Product 11 parsed: SANTA ANA Vacuum Sealer Machine – Compact External Vacuum Se
2026-07-27 05:48:46 | DEBUG    | scraper.parser | Product 12 parsed: 15 FT Surge Protector Power Strip with 6 USB, 16 Outlets, 24
2026-07-27 05:48:46 | DEBUG    | scraper.parser | Product 13 parsed: 42 in 1 Magnetic Ratchet Screwdriver Set with Detachable T-H
2026-07-27 05:48:47 | DEBUG    | scraper.parser | Product 14 parsed: Whirlpool 33002032 Drum Baffle
2026-07-27 05:48:47 | DEBUG    | scraper.parser | Product 15 parsed: Dash Express Mini Donut Maker, 7 Donuts, Aqua | Electric Dou
2026-07-27 05:48:47 | DEBUG    | scraper.parser | Product 16 parsed: Dawn Powerwash Spray, Dish Soap, Dishwashing Liquid, Fresh, 
2026-07-27 05:48:47 | DEBUG    | scraper.parser | Product 17 parsed: Chefman Air Fryer – 4 QT Compact Airfryer for Quick & Easy M
2026-07-27 05:48:47 | DEBUG    | scraper.parser | Product 18 parsed: GoveeLife Smart Mini Air Purifier for Bedroom, with App & Al
2026-07-27 05:48:47 | DEBUG    | scraper.parser | Product 19 parsed: KitchenAid KSMMGA Food Grinder Attachment for All KitchenAid
2026-07-27 05:48:47 | DEBUG    | scraper.parser | Product 20 parsed: Dezin Hot Pot Electric, 1.5L Non-Stick Portable Electric Pot
2026-07-27 05:48:48 | DEBUG    | scraper.parser | Product 21 parsed: Mecity 4 Slice Toaster, Long Slot Toaster With Warming Rack,
2026-07-27 05:48:48 | DEBUG    | scraper.parser | Product 22 parsed: Sangcon 1000W Personal Smoothie Blender, Protein Shakes, Hom
2026-07-27 05:48:48 | DEBUG    | scraper.parser | Product 23 parsed: bella 2 Slice Toaster, 6 Setting Shade Control w Reheat, Can
2026-07-27 05:48:48 | DEBUG    | scraper.parser | Product 24 parsed: SMEG Soda Maker – Sparkling Water Machine for Kitchen Counte
2026-07-27 05:48:48 | DEBUG    | scraper.parser | Product 25 parsed: New Universal Energy-Saving Box, Reduce Electricity Bills, P
2026-07-27 05:48:48 | DEBUG    | scraper.parser | Product 26 parsed: Mecity 2 Slice Smart Touchscreen Toaster, Stainless Steel Wi
2026-07-27 05:48:49 | DEBUG    | scraper.parser | Product 27 parsed: 10oz Popcorn Machine with Cart, Popcorn Maker Machine, Red |
2026-07-27 05:48:49 | DEBUG    | scraper.parser | Product 28 parsed: West Bend Mini Fridge Compact Refrigerator for Home Office o
2026-07-27 05:48:49 | DEBUG    | scraper.parser | Product 29 parsed: Megawise Electric Glass Kettle with Auto Shut-Off (1.8L)
2026-07-27 05:48:49 | DEBUG    | scraper.parser | Product 30 parsed: Instant Pot 4Qt Vortex 6-in-1 Mini Air Fryer, Custom Program
2026-07-27 05:48:49 | DEBUG    | scraper.parser | Product 31 parsed: Portable Power Station 300W, 220Wh Solar Generator Backup Ba
2026-07-27 05:48:49 | DEBUG    | scraper.parser | Product 32 parsed: InnoMoon Metal Grain Mill Attachment for KitchenAid Stand Mi
2026-07-27 05:48:50 | DEBUG    | scraper.parser | Product 33 parsed: Handheld Pressurized Steam Cleaner with 12 pcs Accessories, 
2026-07-27 05:48:50 | DEBUG    | scraper.parser | Product 34 parsed: Popcorn Machine Maker With 8 Oz Kettle Makes Up to 32 Cups P
2026-07-27 05:48:50 | DEBUG    | scraper.parser | Product 35 parsed: Popcorn Machine with Cart, 10oz Stainless Steel Kettle, for 
2026-07-27 05:48:50 | DEBUG    | scraper.parser | Product 36 parsed: Steam & Go 10-in-1 Multi-Surface Steam Mop - Deep Clean with
2026-07-27 05:48:50 | DEBUG    | scraper.parser | Product 37 parsed: Cosori Rice Cooker 10 Cup, Ceramic Coating Inner Pot, Fuzzy 
2026-07-27 05:48:50 | DEBUG    | scraper.parser | Product 38 parsed: BSEED Surge Protector, Surge Protector Outlet for Refrigerat
2026-07-27 05:48:50 | DEBUG    | scraper.parser | Product 39 parsed: bella Electric Can Opener and Knife Sharpener, Removable Cut
2026-07-27 05:48:51 | DEBUG    | scraper.parser | Product 40 parsed: Astercook 15 Pieces Kitchen Knife Block Set with Sharpener, 
2026-07-27 05:48:51 | DEBUG    | scraper.parser | Product 41 parsed: Nostalgia Cotton Candy Machine - Retro Cotton Candy Machine 
2026-07-27 05:48:51 | DEBUG    | scraper.parser | Product 42 parsed: Evoloop Rapid Egg Cooker Electric 6 Eggs Capacity, Soft, Med
2026-07-27 05:48:51 | DEBUG    | scraper.parser | Product 43 parsed: K Cup Holder-Coffee Pods Holder Storage Organizer Stand 40 P
2026-07-27 05:48:51 | DEBUG    | scraper.parser | Product 44 parsed: Dash Shaved Ice Maker - Frozen Dessert Maker for Snow Cones,
2026-07-27 05:48:51 | DEBUG    | scraper.parser | Product 45 parsed: Nostalgia Coca-Cola Frozen Drink Maker and Margarita Machine
2026-07-27 05:48:52 | DEBUG    | scraper.parser | Product 46 parsed: Chefman Everything Maker & Pizza Oven – 1440W Countertop Ele
2026-07-27 05:48:52 | DEBUG    | scraper.parser | Product 47 parsed: GASHELL Noodle Board Stove Cover with Handles for Electric, 
2026-07-27 05:48:52 | DEBUG    | scraper.parser | Product 48 parsed: Slushie Machine for Home, 88 oz Tank, No Ice Needed, 6 Prese
2026-07-27 05:48:52 | DEBUG    | scraper.parser | Product 49 parsed: YAMAZAKI Home Tower Kitchen Countertop Organizer Appliance S
2026-07-27 05:48:52 | DEBUG    | scraper.parser | Product 50 parsed: Stove Top Cover for Electric Stove- Range Covers for Electri
2026-07-27 05:48:52 | DEBUG    | scraper.parser | Product 51 parsed: Nostalgia Vintage Hot-Air Popcorn Maker Machine - Makes Up t
2026-07-27 05:48:53 | DEBUG    | scraper.parser | Product 52 parsed: OSTBA Meat Slicer 200W Electric Deli Food Slicer with 2 Remo
2026-07-27 05:48:53 | DEBUG    | scraper.parser | Product 53 parsed: Outlet Extender with Rotating Plug, Surge Protector 6 AC Mul
2026-07-27 05:48:53 | DEBUG    | scraper.parser | Product 54 parsed: Chef Power Ceramic Nonstick Pots and Pans Set 19 Piece with 
2026-07-27 05:48:53 | DEBUG    | scraper.parser | Product 55 parsed: Appliance Rollers Heavy Duty,Max 32in,Second Generation Exte
2026-07-27 05:48:53 | DEBUG    | scraper.parser | Product 56 parsed: Vegetable Chopper Dicer with Container | Cheese Grater Mando
2026-07-27 05:48:53 | DEBUG    | scraper.parser | Product 57 parsed: Nostalgia 3 Tier Electric Chocolate Fondue Fountain Machine 
2026-07-27 05:48:54 | DEBUG    | scraper.parser | Product 58 parsed: Portable Power Station, 146Wh 100W Solar Powered Power Bank 
2026-07-27 05:48:54 | DEBUG    | scraper.parser | Product 59 parsed: KOIOS Smoothie Blender for Kitchen, 900W Personal Blender fo
2026-07-27 05:48:54 | DEBUG    | scraper.parser | Product 60 parsed: GreenLife 3-in-1 Breakfast Maker Station, Healthy Ceramic No
2026-07-27 05:48:54 | INFO     | scraper.search | Page 6: Extracted 60 products (total: 317)
2026-07-27 05:48:54 | DEBUG    | utils.resume | Progress saved: keyword='home appliances', last_completed_page=6
2026-07-27 05:48:54 | INFO     | scraper.search | ━━━ Scraping page 7 of 29 ━━━
2026-07-27 05:48:54 | INFO     | scraper.search | Navigating to page 7: https://www.amazon.com/s?k=home appliances&page=7
2026-07-27 05:48:57 | DEBUG    | scraper.search | Page 7 loaded successfully.
2026-07-27 05:48:57 | INFO     | scraper.parser | Found 30 product cards on the page.
2026-07-27 05:48:57 | DEBUG    | scraper.parser | Product 1 parsed: Oneida Silverware Set For 4, Flight 20-Piece Everyday Flatwa
2026-07-27 05:48:57 | DEBUG    | scraper.parser | Product 2 parsed: Clearly Filtered Inline Water Filter – Stainless Steel ¼” Fi
2026-07-27 05:48:58 | DEBUG    | scraper.parser | Product 3 parsed: HOSHANHO 8PCS Kitchen Knife Set, Ultra Sharp Japanese Knife 
2026-07-27 05:48:58 | DEBUG    | scraper.parser | Product 4 parsed: BARE BARREL® Mixology Bartender Kit Bar Set | 14-Piece Cockt
2026-07-27 05:48:58 | DEBUG    | scraper.parser | Product 5 parsed: Steam Cleaner for Home - 1600ML Water Tank 15s Heat-Up Porta
2026-07-27 05:48:58 | DEBUG    | scraper.parser | Product 6 parsed: Tastyle Single Serve Coffee Maker with Built-in Detachable M
2026-07-27 05:48:58 | DEBUG    | scraper.parser | Product 7 parsed: KitchenAid Classic Multifunction Can Opener and Bottle Opene
2026-07-27 05:48:58 | DEBUG    | scraper.parser | Product 8 parsed: Zulay Kitchen Cast Iron Juicer - Heavy Duty Manual Juicer wi
2026-07-27 05:48:59 | DEBUG    | scraper.parser | Product 9 parsed: Holikme Dryer Vent Cleaner Kit 2Pack - Lint Vacuum Attachmen
2026-07-27 05:48:59 | DEBUG    | scraper.parser | Product 10 parsed: bella 3.5 Qt Hand & Stand Mixer, 2 in 1 Electric Mixer with 
2026-07-27 05:48:59 | DEBUG    | scraper.parser | Product 11 parsed: Nostalgia Popcorn Maker Machine - Professional Cart With 8 O
2026-07-27 05:48:59 | DEBUG    | scraper.parser | Product 12 parsed: KitchenAid KSMICM Ice Cream Maker for select KitchenAid Stan
2026-07-27 05:48:59 | DEBUG    | scraper.parser | Product 13 parsed: Shaved Ice Attachment for KitchenAid Stand Mixer, Snow Cone 
2026-07-27 05:48:59 | DEBUG    | scraper.parser | Product 14 parsed: GLACIER FRESH XWFE (Built-in CHIP) Refrigerator Water Filter
2026-07-27 05:48:59 | DEBUG    | scraper.parser | Product 15 parsed: Ultimate Probiotic Yogurt Maker with Adjustable Temperature 
2026-07-27 05:49:00 | DEBUG    | scraper.parser | Product 16 parsed: Alata Cube Black 20-Piece Forged Silverware Set Stainless St
2026-07-27 05:49:00 | DEBUG    | scraper.parser | Product 17 parsed: Mecity 2 Slice Smart Touchscreen Toaster, Stainless Steel Wi
2026-07-27 05:49:00 | DEBUG    | scraper.parser | Product 18 parsed: Refrigerator Floor Mat, Absorbent/Waterproof, Protects Floor
2026-07-27 05:49:00 | DEBUG    | scraper.parser | Product 19 parsed: 6-in-1 Steam Mop, 1200W Rotated Steam Cleaner for Home, 2 Mo
2026-07-27 05:49:00 | DEBUG    | scraper.parser | Product 20 parsed: SodaStream TERRA Sparkling Water Maker, Starter Kit, CQC CO2
2026-07-27 05:49:00 | DEBUG    | scraper.parser | Product 21 parsed: Barnakl Ceiling Fan Air Purifier Pads, Carbon Filters for Bl
2026-07-27 05:49:00 | DEBUG    | scraper.parser | Product 22 parsed: Megawise Electric Glass Kettle with Auto Shut-Off (1.8L)
2026-07-27 05:49:01 | DEBUG    | scraper.parser | Product 23 parsed: Mecity 4 Slice Toaster, Long Slot Toaster With Warming Rack,
2026-07-27 05:49:01 | DEBUG    | scraper.parser | Product 24 parsed: Hazel Quinn Glass And Stainless Steel Electric Kettle, 1.5 L
2026-07-27 05:49:01 | DEBUG    | scraper.parser | Product 25 parsed: West Bend Mini Fridge Compact Refrigerator for Home Office o
2026-07-27 05:49:01 | DEBUG    | scraper.parser | Product 26 parsed: Uigos LED Night Light Lamp with Smart Sensor Dusk to Dawn Se
2026-07-27 05:49:01 | DEBUG    | scraper.parser | Product 27 parsed: Addtam Surge Protector Outlet Extender, Plug Extension Outle
2026-07-27 05:49:01 | DEBUG    | scraper.parser | Product 28 parsed: All-in-One Blender & Food Processor, 10-in-1 Professional Bl
2026-07-27 05:49:01 | DEBUG    | scraper.parser | Product 29 parsed: SENSARTE Nonstick Cookware Set 13-Piece, Non Stick Pots and 
2026-07-27 05:49:02 | DEBUG    | scraper.parser | Product 30 parsed: FOTILE JQG9007 36" Under Cabinet or Wall Mount Kitchen Range
2026-07-27 05:49:02 | INFO     | scraper.search | Page 7: Extracted 30 products (total: 347)
2026-07-27 05:49:02 | DEBUG    | utils.resume | Progress saved: keyword='home appliances', last_completed_page=7
2026-07-27 05:49:02 | INFO     | scraper.search | ━━━ Scraping page 8 of 29 ━━━
2026-07-27 05:49:02 | INFO     | scraper.search | Navigating to page 8: https://www.amazon.com/s?k=home appliances&page=8
2026-07-27 05:49:05 | DEBUG    | scraper.search | Page 8 loaded successfully.
2026-07-27 05:49:05 | INFO     | scraper.parser | Found 12 product cards on the page.
2026-07-27 05:49:05 | DEBUG    | scraper.parser | Product 1 parsed: Vitamix 5200 Blender, Professional-Grade Blender for Smoothi
2026-07-27 05:49:06 | DEBUG    | scraper.parser | Product 2 parsed: Force of Nature Cleaner & Deodorizer Appliance Value Bundle 
2026-07-27 05:49:06 | DEBUG    | scraper.parser | Product 3 parsed: Dawn Ultra Dish Soap Refill Jug Large Size Original Blue Liq
2026-07-27 05:49:06 | DEBUG    | scraper.parser | Product 4 parsed: Aquabliss SF500 Daily Essential+ Shower Filter - Chrome | He
2026-07-27 05:49:06 | DEBUG    | scraper.parser | Product 5 parsed: Mecity 2 Slice Smart Touchscreen Toaster, Stainless Steel Wi
2026-07-27 05:49:06 | DEBUG    | scraper.parser | Product 6 parsed: Chef Preserve Compact Vacuum Sealer for Food (Vacuum Sealer 
2026-07-27 05:49:06 | DEBUG    | scraper.parser | Product 7 parsed: Vitamix Ascent X4 Gourmet SmartPrep Kitchen System, Professi
2026-07-27 05:49:06 | DEBUG    | scraper.parser | Product 8 parsed: West Bend Mini Fridge Compact Refrigerator for Home Office o
2026-07-27 05:49:06 | DEBUG    | scraper.parser | Product 9 parsed: Megawise Electric Glass Kettle with Auto Shut-Off (1.8L)
2026-07-27 05:49:07 | DEBUG    | scraper.parser | Product 10 parsed: Hazel Quinn Glass And Stainless Steel Electric Kettle, 1.5 L
2026-07-27 05:49:07 | DEBUG    | scraper.parser | Product 11 parsed: Azeus 1.8L Electric Kettle CX-817 - Fast Boil, Auto Shut-Off
2026-07-27 05:49:07 | DEBUG    | scraper.parser | Product 12 parsed: All-in-One Blender & Food Processor, 10-in-1 Professional Bl
2026-07-27 05:49:07 | INFO     | scraper.search | Page 8: Extracted 12 products (total: 359)
2026-07-27 05:49:07 | DEBUG    | utils.resume | Progress saved: keyword='home appliances', last_completed_page=8
2026-07-27 05:49:07 | INFO     | scraper.search | ━━━ Scraping page 9 of 29 ━━━
2026-07-27 05:49:07 | INFO     | scraper.search | Navigating to page 9: https://www.amazon.com/s?k=home appliances&page=9
2026-07-27 05:49:11 | DEBUG    | scraper.search | Page 9 loaded successfully.
2026-07-27 05:49:11 | INFO     | scraper.parser | Found 12 product cards on the page.
2026-07-27 05:49:11 | DEBUG    | scraper.parser | Product 1 parsed: Vitamix 5200 Blender, Professional-Grade Blender for Smoothi
2026-07-27 05:49:11 | DEBUG    | scraper.parser | Product 2 parsed: Force of Nature Cleaner & Deodorizer Appliance Value Bundle 
2026-07-27 05:49:11 | DEBUG    | scraper.parser | Product 3 parsed: Dawn Ultra Dish Soap Refill Jug Large Size Original Blue Liq
2026-07-27 05:49:11 | DEBUG    | scraper.parser | Product 4 parsed: Aquabliss SF500 Daily Essential+ Shower Filter - Chrome | He
2026-07-27 05:49:11 | DEBUG    | scraper.parser | Product 5 parsed: Mecity 2 Slice Smart Touchscreen Toaster, Stainless Steel Wi
2026-07-27 05:49:12 | DEBUG    | scraper.parser | Product 6 parsed: Chef Preserve Compact Vacuum Sealer for Food (Vacuum Sealer 
2026-07-27 05:49:12 | DEBUG    | scraper.parser | Product 7 parsed: Vitamix Ascent X4 Gourmet SmartPrep Kitchen System, Professi
2026-07-27 05:49:12 | DEBUG    | scraper.parser | Product 8 parsed: West Bend Mini Fridge Compact Refrigerator for Home Office o
2026-07-27 05:49:12 | DEBUG    | scraper.parser | Product 9 parsed: Megawise Electric Glass Kettle with Auto Shut-Off (1.8L)
2026-07-27 05:49:12 | DEBUG    | scraper.parser | Product 10 parsed: Hazel Quinn Glass And Stainless Steel Electric Kettle, 1.5 L
2026-07-27 05:49:12 | DEBUG    | scraper.parser | Product 11 parsed: Azeus 1.8L Electric Kettle CX-817 - Fast Boil, Auto Shut-Off
2026-07-27 05:49:12 | DEBUG    | scraper.parser | Product 12 parsed: Chefman Obliterator 48 oz Countertop Blender for Smoothies, 
2026-07-27 05:49:12 | INFO     | scraper.search | Page 9: Extracted 12 products (total: 371)
2026-07-27 05:49:12 | DEBUG    | utils.resume | Progress saved: keyword='home appliances', last_completed_page=9
2026-07-27 05:49:12 | INFO     | scraper.search | ━━━ Scraping page 10 of 29 ━━━
2026-07-27 05:49:12 | INFO     | scraper.search | Navigating to page 10: https://www.amazon.com/s?k=home appliances&page=10
2026-07-27 05:49:16 | DEBUG    | scraper.search | Page 10 loaded successfully.
2026-07-27 05:49:16 | INFO     | scraper.parser | Found 12 product cards on the page.
2026-07-27 05:49:16 | DEBUG    | scraper.parser | Product 1 parsed: Vitamix 5200 Blender, Professional-Grade Blender for Smoothi
2026-07-27 05:49:17 | DEBUG    | scraper.parser | Product 2 parsed: Force of Nature Cleaner & Deodorizer Appliance Value Bundle 
2026-07-27 05:49:17 | DEBUG    | scraper.parser | Product 3 parsed: My Chef Tools - Electric Salt and Pepper Grinder Set - Recha
2026-07-27 05:49:17 | DEBUG    | scraper.parser | Product 4 parsed: Dawn Ultra Dish Soap Refill Jug Large Size Original Blue Liq
2026-07-27 05:49:17 | DEBUG    | scraper.parser | Product 5 parsed: Mecity 2 Slice Smart Touchscreen Toaster, Stainless Steel Wi
2026-07-27 05:49:17 | DEBUG    | scraper.parser | Product 6 parsed: Chef Preserve Compact Vacuum Sealer for Food (Vacuum Sealer 
2026-07-27 05:49:17 | DEBUG    | scraper.parser | Product 7 parsed: Vitamix Ascent X4 Gourmet SmartPrep Kitchen System, Professi
2026-07-27 05:49:17 | DEBUG    | scraper.parser | Product 8 parsed: West Bend Mini Fridge Compact Refrigerator for Home Office o
2026-07-27 05:49:17 | DEBUG    | scraper.parser | Product 9 parsed: Megawise Electric Glass Kettle with Auto Shut-Off (1.8L)
2026-07-27 05:49:18 | DEBUG    | scraper.parser | Product 10 parsed: Hazel Quinn Glass And Stainless Steel Electric Kettle, 1.5 L
2026-07-27 05:49:18 | DEBUG    | scraper.parser | Product 11 parsed: Azeus 1.8L Electric Kettle CX-817 - Fast Boil, Auto Shut-Off
2026-07-27 05:49:18 | DEBUG    | scraper.parser | Product 12 parsed: 4 Slice Toaster Touch Screen, Stainless Steel Toasters Digit
2026-07-27 05:49:18 | INFO     | scraper.search | Page 10: Extracted 12 products (total: 383)
2026-07-27 05:49:18 | DEBUG    | utils.resume | Progress saved: keyword='home appliances', last_completed_page=10
2026-07-27 05:49:18 | INFO     | scraper.search | ━━━ Scraping page 11 of 29 ━━━
2026-07-27 05:49:18 | INFO     | scraper.search | Navigating to page 11: https://www.amazon.com/s?k=home appliances&page=11
2026-07-27 05:49:23 | DEBUG    | scraper.search | Page 11 loaded successfully.
2026-07-27 05:49:23 | INFO     | scraper.parser | Found 12 product cards on the page.
2026-07-27 05:49:23 | DEBUG    | scraper.parser | Product 1 parsed: Vitamix 5200 Blender, Professional-Grade Blender for Smoothi
2026-07-27 05:49:23 | DEBUG    | scraper.parser | Product 2 parsed: Force of Nature Cleaner & Deodorizer Appliance Value Bundle 
2026-07-27 05:49:23 | DEBUG    | scraper.parser | Product 3 parsed: Dawn Ultra Dish Soap Refill Jug Large Size Original Blue Liq
2026-07-27 05:49:23 | DEBUG    | scraper.parser | Product 4 parsed: Wobble Wedges Heavy Duty Leveling Shims – Made in the USA – 
2026-07-27 05:49:24 | DEBUG    | scraper.parser | Product 5 parsed: FOTILE JQG9007 36" Under Cabinet or Wall Mount Kitchen Range
2026-07-27 05:49:24 | DEBUG    | scraper.parser | Product 6 parsed: Mecity 2 Slice Smart Touchscreen Toaster, Stainless Steel Wi
2026-07-27 05:49:24 | DEBUG    | scraper.parser | Product 7 parsed: Chef Preserve Compact Vacuum Sealer for Food (Vacuum Sealer 
2026-07-27 05:49:24 | DEBUG    | scraper.parser | Product 8 parsed: Vitamix Ascent X4 Gourmet SmartPrep Kitchen System, Professi
2026-07-27 05:49:24 | DEBUG    | scraper.parser | Product 9 parsed: West Bend Mini Fridge Compact Refrigerator for Home Office o
2026-07-27 05:49:24 | DEBUG    | scraper.parser | Product 10 parsed: Megawise Electric Glass Kettle with Auto Shut-Off (1.8L)
2026-07-27 05:49:24 | DEBUG    | scraper.parser | Product 11 parsed: Hazel Quinn Glass And Stainless Steel Electric Kettle, 1.5 L
2026-07-27 05:49:24 | DEBUG    | scraper.parser | Product 12 parsed: Azeus 1.8L Electric Kettle CX-817 - Fast Boil, Auto Shut-Off
2026-07-27 05:49:24 | INFO     | scraper.search | Page 11: Extracted 12 products (total: 395)
2026-07-27 05:49:24 | DEBUG    | utils.resume | Progress saved: keyword='home appliances', last_completed_page=11
2026-07-27 05:49:24 | INFO     | scraper.search | ━━━ Scraping page 12 of 29 ━━━
2026-07-27 05:49:24 | INFO     | scraper.search | Navigating to page 12: https://www.amazon.com/s?k=home appliances&page=12
2026-07-27 05:49:29 | DEBUG    | scraper.search | Page 12 loaded successfully.
2026-07-27 05:49:29 | INFO     | scraper.parser | Found 12 product cards on the page.
2026-07-27 05:49:29 | DEBUG    | scraper.parser | Product 1 parsed: Vitamix 5200 Blender, Professional-Grade Blender for Smoothi
2026-07-27 05:49:29 | DEBUG    | scraper.parser | Product 2 parsed: Force of Nature Cleaner & Deodorizer Appliance Value Bundle 
2026-07-27 05:49:30 | DEBUG    | scraper.parser | Product 3 parsed: My Chef Tools - Electric Salt and Pepper Grinder Set - Recha
2026-07-27 05:49:30 | DEBUG    | scraper.parser | Product 4 parsed: Dawn Ultra Dish Soap Refill Jug Large Size Original Blue Liq
2026-07-27 05:49:30 | DEBUG    | scraper.parser | Product 5 parsed: Mecity 2 Slice Smart Touchscreen Toaster, Stainless Steel Wi
2026-07-27 05:49:30 | DEBUG    | scraper.parser | Product 6 parsed: Chef Preserve Compact Vacuum Sealer for Food (Vacuum Sealer 
2026-07-27 05:49:30 | DEBUG    | scraper.parser | Product 7 parsed: Vitamix Ascent X4 Gourmet SmartPrep Kitchen System, Professi
2026-07-27 05:49:30 | DEBUG    | scraper.parser | Product 8 parsed: West Bend Mini Fridge Compact Refrigerator for Home Office o
2026-07-27 05:49:30 | DEBUG    | scraper.parser | Product 9 parsed: Megawise Electric Glass Kettle with Auto Shut-Off (1.8L)
2026-07-27 05:49:30 | DEBUG    | scraper.parser | Product 10 parsed: Hazel Quinn Glass And Stainless Steel Electric Kettle, 1.5 L
2026-07-27 05:49:31 | DEBUG    | scraper.parser | Product 11 parsed: Azeus 1.8L Electric Kettle CX-817 - Fast Boil, Auto Shut-Off
2026-07-27 05:49:31 | DEBUG    | scraper.parser | Product 12 parsed: All-in-One Blender & Food Processor, 10-in-1 Professional Bl
2026-07-27 05:49:31 | INFO     | scraper.search | Page 12: Extracted 12 products (total: 407)
2026-07-27 05:49:31 | DEBUG    | utils.resume | Progress saved: keyword='home appliances', last_completed_page=12
2026-07-27 05:49:31 | INFO     | scraper.search | ━━━ Scraping page 13 of 29 ━━━
2026-07-27 05:49:31 | INFO     | scraper.search | Navigating to page 13: https://www.amazon.com/s?k=home appliances&page=13
2026-07-27 05:49:34 | DEBUG    | scraper.search | Page 13 loaded successfully.
2026-07-27 05:49:34 | INFO     | scraper.parser | Found 12 product cards on the page.
2026-07-27 05:49:34 | DEBUG    | scraper.parser | Product 1 parsed: Vitamix 5200 Blender, Professional-Grade Blender for Smoothi
2026-07-27 05:49:35 | DEBUG    | scraper.parser | Product 2 parsed: Force of Nature Cleaner & Deodorizer Appliance Value Bundle 
2026-07-27 05:49:35 | DEBUG    | scraper.parser | Product 3 parsed: Dawn Ultra Dish Soap Refill Jug Large Size Original Blue Liq
2026-07-27 05:49:35 | DEBUG    | scraper.parser | Product 4 parsed: Wobble Wedges Heavy Duty Leveling Shims – Made in the USA – 
2026-07-27 05:49:35 | DEBUG    | scraper.parser | Product 5 parsed: Mecity 2 Slice Smart Touchscreen Toaster, Stainless Steel Wi
2026-07-27 05:49:35 | DEBUG    | scraper.parser | Product 6 parsed: Chef Preserve Compact Vacuum Sealer for Food (Vacuum Sealer 
2026-07-27 05:49:35 | DEBUG    | scraper.parser | Product 7 parsed: Vitamix Ascent X4 Gourmet SmartPrep Kitchen System, Professi
2026-07-27 05:49:35 | DEBUG    | scraper.parser | Product 8 parsed: West Bend Mini Fridge Compact Refrigerator for Home Office o
2026-07-27 05:49:36 | DEBUG    | scraper.parser | Product 9 parsed: Megawise Electric Glass Kettle with Auto Shut-Off (1.8L)
2026-07-27 05:49:36 | DEBUG    | scraper.parser | Product 10 parsed: Hazel Quinn Glass And Stainless Steel Electric Kettle, 1.5 L
2026-07-27 05:49:36 | DEBUG    | scraper.parser | Product 11 parsed: Azeus 1.8L Electric Kettle CX-817 - Fast Boil, Auto Shut-Off
2026-07-27 05:49:36 | DEBUG    | scraper.parser | Product 12 parsed: 4 Slice Toaster Touch Screen, Stainless Steel Toasters Digit
2026-07-27 05:49:36 | INFO     | scraper.search | Page 13: Extracted 12 products (total: 419)
2026-07-27 05:49:36 | DEBUG    | utils.resume | Progress saved: keyword='home appliances', last_completed_page=13
2026-07-27 05:49:36 | INFO     | scraper.search | ━━━ Scraping page 14 of 29 ━━━
2026-07-27 05:49:36 | INFO     | scraper.search | Navigating to page 14: https://www.amazon.com/s?k=home appliances&page=14
2026-07-27 05:49:39 | DEBUG    | scraper.search | Page 14 loaded successfully.
2026-07-27 05:49:39 | INFO     | scraper.parser | Found 12 product cards on the page.
2026-07-27 05:49:40 | DEBUG    | scraper.parser | Product 1 parsed: Vitamix 5200 Blender, Professional-Grade Blender for Smoothi
2026-07-27 05:49:40 | DEBUG    | scraper.parser | Product 2 parsed: Force of Nature Cleaner & Deodorizer Appliance Value Bundle 
2026-07-27 05:49:40 | DEBUG    | scraper.parser | Product 3 parsed: My Chef Tools - Electric Salt and Pepper Grinder Set - Recha
2026-07-27 05:49:40 | DEBUG    | scraper.parser | Product 4 parsed: Dawn Ultra Dish Soap Refill Jug Large Size Original Blue Liq
2026-07-27 05:49:40 | DEBUG    | scraper.parser | Product 5 parsed: Mecity 2 Slice Smart Touchscreen Toaster, Stainless Steel Wi
2026-07-27 05:49:40 | DEBUG    | scraper.parser | Product 6 parsed: Chef Preserve Compact Vacuum Sealer for Food (Vacuum Sealer 
2026-07-27 05:49:40 | DEBUG    | scraper.parser | Product 7 parsed: Popsmith Popcorn Popper in Cream - 6 Quart Stovetop Popcorn 
2026-07-27 05:49:40 | DEBUG    | scraper.parser | Product 8 parsed: Vitamix Ascent X4 Gourmet SmartPrep Kitchen System, Professi
2026-07-27 05:49:41 | DEBUG    | scraper.parser | Product 9 parsed: West Bend Mini Fridge Compact Refrigerator for Home Office o
2026-07-27 05:49:41 | DEBUG    | scraper.parser | Product 10 parsed: Megawise Electric Glass Kettle with Auto Shut-Off (1.8L)
2026-07-27 05:49:41 | DEBUG    | scraper.parser | Product 11 parsed: Hazel Quinn Glass And Stainless Steel Electric Kettle, 1.5 L
2026-07-27 05:49:41 | DEBUG    | scraper.parser | Product 12 parsed: Azeus 1.8L Electric Kettle CX-817 - Fast Boil, Auto Shut-Off
2026-07-27 05:49:41 | INFO     | scraper.search | Page 14: Extracted 12 products (total: 431)
2026-07-27 05:49:41 | DEBUG    | utils.resume | Progress saved: keyword='home appliances', last_completed_page=14
2026-07-27 05:49:41 | INFO     | scraper.search | ━━━ Scraping page 15 of 29 ━━━
2026-07-27 05:49:41 | INFO     | scraper.search | Navigating to page 15: https://www.amazon.com/s?k=home appliances&page=15
2026-07-27 05:49:46 | DEBUG    | scraper.search | Page 15 loaded successfully.
2026-07-27 05:49:46 | INFO     | scraper.parser | Found 12 product cards on the page.
2026-07-27 05:49:46 | DEBUG    | scraper.parser | Product 1 parsed: Vitamix 5200 Blender, Professional-Grade Blender for Smoothi
2026-07-27 05:49:46 | DEBUG    | scraper.parser | Product 2 parsed: Force of Nature Cleaner & Deodorizer Appliance Value Bundle 
2026-07-27 05:49:46 | DEBUG    | scraper.parser | Product 3 parsed: Dawn Ultra Dish Soap Refill Jug Large Size Original Blue Liq
2026-07-27 05:49:46 | DEBUG    | scraper.parser | Product 4 parsed: Dawn Powerwash Spray, Dish Soap, Dishwashing Liquid, Fresh, 
2026-07-27 05:49:46 | DEBUG    | scraper.parser | Product 5 parsed: Mecity 2 Slice Smart Touchscreen Toaster, Stainless Steel Wi
2026-07-27 05:49:46 | DEBUG    | scraper.parser | Product 6 parsed: Chef Preserve Compact Vacuum Sealer for Food (Vacuum Sealer 
2026-07-27 05:49:46 | DEBUG    | scraper.parser | Product 7 parsed: Popsmith Popcorn Popper in Cream - 6 Quart Stovetop Popcorn 
2026-07-27 05:49:47 | DEBUG    | scraper.parser | Product 8 parsed: Vitamix Ascent X4 Gourmet SmartPrep Kitchen System, Professi
2026-07-27 05:49:47 | DEBUG    | scraper.parser | Product 9 parsed: West Bend Mini Fridge Compact Refrigerator for Home Office o
2026-07-27 05:49:47 | DEBUG    | scraper.parser | Product 10 parsed: Megawise Electric Glass Kettle with Auto Shut-Off (1.8L)
2026-07-27 05:49:47 | DEBUG    | scraper.parser | Product 11 parsed: Hazel Quinn Glass And Stainless Steel Electric Kettle, 1.5 L
2026-07-27 05:49:47 | DEBUG    | scraper.parser | Product 12 parsed: Azeus 1.8L Electric Kettle CX-817 - Fast Boil, Auto Shut-Off
2026-07-27 05:49:47 | INFO     | scraper.search | Page 15: Extracted 12 products (total: 443)
2026-07-27 05:49:47 | DEBUG    | utils.resume | Progress saved: keyword='home appliances', last_completed_page=15
2026-07-27 05:49:47 | INFO     | scraper.search | ━━━ Scraping page 16 of 29 ━━━
2026-07-27 05:49:47 | INFO     | scraper.search | Navigating to page 16: https://www.amazon.com/s?k=home appliances&page=16
2026-07-27 05:49:52 | DEBUG    | scraper.search | Page 16 loaded successfully.
2026-07-27 05:49:52 | INFO     | scraper.parser | Found 12 product cards on the page.
2026-07-27 05:49:52 | DEBUG    | scraper.parser | Product 1 parsed: Vitamix 5200 Blender, Professional-Grade Blender for Smoothi
2026-07-27 05:49:52 | DEBUG    | scraper.parser | Product 2 parsed: Force of Nature Cleaner & Deodorizer Appliance Value Bundle 
2026-07-27 05:49:52 | DEBUG    | scraper.parser | Product 3 parsed: My Chef Tools - Electric Salt and Pepper Grinder Set - Recha
2026-07-27 05:49:52 | DEBUG    | scraper.parser | Product 4 parsed: Dawn Ultra Dish Soap Refill Jug Large Size Original Blue Liq
2026-07-27 05:49:52 | DEBUG    | scraper.parser | Product 5 parsed: Commercial Blender 1800W Crush Ice & Frozen Fruit 3.5HP 3500
2026-07-27 05:49:52 | DEBUG    | scraper.parser | Product 6 parsed: Mecity 2 Slice Smart Touchscreen Toaster, Stainless Steel Wi
2026-07-27 05:49:52 | DEBUG    | scraper.parser | Product 7 parsed: Chef Preserve Compact Vacuum Sealer for Food (Vacuum Sealer 
2026-07-27 05:49:52 | DEBUG    | scraper.parser | Product 8 parsed: Vitamix Ascent X4 Gourmet SmartPrep Kitchen System, Professi
2026-07-27 05:49:53 | DEBUG    | scraper.parser | Product 9 parsed: West Bend Mini Fridge Compact Refrigerator for Home Office o
2026-07-27 05:49:53 | DEBUG    | scraper.parser | Product 10 parsed: Megawise Electric Glass Kettle with Auto Shut-Off (1.8L)
2026-07-27 05:49:53 | DEBUG    | scraper.parser | Product 11 parsed: Hazel Quinn Glass And Stainless Steel Electric Kettle, 1.5 L
2026-07-27 05:49:53 | DEBUG    | scraper.parser | Product 12 parsed: All-in-One Blender & Food Processor, 10-in-1 Professional Bl
2026-07-27 05:49:53 | INFO     | scraper.search | Page 16: Extracted 12 products (total: 455)
2026-07-27 05:49:53 | DEBUG    | utils.resume | Progress saved: keyword='home appliances', last_completed_page=16
2026-07-27 05:49:53 | INFO     | scraper.search | ━━━ Scraping page 17 of 29 ━━━
2026-07-27 05:49:53 | INFO     | scraper.search | Navigating to page 17: https://www.amazon.com/s?k=home appliances&page=17
2026-07-27 05:49:58 | DEBUG    | scraper.search | Page 17 loaded successfully.
2026-07-27 05:49:58 | INFO     | scraper.parser | Found 12 product cards on the page.
2026-07-27 05:49:58 | DEBUG    | scraper.parser | Product 1 parsed: Vitamix 5200 Blender, Professional-Grade Blender for Smoothi
2026-07-27 05:49:58 | DEBUG    | scraper.parser | Product 2 parsed: Force of Nature Cleaner & Deodorizer Appliance Value Bundle 
2026-07-27 05:49:58 | DEBUG    | scraper.parser | Product 3 parsed: Dawn Ultra Dish Soap Refill Jug Large Size Original Blue Liq
2026-07-27 05:49:59 | DEBUG    | scraper.parser | Product 4 parsed: Dawn Powerwash Spray, Dish Soap, Dishwashing Liquid, Fresh, 
2026-07-27 05:49:59 | DEBUG    | scraper.parser | Product 5 parsed: Mecity 2 Slice Smart Touchscreen Toaster, Stainless Steel Wi
2026-07-27 05:49:59 | DEBUG    | scraper.parser | Product 6 parsed: Chef Preserve Compact Vacuum Sealer for Food (Vacuum Sealer 
2026-07-27 05:49:59 | DEBUG    | scraper.parser | Product 7 parsed: Vitamix Ascent X4 Gourmet SmartPrep Kitchen System, Professi
2026-07-27 05:49:59 | DEBUG    | scraper.parser | Product 8 parsed: West Bend Mini Fridge Compact Refrigerator for Home Office o
2026-07-27 05:49:59 | DEBUG    | scraper.parser | Product 9 parsed: Megawise Electric Glass Kettle with Auto Shut-Off (1.8L)
2026-07-27 05:49:59 | DEBUG    | scraper.parser | Product 10 parsed: Hazel Quinn Glass And Stainless Steel Electric Kettle, 1.5 L
2026-07-27 05:50:00 | DEBUG    | scraper.parser | Product 11 parsed: Azeus 1.8L Electric Kettle CX-817 - Fast Boil, Auto Shut-Off
2026-07-27 05:50:00 | DEBUG    | scraper.parser | Product 12 parsed: All-in-One Blender & Food Processor, 10-in-1 Professional Bl
2026-07-27 05:50:00 | INFO     | scraper.search | Page 17: Extracted 12 products (total: 467)
2026-07-27 05:50:00 | DEBUG    | utils.resume | Progress saved: keyword='home appliances', last_completed_page=17
2026-07-27 05:50:00 | INFO     | scraper.search | ━━━ Scraping page 18 of 29 ━━━
2026-07-27 05:50:00 | INFO     | scraper.search | Navigating to page 18: https://www.amazon.com/s?k=home appliances&page=18
2026-07-27 05:50:04 | DEBUG    | scraper.search | Page 18 loaded successfully.
2026-07-27 05:50:04 | INFO     | scraper.parser | Found 12 product cards on the page.
2026-07-27 05:50:04 | DEBUG    | scraper.parser | Product 1 parsed: Vitamix 5200 Blender, Professional-Grade Blender for Smoothi
2026-07-27 05:50:04 | DEBUG    | scraper.parser | Product 2 parsed: Force of Nature Cleaner & Deodorizer Appliance Value Bundle 
2026-07-27 05:50:04 | DEBUG    | scraper.parser | Product 3 parsed: Dawn Ultra Dish Soap Refill Jug Large Size Original Blue Liq
2026-07-27 05:50:04 | DEBUG    | scraper.parser | Product 4 parsed: Wobble Wedges Heavy Duty Leveling Shims – Made in the USA – 
2026-07-27 05:50:04 | DEBUG    | scraper.parser | Product 5 parsed: Mecity 2 Slice Smart Touchscreen Toaster, Stainless Steel Wi
2026-07-27 05:50:04 | DEBUG    | scraper.parser | Product 6 parsed: Chef Preserve Compact Vacuum Sealer for Food (Vacuum Sealer 
2026-07-27 05:50:05 | DEBUG    | scraper.parser | Product 7 parsed: Vitamix Ascent X4 Gourmet SmartPrep Kitchen System, Professi
2026-07-27 05:50:05 | DEBUG    | scraper.parser | Product 8 parsed: West Bend Mini Fridge Compact Refrigerator for Home Office o
2026-07-27 05:50:05 | DEBUG    | scraper.parser | Product 9 parsed: Megawise Electric Glass Kettle with Auto Shut-Off (1.8L)
2026-07-27 05:50:05 | DEBUG    | scraper.parser | Product 10 parsed: Hazel Quinn Glass And Stainless Steel Electric Kettle, 1.5 L
2026-07-27 05:50:05 | DEBUG    | scraper.parser | Product 11 parsed: Azeus 1.8L Electric Kettle CX-817 - Fast Boil, Auto Shut-Off
2026-07-27 05:50:05 | DEBUG    | scraper.parser | Product 12 parsed: All-in-One Blender & Food Processor, 10-in-1 Professional Bl
2026-07-27 05:50:05 | INFO     | scraper.search | Page 18: Extracted 12 products (total: 479)
2026-07-27 05:50:05 | DEBUG    | utils.resume | Progress saved: keyword='home appliances', last_completed_page=18
2026-07-27 05:50:05 | INFO     | scraper.search | ━━━ Scraping page 19 of 29 ━━━
2026-07-27 05:50:05 | INFO     | scraper.search | Navigating to page 19: https://www.amazon.com/s?k=home appliances&page=19
2026-07-27 05:50:10 | DEBUG    | scraper.search | Page 19 loaded successfully.
2026-07-27 05:50:10 | INFO     | scraper.parser | Found 12 product cards on the page.
2026-07-27 05:50:10 | DEBUG    | scraper.parser | Product 1 parsed: Vitamix 5200 Blender, Professional-Grade Blender for Smoothi
2026-07-27 05:50:10 | DEBUG    | scraper.parser | Product 2 parsed: Force of Nature Cleaner & Deodorizer Appliance Value Bundle 
2026-07-27 05:50:10 | DEBUG    | scraper.parser | Product 3 parsed: Dawn Ultra Dish Soap Refill Jug Large Size Original Blue Liq
2026-07-27 05:50:10 | DEBUG    | scraper.parser | Product 4 parsed: FOTILE JQG7507-W 30" Under Cabinet or Wall Mount Kitchen Ran
2026-07-27 05:50:10 | DEBUG    | scraper.parser | Product 5 parsed: Mecity 2 Slice Smart Touchscreen Toaster, Stainless Steel Wi
2026-07-27 05:50:10 | DEBUG    | scraper.parser | Product 6 parsed: Chef Preserve Compact Vacuum Sealer for Food (Vacuum Sealer 
2026-07-27 05:50:11 | DEBUG    | scraper.parser | Product 7 parsed: Vitamix Ascent X4 Gourmet SmartPrep Kitchen System, Professi
2026-07-27 05:50:11 | DEBUG    | scraper.parser | Product 8 parsed: West Bend Mini Fridge Compact Refrigerator for Home Office o
2026-07-27 05:50:11 | DEBUG    | scraper.parser | Product 9 parsed: Megawise Electric Glass Kettle with Auto Shut-Off (1.8L)
2026-07-27 05:50:11 | DEBUG    | scraper.parser | Product 10 parsed: Hazel Quinn Glass And Stainless Steel Electric Kettle, 1.5 L
2026-07-27 05:50:11 | DEBUG    | scraper.parser | Product 11 parsed: Azeus 1.8L Electric Kettle CX-817 - Fast Boil, Auto Shut-Off
2026-07-27 05:50:11 | DEBUG    | scraper.parser | Product 12 parsed: 4 Slice Toaster Touch Screen, Stainless Steel Toasters Digit
2026-07-27 05:50:11 | INFO     | scraper.search | Page 19: Extracted 12 products (total: 491)
2026-07-27 05:50:11 | DEBUG    | utils.resume | Progress saved: keyword='home appliances', last_completed_page=19
2026-07-27 05:50:11 | INFO     | scraper.search | ━━━ Scraping page 20 of 29 ━━━
2026-07-27 05:50:11 | INFO     | scraper.search | Navigating to page 20: https://www.amazon.com/s?k=home appliances&page=20
2026-07-27 05:50:15 | DEBUG    | scraper.search | Page 20 loaded successfully.
2026-07-27 05:50:15 | INFO     | scraper.parser | Found 12 product cards on the page.
2026-07-27 05:50:15 | DEBUG    | scraper.parser | Product 1 parsed: Vitamix 5200 Blender, Professional-Grade Blender for Smoothi
2026-07-27 05:50:15 | DEBUG    | scraper.parser | Product 2 parsed: Force of Nature Cleaner & Deodorizer Appliance Value Bundle 
2026-07-27 05:50:16 | DEBUG    | scraper.parser | Product 3 parsed: Dawn Ultra Dish Soap Refill Jug Large Size Original Blue Liq
2026-07-27 05:50:16 | DEBUG    | scraper.parser | Product 4 parsed: Wobble Wedges Heavy Duty Leveling Shims – Made in the USA – 
2026-07-27 05:50:16 | DEBUG    | scraper.parser | Product 5 parsed: Mecity 2 Slice Smart Touchscreen Toaster, Stainless Steel Wi
2026-07-27 05:50:16 | DEBUG    | scraper.parser | Product 6 parsed: Chef Preserve Compact Vacuum Sealer for Food (Vacuum Sealer 
2026-07-27 05:50:16 | DEBUG    | scraper.parser | Product 7 parsed: Vitamix Ascent X4 Gourmet SmartPrep Kitchen System, Professi
2026-07-27 05:50:16 | DEBUG    | scraper.parser | Product 8 parsed: West Bend Mini Fridge Compact Refrigerator for Home Office o
2026-07-27 05:50:16 | DEBUG    | scraper.parser | Product 9 parsed: Megawise Electric Glass Kettle with Auto Shut-Off (1.8L)
2026-07-27 05:50:16 | DEBUG    | scraper.parser | Product 10 parsed: Hazel Quinn Glass And Stainless Steel Electric Kettle, 1.5 L
2026-07-27 05:50:17 | DEBUG    | scraper.parser | Product 11 parsed: Azeus 1.8L Electric Kettle CX-817 - Fast Boil, Auto Shut-Off
2026-07-27 05:50:17 | DEBUG    | scraper.parser | Product 12 parsed: 4 Slice Toaster Touch Screen, Stainless Steel Toasters Digit
2026-07-27 05:50:17 | INFO     | scraper.search | Page 20: Extracted 12 products (total: 503)
2026-07-27 05:50:17 | DEBUG    | utils.resume | Progress saved: keyword='home appliances', last_completed_page=20
2026-07-27 05:50:17 | INFO     | scraper.search | ━━━ Scraping page 21 of 29 ━━━
2026-07-27 05:50:17 | INFO     | scraper.search | Navigating to page 21: https://www.amazon.com/s?k=home appliances&page=21
2026-07-27 05:50:20 | DEBUG    | scraper.search | Page 21 loaded successfully.
2026-07-27 05:50:20 | INFO     | scraper.parser | Found 12 product cards on the page.
2026-07-27 05:50:20 | DEBUG    | scraper.parser | Product 1 parsed: Vitamix 5200 Blender, Professional-Grade Blender for Smoothi
2026-07-27 05:50:20 | DEBUG    | scraper.parser | Product 2 parsed: Force of Nature Cleaner & Deodorizer Appliance Value Bundle 
2026-07-27 05:50:21 | DEBUG    | scraper.parser | Product 3 parsed: Dawn Ultra Dish Soap Refill Jug Large Size Original Blue Liq
2026-07-27 05:50:21 | DEBUG    | scraper.parser | Product 4 parsed: Wobble Wedges Heavy Duty Leveling Shims – Made in the USA – 
2026-07-27 05:50:21 | DEBUG    | scraper.parser | Product 5 parsed: Mecity 2 Slice Smart Touchscreen Toaster, Stainless Steel Wi
2026-07-27 05:50:21 | DEBUG    | scraper.parser | Product 6 parsed: Chef Preserve Compact Vacuum Sealer for Food (Vacuum Sealer 
2026-07-27 05:50:21 | DEBUG    | scraper.parser | Product 7 parsed: Vitamix Ascent X4 Gourmet SmartPrep Kitchen System, Professi
2026-07-27 05:50:21 | DEBUG    | scraper.parser | Product 8 parsed: West Bend Mini Fridge Compact Refrigerator for Home Office o
2026-07-27 05:50:21 | DEBUG    | scraper.parser | Product 9 parsed: Megawise Electric Glass Kettle with Auto Shut-Off (1.8L)
2026-07-27 05:50:21 | DEBUG    | scraper.parser | Product 10 parsed: Hazel Quinn Glass And Stainless Steel Electric Kettle, 1.5 L
2026-07-27 05:50:22 | DEBUG    | scraper.parser | Product 11 parsed: All-in-One Blender & Food Processor, 10-in-1 Professional Bl
2026-07-27 05:50:22 | DEBUG    | scraper.parser | Product 12 parsed: Le'raze 13-in-1 Vegetable Chopper Pro with Glass Container, 
2026-07-27 05:50:22 | INFO     | scraper.search | Page 21: Extracted 12 products (total: 515)
2026-07-27 05:50:22 | DEBUG    | utils.resume | Progress saved: keyword='home appliances', last_completed_page=21
2026-07-27 05:50:22 | INFO     | scraper.search | ━━━ Scraping page 22 of 29 ━━━
2026-07-27 05:50:22 | INFO     | scraper.search | Navigating to page 22: https://www.amazon.com/s?k=home appliances&page=22
2026-07-27 05:50:25 | DEBUG    | scraper.search | Page 22 loaded successfully.
2026-07-27 05:50:25 | INFO     | scraper.parser | Found 12 product cards on the page.
2026-07-27 05:50:25 | DEBUG    | scraper.parser | Product 1 parsed: Vitamix 5200 Blender, Professional-Grade Blender for Smoothi
2026-07-27 05:50:26 | DEBUG    | scraper.parser | Product 2 parsed: Force of Nature Cleaner & Deodorizer Appliance Value Bundle 
2026-07-27 05:50:26 | DEBUG    | scraper.parser | Product 3 parsed: Dawn Ultra Dish Soap Refill Jug Large Size Original Blue Liq
2026-07-27 05:50:26 | DEBUG    | scraper.parser | Product 4 parsed: Wobble Wedges Heavy Duty Leveling Shims – Made in the USA – 
2026-07-27 05:50:26 | DEBUG    | scraper.parser | Product 5 parsed: FOTILE JQG9007 36" Under Cabinet or Wall Mount Kitchen Range
2026-07-27 05:50:26 | DEBUG    | scraper.parser | Product 6 parsed: Mecity 2 Slice Smart Touchscreen Toaster, Stainless Steel Wi
2026-07-27 05:50:26 | DEBUG    | scraper.parser | Product 7 parsed: Chef Preserve Compact Vacuum Sealer for Food (Vacuum Sealer 
2026-07-27 05:50:26 | DEBUG    | scraper.parser | Product 8 parsed: 54" W Commercial Freezer with 2 door Stainless Steel 49 Cu. 
2026-07-27 05:50:27 | DEBUG    | scraper.parser | Product 9 parsed: Vitamix Ascent X4 Gourmet SmartPrep Kitchen System, Professi
2026-07-27 05:50:27 | DEBUG    | scraper.parser | Product 10 parsed: West Bend Mini Fridge Compact Refrigerator for Home Office o
2026-07-27 05:50:27 | DEBUG    | scraper.parser | Product 11 parsed: Megawise Electric Glass Kettle with Auto Shut-Off (1.8L)
2026-07-27 05:50:27 | DEBUG    | scraper.parser | Product 12 parsed: Azeus 1.8L Electric Kettle CX-817 - Fast Boil, Auto Shut-Off
2026-07-27 05:50:27 | INFO     | scraper.search | Page 22: Extracted 12 products (total: 527)
2026-07-27 05:50:27 | DEBUG    | utils.resume | Progress saved: keyword='home appliances', last_completed_page=22
2026-07-27 05:50:27 | INFO     | scraper.search | ━━━ Scraping page 23 of 29 ━━━
2026-07-27 05:50:27 | INFO     | scraper.search | Navigating to page 23: https://www.amazon.com/s?k=home appliances&page=23
2026-07-27 05:50:32 | DEBUG    | scraper.search | Page 23 loaded successfully.
2026-07-27 05:50:32 | INFO     | scraper.parser | Found 12 product cards on the page.
2026-07-27 05:50:32 | DEBUG    | scraper.parser | Product 1 parsed: Dawn Ultra Dish Soap Refill Jug Large Size Original Blue Liq
2026-07-27 05:50:32 | DEBUG    | scraper.parser | Product 2 parsed: Vitamix 5200 Blender, Professional-Grade Blender for Smoothi
2026-07-27 05:50:32 | DEBUG    | scraper.parser | Product 3 parsed: Dawn Powerwash Spray, Dish Soap, Dishwashing Liquid, Fresh, 
2026-07-27 05:50:32 | DEBUG    | scraper.parser | Product 4 parsed: Mecity 2 Slice Smart Touchscreen Toaster, Stainless Steel Wi
2026-07-27 05:50:33 | DEBUG    | scraper.parser | Product 5 parsed: Megawise Electric Glass Kettle with Auto Shut-Off (1.8L)
2026-07-27 05:50:33 | DEBUG    | scraper.parser | Product 6 parsed: Hazel Quinn Glass And Stainless Steel Electric Kettle, 1.5 L
2026-07-27 05:50:33 | DEBUG    | scraper.parser | Product 7 parsed: Azeus 1.8L Electric Kettle CX-817 - Fast Boil, Auto Shut-Off
2026-07-27 05:50:33 | DEBUG    | scraper.parser | Product 8 parsed: MEGAWISE 2L Electric Kettle, 1000W, BPA-Free Large Water Jug
2026-07-27 05:50:33 | DEBUG    | scraper.parser | Product 9 parsed: All-in-One Blender & Food Processor, 10-in-1 Professional Bl
2026-07-27 05:50:33 | DEBUG    | scraper.parser | Product 10 parsed: Commercial Blender 1800W Crush Ice & Frozen Fruit 3.5HP 3500
2026-07-27 05:50:33 | DEBUG    | scraper.parser | Product 11 parsed: Popsmith Popcorn Popper in Cream - 6 Quart Stovetop Popcorn 
2026-07-27 05:50:33 | DEBUG    | scraper.parser | Product 12 parsed: Viante Alba Electric Tea Kettle With Infuser, No Plastic, 1.
2026-07-27 05:50:33 | INFO     | scraper.search | Page 23: Extracted 12 products (total: 539)
2026-07-27 05:50:33 | DEBUG    | utils.resume | Progress saved: keyword='home appliances', last_completed_page=23
2026-07-27 05:50:33 | INFO     | scraper.search | ━━━ Scraping page 24 of 29 ━━━
2026-07-27 05:50:33 | INFO     | scraper.search | Navigating to page 24: https://www.amazon.com/s?k=home appliances&page=24
2026-07-27 05:50:39 | DEBUG    | scraper.search | Page 24 loaded successfully.
2026-07-27 05:50:39 | INFO     | scraper.parser | Found 12 product cards on the page.
2026-07-27 05:50:39 | DEBUG    | scraper.parser | Product 1 parsed: Vitamix 5200 Blender, Professional-Grade Blender for Smoothi
2026-07-27 05:50:39 | DEBUG    | scraper.parser | Product 2 parsed: Force of Nature Cleaner & Deodorizer Appliance Value Bundle 
2026-07-27 05:50:39 | DEBUG    | scraper.parser | Product 3 parsed: Dawn Ultra Dish Soap Refill Jug Large Size Original Blue Liq
2026-07-27 05:50:39 | DEBUG    | scraper.parser | Product 4 parsed: Dawn Powerwash Spray, Dish Soap, Dishwashing Liquid, Fresh, 
2026-07-27 05:50:39 | DEBUG    | scraper.parser | Product 5 parsed: Mecity 2 Slice Smart Touchscreen Toaster, Stainless Steel Wi
2026-07-27 05:50:39 | DEBUG    | scraper.parser | Product 6 parsed: Chef Preserve Compact Vacuum Sealer for Food (Vacuum Sealer 
2026-07-27 05:50:40 | DEBUG    | scraper.parser | Product 7 parsed: Megawise Electric Glass Kettle with Auto Shut-Off (1.8L)
2026-07-27 05:50:40 | DEBUG    | scraper.parser | Product 8 parsed: Azeus 1.8L Electric Kettle CX-817 - Fast Boil, Auto Shut-Off
2026-07-27 05:50:40 | DEBUG    | scraper.parser | Product 9 parsed: All-in-One Blender & Food Processor, 10-in-1 Professional Bl
2026-07-27 05:50:40 | DEBUG    | scraper.parser | Product 10 parsed: Commercial Blender 1800W Crush Ice & Frozen Fruit 3.5HP 3500
2026-07-27 05:50:40 | DEBUG    | scraper.parser | Product 11 parsed: Popsmith Popcorn Popper in Cream - 6 Quart Stovetop Popcorn 
2026-07-27 05:50:40 | DEBUG    | scraper.parser | Product 12 parsed: Viante Alba Electric Tea Kettle With Infuser, No Plastic, 1.
2026-07-27 05:50:40 | INFO     | scraper.search | Page 24: Extracted 12 products (total: 551)
2026-07-27 05:50:40 | DEBUG    | utils.resume | Progress saved: keyword='home appliances', last_completed_page=24
2026-07-27 05:50:40 | INFO     | scraper.search | ━━━ Scraping page 25 of 29 ━━━
2026-07-27 05:50:40 | INFO     | scraper.search | Navigating to page 25: https://www.amazon.com/s?k=home appliances&page=25
2026-07-27 05:50:43 | DEBUG    | scraper.search | Page 25 loaded successfully.
2026-07-27 05:50:43 | INFO     | scraper.parser | Found 12 product cards on the page.
2026-07-27 05:50:44 | DEBUG    | scraper.parser | Product 1 parsed: Vitamix 5200 Blender, Professional-Grade Blender for Smoothi
2026-07-27 05:50:44 | DEBUG    | scraper.parser | Product 2 parsed: Force of Nature Cleaner & Deodorizer Appliance Value Bundle 
2026-07-27 05:50:44 | DEBUG    | scraper.parser | Product 3 parsed: Dawn Ultra Dish Soap Refill Jug Large Size Original Blue Liq
2026-07-27 05:50:44 | DEBUG    | scraper.parser | Product 4 parsed: Wobble Wedges Heavy Duty Leveling Shims – Made in the USA – 
2026-07-27 05:50:44 | DEBUG    | scraper.parser | Product 5 parsed: FOTILE JQG7507-W 30" Under Cabinet or Wall Mount Kitchen Ran
2026-07-27 05:50:44 | DEBUG    | scraper.parser | Product 6 parsed: Mecity 2 Slice Smart Touchscreen Toaster, Stainless Steel Wi
2026-07-27 05:50:44 | DEBUG    | scraper.parser | Product 7 parsed: Chef Preserve Compact Vacuum Sealer for Food (Vacuum Sealer 
2026-07-27 05:50:44 | DEBUG    | scraper.parser | Product 8 parsed: Megawise Electric Glass Kettle with Auto Shut-Off (1.8L)
2026-07-27 05:50:45 | DEBUG    | scraper.parser | Product 9 parsed: Azeus 1.8L Electric Kettle CX-817 - Fast Boil, Auto Shut-Off
2026-07-27 05:50:45 | DEBUG    | scraper.parser | Product 10 parsed: All-in-One Blender & Food Processor, 10-in-1 Professional Bl
2026-07-27 05:50:45 | DEBUG    | scraper.parser | Product 11 parsed: Commercial Blender 1800W Crush Ice & Frozen Fruit 3.5HP 3500
2026-07-27 05:50:45 | DEBUG    | scraper.parser | Product 12 parsed: Popsmith Popcorn Popper in Cream - 6 Quart Stovetop Popcorn 
2026-07-27 05:50:45 | INFO     | scraper.search | Page 25: Extracted 12 products (total: 563)
2026-07-27 05:50:45 | DEBUG    | utils.resume | Progress saved: keyword='home appliances', last_completed_page=25
2026-07-27 05:50:45 | INFO     | scraper.search | ━━━ Scraping page 26 of 29 ━━━
2026-07-27 05:50:45 | INFO     | scraper.search | Navigating to page 26: https://www.amazon.com/s?k=home appliances&page=26
2026-07-27 05:50:49 | DEBUG    | scraper.search | Page 26 loaded successfully.
2026-07-27 05:50:49 | INFO     | scraper.parser | Found 12 product cards on the page.
2026-07-27 05:50:49 | DEBUG    | scraper.parser | Product 1 parsed: Vitamix 5200 Blender, Professional-Grade Blender for Smoothi
2026-07-27 05:50:49 | DEBUG    | scraper.parser | Product 2 parsed: Force of Nature Cleaner & Deodorizer Appliance Value Bundle 
2026-07-27 05:50:49 | DEBUG    | scraper.parser | Product 3 parsed: Dawn Ultra Dish Soap Refill Jug Large Size Original Blue Liq
2026-07-27 05:50:49 | DEBUG    | scraper.parser | Product 4 parsed: Wobble Wedges Heavy Duty Leveling Shims – Made in the USA – 
2026-07-27 05:50:49 | DEBUG    | scraper.parser | Product 5 parsed: Mecity 2 Slice Smart Touchscreen Toaster, Stainless Steel Wi
2026-07-27 05:50:49 | DEBUG    | scraper.parser | Product 6 parsed: Chef Preserve Compact Vacuum Sealer for Food (Vacuum Sealer 
2026-07-27 05:50:50 | DEBUG    | scraper.parser | Product 7 parsed: West Bend Mini Fridge Compact Refrigerator for Home Office o
2026-07-27 05:50:50 | DEBUG    | scraper.parser | Product 8 parsed: Megawise Electric Glass Kettle with Auto Shut-Off (1.8L)
2026-07-27 05:50:50 | DEBUG    | scraper.parser | Product 9 parsed: Azeus 1.8L Electric Kettle CX-817 - Fast Boil, Auto Shut-Off
2026-07-27 05:50:50 | DEBUG    | scraper.parser | Product 10 parsed: All-in-One Blender & Food Processor, 10-in-1 Professional Bl
2026-07-27 05:50:50 | DEBUG    | scraper.parser | Product 11 parsed: Commercial Blender 1800W Crush Ice & Frozen Fruit 3.5HP 3500
2026-07-27 05:50:50 | DEBUG    | scraper.parser | Product 12 parsed: Popsmith Popcorn Popper in Cream - 6 Quart Stovetop Popcorn 
2026-07-27 05:50:50 | INFO     | scraper.search | Page 26: Extracted 12 products (total: 575)
2026-07-27 05:50:50 | DEBUG    | utils.resume | Progress saved: keyword='home appliances', last_completed_page=26
2026-07-27 05:50:50 | INFO     | scraper.search | ━━━ Scraping page 27 of 29 ━━━
2026-07-27 05:50:50 | INFO     | scraper.search | Navigating to page 27: https://www.amazon.com/s?k=home appliances&page=27
2026-07-27 05:50:55 | DEBUG    | scraper.search | Page 27 loaded successfully.
2026-07-27 05:50:55 | INFO     | scraper.parser | Found 12 product cards on the page.
2026-07-27 05:50:55 | DEBUG    | scraper.parser | Product 1 parsed: Vitamix 5200 Blender, Professional-Grade Blender for Smoothi
2026-07-27 05:50:55 | DEBUG    | scraper.parser | Product 2 parsed: Dawn Ultra Dish Soap Refill Jug Large Size Original Blue Liq
2026-07-27 05:50:55 | DEBUG    | scraper.parser | Product 3 parsed: Dawn Powerwash Spray, Dish Soap, Dishwashing Liquid, Fresh, 
2026-07-27 05:50:55 | DEBUG    | scraper.parser | Product 4 parsed: Mecity 2 Slice Smart Touchscreen Toaster, Stainless Steel Wi
2026-07-27 05:50:55 | DEBUG    | scraper.parser | Product 5 parsed: Megawise Electric Glass Kettle with Auto Shut-Off (1.8L)
2026-07-27 05:50:55 | DEBUG    | scraper.parser | Product 6 parsed: West Bend Mini Fridge Compact Refrigerator for Home Office o
2026-07-27 05:50:55 | DEBUG    | scraper.parser | Product 7 parsed: Azeus 1.8L Electric Kettle CX-817 - Fast Boil, Auto Shut-Off
2026-07-27 05:50:56 | DEBUG    | scraper.parser | Product 8 parsed: All-in-One Blender & Food Processor, 10-in-1 Professional Bl
2026-07-27 05:50:56 | DEBUG    | scraper.parser | Product 9 parsed: Commercial Blender 1800W Crush Ice & Frozen Fruit 3.5HP 3500
2026-07-27 05:50:56 | DEBUG    | scraper.parser | Product 10 parsed: Popsmith Popcorn Popper in Cream - 6 Quart Stovetop Popcorn 
2026-07-27 05:50:56 | DEBUG    | scraper.parser | Product 11 parsed: Viante Alba Electric Tea Kettle With Infuser, No Plastic, 1.
2026-07-27 05:50:56 | DEBUG    | scraper.parser | Product 12 parsed: Electric Salt and Pepper Grinder Set, Automatic Salt Pepper 
2026-07-27 05:50:56 | INFO     | scraper.search | Page 27: Extracted 12 products (total: 587)
2026-07-27 05:50:56 | DEBUG    | utils.resume | Progress saved: keyword='home appliances', last_completed_page=27
2026-07-27 05:50:56 | INFO     | scraper.search | ━━━ Scraping page 28 of 29 ━━━
2026-07-27 05:50:56 | INFO     | scraper.search | Navigating to page 28: https://www.amazon.com/s?k=home appliances&page=28
2026-07-27 05:51:00 | DEBUG    | scraper.search | Page 28 loaded successfully.
2026-07-27 05:51:00 | INFO     | scraper.parser | Found 12 product cards on the page.
2026-07-27 05:51:00 | DEBUG    | scraper.parser | Product 1 parsed: Vitamix 5200 Blender, Professional-Grade Blender for Smoothi
2026-07-27 05:51:00 | DEBUG    | scraper.parser | Product 2 parsed: Force of Nature Cleaner & Deodorizer Appliance Value Bundle 
2026-07-27 05:51:00 | DEBUG    | scraper.parser | Product 3 parsed: My Chef Tools - Electric Salt and Pepper Grinder Set - Recha
2026-07-27 05:51:01 | DEBUG    | scraper.parser | Product 4 parsed: Dawn Ultra Dish Soap Refill Jug Large Size Original Blue Liq
2026-07-27 05:51:01 | DEBUG    | scraper.parser | Product 5 parsed: Mecity 2 Slice Smart Touchscreen Toaster, Stainless Steel Wi
2026-07-27 05:51:01 | DEBUG    | scraper.parser | Product 6 parsed: Chef Preserve Compact Vacuum Sealer for Food (Vacuum Sealer 
2026-07-27 05:51:01 | DEBUG    | scraper.parser | Product 7 parsed: Popsmith Popcorn Popper in Cream - 6 Quart Stovetop Popcorn 
2026-07-27 05:51:01 | DEBUG    | scraper.parser | Product 8 parsed: Vitamix Ascent X4 Gourmet SmartPrep Kitchen System, Professi
2026-07-27 05:51:01 | DEBUG    | scraper.parser | Product 9 parsed: West Bend Mini Fridge Compact Refrigerator for Home Office o
2026-07-27 05:51:01 | DEBUG    | scraper.parser | Product 10 parsed: Megawise Electric Glass Kettle with Auto Shut-Off (1.8L)
2026-07-27 05:51:01 | DEBUG    | scraper.parser | Product 11 parsed: All-in-One Blender & Food Processor, 10-in-1 Professional Bl
2026-07-27 05:51:02 | DEBUG    | scraper.parser | Product 12 parsed: Commercial Blender 1800W Crush Ice & Frozen Fruit 3.5HP 3500
2026-07-27 05:51:02 | INFO     | scraper.search | Page 28: Extracted 12 products (total: 599)
2026-07-27 05:51:02 | DEBUG    | utils.resume | Progress saved: keyword='home appliances', last_completed_page=28
2026-07-27 05:51:02 | INFO     | scraper.search | ━━━ Scraping page 29 of 29 ━━━
2026-07-27 05:51:02 | INFO     | scraper.search | Navigating to page 29: https://www.amazon.com/s?k=home appliances&page=29
2026-07-27 05:51:05 | DEBUG    | scraper.search | Page 29 loaded successfully.
2026-07-27 05:51:05 | INFO     | scraper.parser | Found 12 product cards on the page.
2026-07-27 05:51:05 | DEBUG    | scraper.parser | Product 1 parsed: Vitamix 5200 Blender, Professional-Grade Blender for Smoothi
2026-07-27 05:51:06 | DEBUG    | scraper.parser | Product 2 parsed: Force of Nature Cleaner & Deodorizer Appliance Value Bundle 
2026-07-27 05:51:06 | DEBUG    | scraper.parser | Product 3 parsed: Dawn Ultra Dish Soap Refill Jug Large Size Original Blue Liq
2026-07-27 05:51:06 | DEBUG    | scraper.parser | Product 4 parsed: Dawn Powerwash Spray, Dish Soap, Dishwashing Liquid, Fresh, 
2026-07-27 05:51:06 | DEBUG    | scraper.parser | Product 5 parsed: Mecity 2 Slice Smart Touchscreen Toaster, Stainless Steel Wi
2026-07-27 05:51:06 | DEBUG    | scraper.parser | Product 6 parsed: Chef Preserve Compact Vacuum Sealer for Food (Vacuum Sealer 
2026-07-27 05:51:06 | DEBUG    | scraper.parser | Product 7 parsed: Vitamix Ascent X4 Gourmet SmartPrep Kitchen System, Professi
2026-07-27 05:51:06 | DEBUG    | scraper.parser | Product 8 parsed: West Bend Mini Fridge Compact Refrigerator for Home Office o
2026-07-27 05:51:06 | DEBUG    | scraper.parser | Product 9 parsed: Megawise Electric Glass Kettle with Auto Shut-Off (1.8L)
2026-07-27 05:51:07 | DEBUG    | scraper.parser | Product 10 parsed: Azeus 1.8L Electric Kettle CX-817 - Fast Boil, Auto Shut-Off
2026-07-27 05:51:07 | DEBUG    | scraper.parser | Product 11 parsed: All-in-One Blender & Food Processor, 10-in-1 Professional Bl
2026-07-27 05:51:07 | DEBUG    | scraper.parser | Product 12 parsed: Commercial Blender 1800W Crush Ice & Frozen Fruit 3.5HP 3500
2026-07-27 05:51:07 | INFO     | scraper.search | Page 29: Extracted 12 products (total: 611)
2026-07-27 05:51:07 | DEBUG    | utils.resume | Progress saved: keyword='home appliances', last_completed_page=29
2026-07-27 05:51:07 | INFO     | scraper.search | Scraping complete. Total products extracted: 611
2026-07-27 05:51:07 | INFO     | __main__ | Scraping finished: 611 products extracted.
2026-07-27 05:51:07 | INFO     | filters.product_filter | No filters applied. All 611 products kept.
2026-07-27 05:51:07 | INFO     | exporters.csv_exporter | CSV export complete: 611 products saved to 'E:\Anas\internship\Week3\Amazon_Automation\output\results.csv'
2026-07-27 05:51:07 | INFO     | exporters.json_exporter | JSON export complete: 611 products saved to 'E:\Anas\internship\Week3\Amazon_Automation\output\results.json'
2026-07-27 05:51:07 | INFO     | exporters.sqlite_exporter | SQLite export complete: 611 products saved to 'E:\Anas\internship\Week3\Amazon_Automation\output\results.db' (0 skipped — no ASIN)
2026-07-27 05:51:07 | DEBUG    | utils.resume | Progress file cleared.
2026-07-27 05:51:07 | INFO     | __main__ | ------------------------------------------------------------
2026-07-27 05:51:07 | INFO     | __main__ | SCRAPE SUMMARY
2026-07-27 05:51:07 | INFO     | __main__ | ------------------------------------------------------------
2026-07-27 05:51:07 | INFO     | __main__ | Keyword:          home appliances
2026-07-27 05:51:07 | INFO     | __main__ | Pages scraped:    29
2026-07-27 05:51:07 | INFO     | __main__ | Products found:   611
2026-07-27 05:51:07 | INFO     | __main__ | After filtering:  611
2026-07-27 05:51:07 | INFO     | __main__ | Time elapsed:     228.4 seconds
2026-07-27 05:51:07 | INFO     | __main__ | CSV output:       E:\Anas\internship\Week3\Amazon_Automation\output\results.csv
2026-07-27 05:51:07 | INFO     | __main__ | JSON output:      E:\Anas\internship\Week3\Amazon_Automation\output\results.json
2026-07-27 05:51:07 | INFO     | __main__ | SQLite output:    E:\Anas\internship\Week3\Amazon_Automation\output\results.db
2026-07-27 05:51:07 | INFO     | __main__ | ============================================================
2026-07-27 05:51:07 | INFO     | __main__ | Scraping completed successfully!
2026-07-27 05:51:07 | INFO     | __main__ | ============================================================
2026-07-27 05:51:09 | INFO     | scraper.driver | Chrome WebDriver closed successfully.
2026-07-28 23:11:36 | INFO     | __main__ | ============================================================
2026-07-28 23:11:36 | INFO     | __main__ | Amazon Product Search Scraper — Starting
2026-07-28 23:11:36 | INFO     | __main__ | ============================================================
2026-07-28 23:11:36 | INFO     | __main__ | Keyword:    Table Tenis
2026-07-28 23:11:36 | INFO     | __main__ | Pages:      30
2026-07-28 23:11:36 | INFO     | __main__ | Headless:   False
2026-07-28 23:11:36 | INFO     | __main__ | Resume:     False
2026-07-28 23:11:36 | INFO     | __main__ | ------------------------------------------------------------
2026-07-28 23:11:36 | INFO     | scraper.driver | Initializing Chrome WebDriver (headless=False)...
2026-07-28 23:11:52 | ERROR    | scraper.driver | Failed to initialize Chrome WebDriver: Could not reach host. Are you offline?
2026-07-28 23:11:52 | ERROR    | __main__ | Fatal error: Could not reach host. Are you offline?
2026-07-28 23:11:52 | INFO     | __main__ | Progress has been saved. Use --resume to continue later.
2026-07-28 23:13:09 | INFO     | __main__ | ============================================================
2026-07-28 23:13:09 | INFO     | __main__ | Amazon Product Search Scraper — Starting
2026-07-28 23:13:09 | INFO     | __main__ | ============================================================
2026-07-28 23:13:09 | INFO     | __main__ | Keyword:    Table Tenis
2026-07-28 23:13:09 | INFO     | __main__ | Pages:      30
2026-07-28 23:13:09 | INFO     | __main__ | Headless:   False
2026-07-28 23:13:09 | INFO     | __main__ | Resume:     False
2026-07-28 23:13:09 | INFO     | __main__ | ------------------------------------------------------------
2026-07-28 23:13:09 | INFO     | scraper.driver | Initializing Chrome WebDriver (headless=False)...
2026-07-28 23:13:35 | INFO     | scraper.driver | Chrome WebDriver initialized successfully.
2026-07-28 23:13:35 | INFO     | scraper.search | Starting scrape: keyword='Table Tenis', pages 1 to 30
2026-07-28 23:13:35 | INFO     | scraper.search | ━━━ Scraping page 1 of 30 ━━━
2026-07-28 23:13:35 | INFO     | scraper.search | Navigating to Amazon homepage...
2026-07-28 23:13:38 | DEBUG    | scraper.search | Search input found. Typing keyword: 'Table Tenis'
2026-07-28 23:13:45 | INFO     | scraper.search | Search submitted for keyword: 'Table Tenis'
2026-07-28 23:13:46 | INFO     | scraper.parser | Found 60 product cards on the page.
2026-07-28 23:13:47 | DEBUG    | scraper.parser | Product 1 parsed: Table Tennis Robot with Net, Ping Pong Machine, Remote/App C
2026-07-28 23:13:47 | DEBUG    | scraper.parser | Product 2 parsed: Table Tennis Robot: APP Control 264 Drills, Portable Ping Po
2026-07-28 23:13:47 | DEBUG    | scraper.parser | Product 3 parsed: JOOLA Infinity Carbon Professional Ping Pong Paddles - Ergon
2026-07-28 23:13:47 | DEBUG    | scraper.parser | Product 4 parsed: PRO-SPIN Ping Pong Paddles - High-Performance Set with Premi
2026-07-28 23:13:47 | DEBUG    | scraper.parser | Product 5 parsed: FBSPORT Ping Pong Paddle Set, Portable Table Tennis Set with
2026-07-28 23:13:47 | DEBUG    | scraper.parser | Product 6 parsed: Ping Pong Table Foldable Table Tennis Table with Net, Table 
2026-07-28 23:13:47 | DEBUG    | scraper.parser | Product 7 parsed: PRO-SPIN Portable Ping Pong Set with Retractable Ping Pong N
2026-07-28 23:13:48 | DEBUG    | scraper.parser | Product 8 parsed: 6FT 72''x36'' Ping Pong Table Foldable Midsize Table Tennis 
2026-07-28 23:13:48 | DEBUG    | scraper.parser | Product 9 parsed: Glymnis Ping Pong Paddles Set of 4/2, 7-Ply Table Tennis Rac
2026-07-28 23:13:48 | DEBUG    | scraper.parser | Product 10 parsed: Table Tennis Set with Retractable Net, Portable Ping Pong Pa
2026-07-28 23:13:48 | DEBUG    | scraper.parser | Product 11 parsed: Ping Pong Trainer with Suction Base Table Tennis Training De
2026-07-28 23:13:48 | DEBUG    | scraper.parser | Product 12 parsed: PRO-SPIN Ping Pong Paddles – ITTF Approved Professional Tabl
2026-07-28 23:13:48 | DEBUG    | scraper.parser | Product 13 parsed: Pro Table Tennis Set, Retractable Net, Balls and Carry Case 
2026-07-28 23:13:48 | DEBUG    | scraper.parser | Product 14 parsed: Table Tennis Trainer, Adjustable Ping Pong Topspin Training 
2026-07-28 23:13:49 | DEBUG    | scraper.parser | Product 15 parsed: 6FT 72''x36'' Ping Pong Table Foldable Midsize Table Tennis 
2026-07-28 23:13:49 | DEBUG    | scraper.parser | Product 16 parsed: 4.5/6ft/9ft Mid-Size Portable Ping Pong Tables Set, Foldable
2026-07-28 23:13:51 | DEBUG    | scraper.parser | Product 17 parsed: STIGA Pro Carbon + Raptor Performance-Level Table Tennis Rac
2026-07-28 23:13:52 | DEBUG    | scraper.parser | Product 18 parsed: 4.5/6ft/9ft Mid-Size Portable Ping Pong Tables Set, Foldable
2026-07-28 23:13:52 | DEBUG    | scraper.parser | Product 19 parsed: Retractable Table Tennis Set, 2 Rackets with Wooden Handles,
2026-07-28 23:13:52 | DEBUG    | scraper.parser | Product 20 parsed: D-Xam Ping Pong Balls, 3 Star Orange or White Table Tennis B
2026-07-28 23:13:53 | DEBUG    | scraper.parser | Product 21 parsed: Ping Pong Net, Table Tennis Net Replacement Standard 70.9" x
2026-07-28 23:13:53 | DEBUG    | scraper.parser | Product 22 parsed: Table Tennis Ball Catch Net, Ping-Pong Ball Recycling Net, D
2026-07-28 23:13:53 | DEBUG    | scraper.parser | Product 23 parsed: RAYKEEP Mini Foldable Ping Pong Table Top, 48" Portable Tabl
2026-07-28 23:13:53 | DEBUG    | scraper.parser | Product 24 parsed: STIGA Performance 2 or 4 Player Table Tennis Set – USATT App
2026-07-28 23:13:54 | DEBUG    | scraper.parser | Product 25 parsed: Franklin Sports Table Tennis to Go Portable Ping Pong Set - 
2026-07-28 23:13:54 | DEBUG    | scraper.parser | Product 26 parsed: STIGA Premium 2‑Player Table Tennis Set – Includes 2 ITTF Ap
2026-07-28 23:13:54 | DEBUG    | scraper.parser | Product 27 parsed: JOOLA Duo Pro Ping Pong Paddles Set of 2 - Professional Tabl
2026-07-28 23:13:54 | DEBUG    | scraper.parser | Product 28 parsed: STIGA Carbon+ Bundle Ping Pong Paddle Set – 7-ply Extra Ligh
2026-07-28 23:13:54 | DEBUG    | scraper.parser | Product 29 parsed: FBSPORT Ping Pong Paddle Set, Table Tennis Set with 4 Racket
2026-07-28 23:13:55 | DEBUG    | scraper.parser | Product 30 parsed: JOOLA Training 3 Star Table Tennis Balls - 40+mm Regulation 
2026-07-28 23:13:55 | DEBUG    | scraper.parser | Product 31 parsed: PRO-SPIN Ping Pong Paddles - High-Performance Set with Premi
2026-07-28 23:13:55 | DEBUG    | scraper.parser | Product 32 parsed: PRO-SPIN Ping Pong Paddles - High-Performance Set with Premi
2026-07-28 23:13:55 | DEBUG    | scraper.parser | Product 33 parsed: PRO-SPIN Ping Pong Paddles – ITTF Approved Professional Tabl
2026-07-28 23:13:56 | DEBUG    | scraper.parser | Product 34 parsed: Portable Ping Pong Paddles Set of 2 with Table Tennis Net an
2026-07-28 23:13:56 | DEBUG    | scraper.parser | Product 35 parsed: Ping Pong Paddle Set with Rackets, Net, Balls & Carry Case f
2026-07-28 23:13:56 | DEBUG    | scraper.parser | Product 36 parsed: JP WinLook Ping Pong Paddles Sets - Portable Table Tennis Pa
2026-07-28 23:13:56 | DEBUG    | scraper.parser | Product 37 parsed: STIGA Pro Carbon + Raptor Performance-Level Table Tennis Rac
2026-07-28 23:13:57 | DEBUG    | scraper.parser | Product 38 parsed: FBSPORT Ping Pong Paddle Set, Portable Table Tennis Set with
2026-07-28 23:13:57 | DEBUG    | scraper.parser | Product 39 parsed: JOOLA Training 3 Star Table Tennis Balls - 40+mm Regulation 
2026-07-28 23:13:57 | DEBUG    | scraper.parser | Product 40 parsed: PRO-SPIN Ping Pong Balls - 3-Star Premium Orange Table Tenni
2026-07-28 23:13:57 | DEBUG    | scraper.parser | Product 41 parsed: PRO-SPIN Ping Pong Paddles – ITTF Approved Professional Tabl
2026-07-28 23:13:57 | DEBUG    | scraper.parser | Product 42 parsed: PRO-SPIN Ping Pong Paddles – ITTF Approved Professional Tabl
2026-07-28 23:13:58 | DEBUG    | scraper.parser | Product 43 parsed: STIGA Pro Carbon + Raptor Performance-Level Table Tennis Rac
2026-07-28 23:13:58 | DEBUG    | scraper.parser | Product 44 parsed: NITTAKU 3-Star Premium Table Tennis Balls
2026-07-28 23:13:58 | DEBUG    | scraper.parser | Product 45 parsed: Table Tennis Robot: APP Control 264 Drills, Portable Ping Po
2026-07-28 23:13:58 | DEBUG    | scraper.parser | Product 46 parsed: EastPoint Sports Hyper Pong 4-Way Table Tennis - Four Square
2026-07-28 23:13:58 | DEBUG    | scraper.parser | Product 47 parsed: JOOLA Infinity Carbon Professional Ping Pong Paddles - Ergon
2026-07-28 23:13:59 | DEBUG    | scraper.parser | Product 48 parsed: JOOLA Family Premium Ping Pong Paddles Set of 4 - Advanced T
2026-07-28 23:13:59 | DEBUG    | scraper.parser | Product 49 parsed: Professional Ping Pong Paddles Set of 2/4 with Table Tennis 
2026-07-28 23:13:59 | DEBUG    | scraper.parser | Product 50 parsed: JOOLA Advanced Premium Ping Pong Paddles Set of 4 - Professi
2026-07-28 23:13:59 | DEBUG    | scraper.parser | Product 51 parsed: MAPOL 50 White 3-Star Table Tennis Ball Premium Training Pin
2026-07-28 23:13:59 | DEBUG    | scraper.parser | Product 52 parsed: Anywhere Sports - Portable Trampoline Ping Pong Table Tennis
2026-07-28 23:14:00 | DEBUG    | scraper.parser | Product 53 parsed: Franklin Sports Ping Pong Paddle Set with Balls - 2 Player &
2026-07-28 23:14:00 | DEBUG    | scraper.parser | Product 54 parsed: iPong V300 Table Tennis Training Robot - Serves 40mm Regulat
2026-07-28 23:14:00 | DEBUG    | scraper.parser | Product 55 parsed: TRICKPLAY Professional Ping Pong Net for Any Table | Portabl
2026-07-28 23:14:00 | DEBUG    | scraper.parser | Product 56 parsed: JOOLA Infinity Carbon Professional Table Tennis Paddle with 
2026-07-28 23:14:00 | DEBUG    | scraper.parser | Product 57 parsed: ESPN Ping Pong Set, Table Tennis Ideal for Family Games and 
2026-07-28 23:14:01 | DEBUG    | scraper.parser | Product 58 parsed: JOOLA Essentials Duel 2-Player Table Tennis Paddle Set with 
2026-07-28 23:14:01 | DEBUG    | scraper.parser | Product 59 parsed: JOOLA Infinity GL Professional Ping Pong Paddles with Paddle
2026-07-28 23:14:01 | DEBUG    | scraper.parser | Product 60 parsed: JOOLA Table Tennis Bat Infinity ITTF Approved Professional C
2026-07-28 23:14:01 | INFO     | scraper.search | Page 1: Extracted 60 products (total: 60)
2026-07-28 23:14:01 | DEBUG    | utils.resume | Progress saved: keyword='Table Tenis', last_completed_page=1
2026-07-28 23:14:01 | INFO     | scraper.search | ━━━ Scraping page 2 of 30 ━━━
2026-07-28 23:14:01 | INFO     | scraper.search | Navigating to page 2: https://www.amazon.com/s?k=Table Tenis&page=2
2026-07-28 23:14:08 | DEBUG    | scraper.search | Page 2 loaded successfully.
2026-07-28 23:14:08 | INFO     | scraper.parser | Found 60 product cards on the page.
2026-07-28 23:14:08 | DEBUG    | scraper.parser | Product 1 parsed: Table Tennis Robot with Net, Ping Pong Machine, Remote/App C
2026-07-28 23:14:09 | DEBUG    | scraper.parser | Product 2 parsed: Table Tennis Robot: APP Control 264 Drills, Portable Ping Po
2026-07-28 23:14:09 | DEBUG    | scraper.parser | Product 3 parsed: JOOLA Retractable Ping Pong Net for Any Table - Portable Tab
2026-07-28 23:14:09 | DEBUG    | scraper.parser | Product 4 parsed: D-Xam Ping Pong Balls, 3 Star Orange or White Table Tennis B
2026-07-28 23:14:09 | DEBUG    | scraper.parser | Product 5 parsed: Table Tennis Robot with Net, Ping Pong Machine, Remote/App C
2026-07-28 23:14:09 | DEBUG    | scraper.parser | Product 6 parsed: Butterfly Viscaria Super ALC FL Blade
2026-07-28 23:14:10 | DEBUG    | scraper.parser | Product 7 parsed: STIGA Cybershape Lite Ping Pong Paddle – Beginner Table Tenn
2026-07-28 23:14:10 | DEBUG    | scraper.parser | Product 8 parsed: Senston Table Tennis Rackets Set,Professional Ping Pong Padd
2026-07-28 23:14:10 | DEBUG    | scraper.parser | Product 9 parsed: Hathaway Spartan 6 Ft Pool Table, with Ping Pong Multi Game 
2026-07-28 23:14:10 | DEBUG    | scraper.parser | Product 10 parsed: JOOLA iPong Carbon Fiber Table Tennis Ball Catch Net - Pract
2026-07-28 23:14:11 | DEBUG    | scraper.parser | Product 11 parsed: PRO-SPIN Ping Pong Paddles - High-Performance Set with Premi
2026-07-28 23:14:11 | DEBUG    | scraper.parser | Product 12 parsed: Pro Table Tennis Set, Retractable Net, Balls and Carry Case 
2026-07-28 23:14:11 | DEBUG    | scraper.parser | Product 13 parsed: Professional Ping Pong Paddle with ITTF Rubber and Carrying 
2026-07-28 23:14:11 | DEBUG    | scraper.parser | Product 14 parsed: Butterfly Innerforce Layer ALC Shakehand Table Tennis Blade
2026-07-28 23:14:11 | DEBUG    | scraper.parser | Product 15 parsed: STIGA Cybershape Eclipse Ping Pong Paddle – Professional Per
2026-07-28 23:14:12 | DEBUG    | scraper.parser | Product 16 parsed: Pepper Pong Ping Pong, Reinvented | Any Surface, Indoor or O
2026-07-28 23:14:12 | DEBUG    | scraper.parser | Product 17 parsed: Retractable Table Tennis Set, 2 Rackets with Wooden Handles,
2026-07-28 23:14:12 | DEBUG    | scraper.parser | Product 18 parsed: Flow Table Tennis Set 2 Performance Ping Pong Paddles with 2
2026-07-28 23:14:12 | DEBUG    | scraper.parser | Product 19 parsed: Ping Pong Paddles Set of 4, Ping Pong Paddles and Balls, Tab
2026-07-28 23:14:12 | DEBUG    | scraper.parser | Product 20 parsed: Liliful Table Tennis Rackets Set with Table Tennis Balls and
2026-07-28 23:14:13 | DEBUG    | scraper.parser | Product 21 parsed: STIGA Ping Pong Paddles - 2mm Tournament-Approved Sponge - F
2026-07-28 23:14:13 | DEBUG    | scraper.parser | Product 22 parsed: Butterfly Dignics 09C Table Tennis Rubber
2026-07-28 23:14:13 | DEBUG    | scraper.parser | Product 23 parsed: STIGA Flow Outdoor 2-Player Table Tennis Set Includes Two Ou
2026-07-28 23:14:13 | DEBUG    | scraper.parser | Product 24 parsed: Pro Table Tennis Set, Retractable Net, Balls and Carry Case 
2026-07-28 23:14:13 | DEBUG    | scraper.parser | Product 25 parsed: FBSPORT Ping Pong Paddle Set, Table Tennis Set with 4 Racket
2026-07-28 23:14:14 | DEBUG    | scraper.parser | Product 26 parsed: Abco Tech Table Tennis Set - Ping Pong Paddles and Balls for
2026-07-28 23:14:14 | DEBUG    | scraper.parser | Product 27 parsed: JOOLA Infinity Overdrive - Professional Performance Ping Pon
2026-07-28 23:14:14 | DEBUG    | scraper.parser | Product 28 parsed: FBSPORT Ping Pong Paddle Set, Portable Table Tennis Set with
2026-07-28 23:14:14 | DEBUG    | scraper.parser | Product 29 parsed: WOOWAVE Floating Ping Pong Table for Pool Party, Pool Ping P
2026-07-28 23:14:15 | DEBUG    | scraper.parser | Product 30 parsed: DHS Ping Pong Paddles,Table Tennis Racket with Hurricane 3 H
2026-07-28 23:14:15 | DEBUG    | scraper.parser | Product 31 parsed: Butterfly Dignics 05 Table Tennis Rubber
2026-07-28 23:14:15 | DEBUG    | scraper.parser | Product 32 parsed: JOOLA Premium Avanti Table Tennis Net and Post Set - Portabl
2026-07-28 23:14:16 | DEBUG    | scraper.parser | Product 33 parsed: JOOLA Duo Carbon Ping Pong Paddles Set of 2 - Professional T
2026-07-28 23:14:16 | DEBUG    | scraper.parser | Product 34 parsed: JOOLA Outdoor Ping Pong Table Cover Fits Both Folding & Flat
2026-07-28 23:14:16 | DEBUG    | scraper.parser | Product 35 parsed: TINOS Premium Table Tennis Net & Post | Pro Screw Clamp Ping
2026-07-28 23:14:17 | DEBUG    | scraper.parser | Product 36 parsed: Ping Pong Paddle Set with Rackets, Balls & Carry Case for Ta
2026-07-28 23:14:17 | DEBUG    | scraper.parser | Product 37 parsed: Stiga 3-Star Table Tennis Balls
2026-07-28 23:14:17 | DEBUG    | scraper.parser | Product 38 parsed: Ping Pong Paddles, Ping Pong Paddles Set of 2, Includes Padd
2026-07-28 23:14:17 | DEBUG    | scraper.parser | Product 39 parsed: Ping Pong Paddles Set of 4, Ping Pong Paddles and Balls, Tab
2026-07-28 23:14:18 | DEBUG    | scraper.parser | Product 40 parsed: Junkin 8 Pieces Table Tennis Paddles Kit Professional Racket
2026-07-28 23:14:18 | DEBUG    | scraper.parser | Product 41 parsed: Poolmaster Floating Table Tennis Game Toy
2026-07-28 23:14:18 | DEBUG    | scraper.parser | Product 42 parsed: JOOLA Carbon Control Performance Ping Pong Paddles - Ergonom
2026-07-28 23:14:18 | DEBUG    | scraper.parser | Product 43 parsed: Flow Table Tennis Set 2 Performance Ping Pong Paddles with 2
2026-07-28 23:14:19 | DEBUG    | scraper.parser | Product 44 parsed: WAYMARK Table Tennis Robot Machine Ping Pong Robot with Net 
2026-07-28 23:14:19 | DEBUG    | scraper.parser | Product 45 parsed: JOOLA Premium Inside Table Tennis Net and Post Set - Portabl
2026-07-28 23:14:19 | DEBUG    | scraper.parser | Product 46 parsed: JOOLA Omega Control - Tournament Performance Ping Pong Paddl
2026-07-28 23:14:19 | DEBUG    | scraper.parser | Product 47 parsed: Butterfly Tenergy 05 Table Tennis Rubber | 1.7, 1.9, or 2.1 
2026-07-28 23:14:20 | DEBUG    | scraper.parser | Product 48 parsed: MD Sports Table Tennis Tables Multiple Styles Ping Pong Tabl
2026-07-28 23:14:20 | DEBUG    | scraper.parser | Product 49 parsed: Senston Table Tennis Rackets Set, Professional Table Tennis 
2026-07-28 23:14:20 | DEBUG    | scraper.parser | Product 50 parsed: Butterfly Lezoline Rifones Shoes - Professional Table Tennis
2026-07-28 23:14:20 | DEBUG    | scraper.parser | Product 51 parsed: Table Tennis Ball Picker Retractable Ping Pong Ball Collecto
2026-07-28 23:14:20 | DEBUG    | scraper.parser | Product 52 parsed: Butterfly Dignics 09C Table Tennis Rubber
2026-07-28 23:14:21 | DEBUG    | scraper.parser | Product 53 parsed: JOOLA Quattro Ping Pong Paddles Set of 4 - Includes 10 Advan
2026-07-28 23:14:21 | DEBUG    | scraper.parser | Product 54 parsed: iPong Original Table Tennis Trainer Robot,Black, Orange
2026-07-28 23:14:21 | DEBUG    | scraper.parser | Product 55 parsed: PRO-SPIN Retractable Ping Pong Net – 72" Table Tennis Net wi
2026-07-28 23:14:21 | DEBUG    | scraper.parser | Product 56 parsed: DHS Hurricane 3-NEO Table Tennis Rubber Sheet, Professional 
2026-07-28 23:14:22 | DEBUG    | scraper.parser | Product 57 parsed: Guirnd 28 Pcs 40mm Ping Pong Balls for Table Tennis, Games, 
2026-07-28 23:14:22 | DEBUG    | scraper.parser | Product 58 parsed: STIGA 24pk 3-Star Ping Pong Balls - USATT Approved Tournamen
2026-07-28 23:14:22 | DEBUG    | scraper.parser | Product 59 parsed: Inferno Table Tennis Paddle – Ply Carbon Blade Ping Pong Pad
2026-07-28 23:14:22 | DEBUG    | scraper.parser | Product 60 parsed: Palio Expert 3.0 Table Tennis Racket & Case | ITTF Approved 
2026-07-28 23:14:22 | INFO     | scraper.search | Page 2: Extracted 60 products (total: 120)
2026-07-28 23:14:22 | DEBUG    | utils.resume | Progress saved: keyword='Table Tenis', last_completed_page=2
2026-07-28 23:14:22 | INFO     | scraper.search | ━━━ Scraping page 3 of 30 ━━━
2026-07-28 23:14:22 | INFO     | scraper.search | Navigating to page 3: https://www.amazon.com/s?k=Table Tenis&page=3
2026-07-28 23:14:27 | DEBUG    | scraper.search | Page 3 loaded successfully.
2026-07-28 23:14:27 | INFO     | scraper.parser | Found 60 product cards on the page.
2026-07-28 23:14:28 | DEBUG    | scraper.parser | Product 1 parsed: Ping Pong Net, Table Tennis Net Replacement Standard 70.9" x
2026-07-28 23:14:28 | DEBUG    | scraper.parser | Product 2 parsed: D-Xam Ping Pong Balls, 3 Star Orange or White Table Tennis B
2026-07-28 23:14:28 | DEBUG    | scraper.parser | Product 3 parsed: Table Tennis Ball Catch Net, Ping-Pong Ball Recycling Net, D
2026-07-28 23:14:28 | DEBUG    | scraper.parser | Product 4 parsed: PRO-SPIN Ping Pong Paddles - High-Performance Set with Premi
2026-07-28 23:14:29 | DEBUG    | scraper.parser | Product 5 parsed: JOOLA Quattro Ping Pong Paddles Set of 4 - Includes 10 Advan
2026-07-28 23:14:29 | DEBUG    | scraper.parser | Product 6 parsed: Palio Expert 3.0 Table Tennis Racket & Case | ITTF Approved 
2026-07-28 23:14:29 | DEBUG    | scraper.parser | Product 7 parsed: Table Tennis Ball Picker Retractable Ping Pong Ball Collecto
2026-07-28 23:14:29 | DEBUG    | scraper.parser | Product 8 parsed: PRO-SPIN Retractable Ping Pong Net – 72" Table Tennis Net wi
2026-07-28 23:14:30 | DEBUG    | scraper.parser | Product 9 parsed: Guirnd 28 Pcs 40mm Ping Pong Balls for Table Tennis, Games, 
2026-07-28 23:14:30 | DEBUG    | scraper.parser | Product 10 parsed: PRO-SPIN High-Performance Ping Pong Balls (12/24/60 Pack Siz
2026-07-28 23:14:30 | DEBUG    | scraper.parser | Product 11 parsed: JOOLA Infinity Balance - Advanced Performance Ping Pong Padd
2026-07-28 23:14:30 | DEBUG    | scraper.parser | Product 12 parsed: EastPoint Sports Everywhere Table Tennis Net & Paddle Set - 
2026-07-28 23:14:30 | DEBUG    | scraper.parser | Product 13 parsed: Abco Tech Table Tennis Set - Ping Pong Paddles and Balls for
2026-07-28 23:14:31 | DEBUG    | scraper.parser | Product 14 parsed: STIGA Pro Carbon Plus Cybershape Truls Edition Table Tennis 
2026-07-28 23:14:31 | DEBUG    | scraper.parser | Product 15 parsed: Ping Pong Paddles Set of 4 Premium Table Tennis Rackets 3-St
2026-07-28 23:14:31 | DEBUG    | scraper.parser | Product 16 parsed: WinnerWhy 2026 Upgrade Heavy Duty Pool Table Tennis Floating
2026-07-28 23:14:31 | DEBUG    | scraper.parser | Product 17 parsed: Retractable Table Tennis Set, 2 Rackets with Wooden Handles,
2026-07-28 23:14:32 | DEBUG    | scraper.parser | Product 18 parsed: Flow Table Tennis Set 2 Performance Ping Pong Paddles with 2
2026-07-28 23:14:32 | DEBUG    | scraper.parser | Product 19 parsed: Junkin 8 Pieces Table Tennis Paddles Kit Professional Racket
2026-07-28 23:14:32 | DEBUG    | scraper.parser | Product 20 parsed: JOOLA Snapper Professional Table Tennis Net and Post Set - P
2026-07-28 23:14:32 | DEBUG    | scraper.parser | Product 21 parsed: Butterfly Rozena Table Tennis Rubber
2026-07-28 23:14:33 | DEBUG    | scraper.parser | Product 22 parsed: Fastarc G-1 by Nittaku
2026-07-28 23:14:33 | DEBUG    | scraper.parser | Product 23 parsed: Killerspin Jet 600 Spin N2 Ping Pong Racket – Advanced Table
2026-07-28 23:14:33 | DEBUG    | scraper.parser | Product 24 parsed: Pro Table Tennis Set, Retractable Net, Balls and Carry Case 
2026-07-28 23:14:33 | DEBUG    | scraper.parser | Product 25 parsed: GoSports 6 x 3 ft Mid-Size Table Tennis Table Set with Adjus
2026-07-28 23:14:34 | DEBUG    | scraper.parser | Product 26 parsed: Abco Tech Table Tennis Set - Ping Pong Paddles and Balls for
2026-07-28 23:14:34 | DEBUG    | scraper.parser | Product 27 parsed: Table Tennis Robot: APP Control 264 Drills, Portable Ping Po
2026-07-28 23:14:34 | DEBUG    | scraper.parser | Product 28 parsed: JOOLA Match Pro Performance Ping Pong Paddles - Ergonomic Gr
2026-07-28 23:14:34 | DEBUG    | scraper.parser | Product 29 parsed: Killerspin Diamond TC Ping Pong Paddle, Advanced Table Tenni
2026-07-28 23:14:35 | DEBUG    | scraper.parser | Product 30 parsed: DHS Ping Pong Paddles Professional Level Table Tennis Racket
2026-07-28 23:14:35 | DEBUG    | scraper.parser | Product 31 parsed: PRO-SPIN Ping Pong Balls – 3-Star ITTF-Approved Premium Tabl
2026-07-28 23:14:35 | DEBUG    | scraper.parser | Product 32 parsed: Junkin 12 Pcs Table Tennis Paddle Set Professional Rackets S
2026-07-28 23:14:35 | DEBUG    | scraper.parser | Product 33 parsed: Champion Sports Champion Sports Table Tennis Net
2026-07-28 23:14:35 | DEBUG    | scraper.parser | Product 34 parsed: Hanaive 100 Pack Table Tennis Balls Multi Colored 40mm Plast
2026-07-28 23:14:36 | DEBUG    | scraper.parser | Product 35 parsed: Ping Pong Paddles, Ping Pong Paddles Set of 2, Includes Padd
2026-07-28 23:14:36 | DEBUG    | scraper.parser | Product 36 parsed: Hanging Table Tennis Trainer with Doorway Clip Ping Pong Pad
2026-07-28 23:14:36 | DEBUG    | scraper.parser | Product 37 parsed: Senston Professional Table Tennis Paddles Advance Intermedia
2026-07-28 23:14:36 | DEBUG    | scraper.parser | Product 38 parsed: MAPOL 100 Counts 3-Star Orange Practice Ping Pong Balls Adva
2026-07-28 23:14:37 | DEBUG    | scraper.parser | Product 39 parsed: MAPOL 200 Count Table Tennis Balls, 3 Star Advanced Training
2026-07-28 23:14:37 | DEBUG    | scraper.parser | Product 40 parsed: Palio Master 3.0 Table Tennis Bat & Case | ITTF-Approved Int
2026-07-28 23:14:37 | DEBUG    | scraper.parser | Product 41 parsed: 2‑Player Ping Pong Paddles Set with Table Tennis Net, Balls 
2026-07-28 23:14:37 | DEBUG    | scraper.parser | Product 42 parsed: Franklin Sports 1 Star Table Tennis Balls (Pack of 12), 40 m
2026-07-28 23:14:37 | DEBUG    | scraper.parser | Product 43 parsed: 2 Pcs 92" x 27.5" Table Tennis Baffle Barrier Table Tennis F
2026-07-28 23:14:38 | DEBUG    | scraper.parser | Product 44 parsed: Cannon Sports Unbreakable Table Tennis Paddles - Waterproof 
2026-07-28 23:14:38 | DEBUG    | scraper.parser | Product 45 parsed: Butterfly Timo Boll CAF Table Tennis Blade - CA Fiber Blade 
2026-07-28 23:14:38 | DEBUG    | scraper.parser | Product 46 parsed: Velocity Table Tennis Paddle Set – 2 Ping Pong Rackets with 
2026-07-28 23:14:38 | DEBUG    | scraper.parser | Product 47 parsed: Butterfly Timo Boll ALC Table Tennis Blade - Arylate-Carbon 
2026-07-28 23:14:38 | DEBUG    | scraper.parser | Product 48 parsed: JOOLA Carbon Pro Professional Ping Pong Paddle - Racket with
2026-07-28 23:14:39 | DEBUG    | scraper.parser | Product 49 parsed: Sportout Ping Pong Paddles Sets-Portable Table Tennis Paddle
2026-07-28 23:14:39 | DEBUG    | scraper.parser | Product 50 parsed: STIGA Ping Pong Paddle Cover – Padded Table Tennis Racket Ca
2026-07-28 23:14:39 | DEBUG    | scraper.parser | Product 51 parsed: Nittaku NR8702 Table Tennis Rubber Fastark G-1 Soft Back Ten
2026-07-28 23:14:39 | DEBUG    | scraper.parser | Product 52 parsed: The Peace Maker ALC - Professional Ping Pong Paddle - Carbon
2026-07-28 23:14:40 | DEBUG    | scraper.parser | Product 53 parsed: Butterfly Lezoline Reiss Shoes - Athletic Indoor Competition
2026-07-28 23:14:40 | DEBUG    | scraper.parser | Product 54 parsed: EastPoint Ping Pong Paddle Set, 4 Paddles, 6 Balls, Outdoor 
2026-07-28 23:14:40 | DEBUG    | scraper.parser | Product 55 parsed: Butterfly Viscaria Table Tennis Blade - Butterfly ALC Blade 
2026-07-28 23:14:40 | DEBUG    | scraper.parser | Product 56 parsed: Beita Sports Table Tennis-Badminton-Shoes Volleyball Shoes P
2026-07-28 23:14:40 | DEBUG    | scraper.parser | Product 57 parsed: DHS Ping Pong Paddles with Fabric Paddle Cover Case，Sticky R
2026-07-28 23:14:41 | DEBUG    | scraper.parser | Product 58 parsed: Butterfly Harimoto Tomokazu 2000 Shakehand Table Tennis Rack
2026-07-28 23:14:41 | DEBUG    | scraper.parser | Product 59 parsed: Dynasty Extra Penhold Table Tennis Racket & Case - ITTF Appr
2026-07-28 23:14:41 | DEBUG    | scraper.parser | Product 60 parsed: Palio
2026-07-28 23:14:41 | INFO     | scraper.search | Page 3: Extracted 60 products (total: 180)
2026-07-28 23:14:41 | DEBUG    | utils.resume | Progress saved: keyword='Table Tenis', last_completed_page=3
2026-07-28 23:14:41 | INFO     | scraper.search | ━━━ Scraping page 4 of 30 ━━━
2026-07-28 23:14:41 | INFO     | scraper.search | Navigating to page 4: https://www.amazon.com/s?k=Table Tenis&page=4
2026-07-28 23:14:50 | DEBUG    | scraper.search | Page 4 loaded successfully.
2026-07-28 23:14:50 | INFO     | scraper.parser | Found 60 product cards on the page.
2026-07-28 23:14:50 | DEBUG    | scraper.parser | Product 1 parsed: Ping Pong Net, Table Tennis Net Replacement Standard 70.9" x
2026-07-28 23:14:50 | DEBUG    | scraper.parser | Product 2 parsed: ACCUFINE Stainless Steel Ping Pong Paddle for Strength Train
2026-07-28 23:14:50 | DEBUG    | scraper.parser | Product 3 parsed: Table Tennis Robot: APP Control 264 Drills, Portable Ping Po
2026-07-28 23:14:50 | DEBUG    | scraper.parser | Product 4 parsed: D-Xam Ping Pong Balls, 3 Star Orange or White Table Tennis B
2026-07-28 23:14:51 | DEBUG    | scraper.parser | Product 5 parsed: JOOLA iPong Play Table Tennis Trainer Robot with 20 ABS Trai
2026-07-28 23:14:51 | DEBUG    | scraper.parser | Product 6 parsed: STIGA Bullet Ping Pong Paddle – 5-ply Extra Light Blade – 2m
2026-07-28 23:14:51 | DEBUG    | scraper.parser | Product 7 parsed: Champion XIOM M8.0P Ping Pong Racket Table Tennis Penholder 
2026-07-28 23:14:51 | DEBUG    | scraper.parser | Product 8 parsed: JOOLA Retractable Ping Pong Net for Any Table - Portable Tab
2026-07-28 23:14:51 | DEBUG    | scraper.parser | Product 9 parsed: Best Choice Products Combo Game Table Set for Home, Game Roo
2026-07-28 23:14:52 | DEBUG    | scraper.parser | Product 10 parsed: Palio Legend 3.0 Table Tennis Racket & Case | ITTF-Approved 
2026-07-28 23:14:52 | DEBUG    | scraper.parser | Product 11 parsed: Butterfly Tenergy 05 Hard 2.1 Black
2026-07-28 23:14:52 | DEBUG    | scraper.parser | Product 12 parsed: Table Tennis Ball Picker - Rapid and Efficient Ping Pong Ret
2026-07-28 23:14:52 | DEBUG    | scraper.parser | Product 13 parsed: STIGA Table Tennis
2026-07-28 23:14:52 | DEBUG    | scraper.parser | Product 14 parsed: Butterfly Viscaria Super ALC Chinese Penhold Table Tennis Bl
2026-07-28 23:14:53 | DEBUG    | scraper.parser | Product 15 parsed: Eastfield Allround Professional Table Tennis Racket - Beginn
2026-07-28 23:14:53 | DEBUG    | scraper.parser | Product 16 parsed: JOOLA Professional Grade WX Aluminum Indoor & Outdoor Table 
2026-07-28 23:14:53 | DEBUG    | scraper.parser | Product 17 parsed: Flow Table Tennis Set 2 Performance Ping Pong Paddles with 2
2026-07-28 23:14:53 | DEBUG    | scraper.parser | Product 18 parsed: Ping Pong Paddles Set of 4, Ping Pong Paddles and Balls, Tab
2026-07-28 23:14:53 | DEBUG    | scraper.parser | Product 19 parsed: Retractable Table Tennis Set, 2 Rackets with Wooden Handles,
2026-07-28 23:14:54 | DEBUG    | scraper.parser | Product 20 parsed: PRO-SPIN Ping Pong Paddles - High-Performance Set with Premi
2026-07-28 23:14:54 | DEBUG    | scraper.parser | Product 21 parsed: Professional Ping Pong Paddles Set of 2/4 with Portable Oxfo
2026-07-28 23:14:54 | DEBUG    | scraper.parser | Product 22 parsed: Transparent Table Tennis Rubber Cutter, Full-View Design, 2 
2026-07-28 23:14:54 | DEBUG    | scraper.parser | Product 23 parsed: Vortex Table Tennis Paddle with Case – Ping Pong Racket for 
2026-07-28 23:14:54 | DEBUG    | scraper.parser | Product 24 parsed: Ping Pong Table Cover - Table Tennis Cover Waterproof & Heav
2026-07-28 23:14:55 | DEBUG    | scraper.parser | Product 25 parsed: Junkin 8 Pieces Table Tennis Paddles Kit Professional Racket
2026-07-28 23:14:55 | DEBUG    | scraper.parser | Product 26 parsed: Seenelling 6 Pcs Plastic Table Tennis Paddles Waterproof Pad
2026-07-28 23:14:55 | DEBUG    | scraper.parser | Product 27 parsed: Pro Table Tennis Set, Retractable Net, Balls and Carry Case 
2026-07-28 23:14:55 | DEBUG    | scraper.parser | Product 28 parsed: Abco Tech Table Tennis Set - Ping Pong Paddles and Balls for
2026-07-28 23:14:56 | DEBUG    | scraper.parser | Product 29 parsed: STIGA Ping Pong Storage Wall Rack | Holds Up to 10 Balls and
2026-07-28 23:14:56 | DEBUG    | scraper.parser | Product 30 parsed: Table Tennis Ball Catch Net,Wide Table Tennis Catch Collect 
2026-07-28 23:14:56 | DEBUG    | scraper.parser | Product 31 parsed: Table Tennis Ball Picker
2026-07-28 23:14:56 | DEBUG    | scraper.parser | Product 32 parsed: JOOLA Carbon X Pro Performance Ping Pong Paddle - Ergonomic 
2026-07-28 23:14:56 | DEBUG    | scraper.parser | Product 33 parsed: Table Tennis Ball Catch Net, Ping-Pong Ball Recycling Net, D
2026-07-28 23:14:57 | DEBUG    | scraper.parser | Product 34 parsed: YASAKA Rakza 7, Red,Max Table Tennis Rubber
2026-07-28 23:14:57 | DEBUG    | scraper.parser | Product 35 parsed: Victas Curl P1V - Long Pips Table Tennis Rubber
2026-07-28 23:14:57 | DEBUG    | scraper.parser | Product 36 parsed: MAPOL Quality Ping Pong Paddle Set - 4 Professional Table Te
2026-07-28 23:14:57 | DEBUG    | scraper.parser | Product 37 parsed: Penn 5.0 Professional Ping Pong
2026-07-28 23:14:57 | DEBUG    | scraper.parser | Product 38 parsed: Nittaku NR8702 Table Tennis, Rubber, Fastark G-1, Soft Back,
2026-07-28 23:14:57 | DEBUG    | scraper.parser | Product 39 parsed: Liliful Table Tennis Paddle Set Table Tennis Rackets Bulks P
2026-07-28 23:14:58 | DEBUG    | scraper.parser | Product 40 parsed: Yasaka Rakza 7 Table Tennis Rubbers (Black, 2.0)
2026-07-28 23:14:58 | DEBUG    | scraper.parser | Product 41 parsed: JOOLA Outdoor Table Tennis Balls - 6 Pack of 40mm Regulation
2026-07-28 23:14:58 | DEBUG    | scraper.parser | Product 42 parsed: Mini Ping Pong Set - Table Tennis - 2 Paddles, Ping Pong Bal
2026-07-28 23:14:58 | DEBUG    | scraper.parser | Product 43 parsed: Butterfly Table Tennis Clip Sponge – Perfect for Use Free Ch
2026-07-28 23:14:59 | DEBUG    | scraper.parser | Product 44 parsed: Professionnal Ping Pong Table Cover. Premium Quality. Ultra-
2026-07-28 23:14:59 | DEBUG    | scraper.parser | Product 45 parsed: Sanlaki VR Table Tennis Paddle Accessory, Compatible with Qu
2026-07-28 23:14:59 | DEBUG    | scraper.parser | Product 46 parsed: ニッタク(Nittaku) 卓球 ボール 3スター プレミアム クリーン 抗ウイルス・抗菌 国際卓球連盟公認球 日本製
2026-07-28 23:14:59 | DEBUG    | scraper.parser | Product 47 parsed: Professional Ping Pong Paddles-Lightweight Carbon Fiber Tabl
2026-07-28 23:14:59 | DEBUG    | scraper.parser | Product 48 parsed: STIGA Premium Clipper Regulation Table Tennis Net and Post S
2026-07-28 23:15:00 | DEBUG    | scraper.parser | Product 49 parsed: Butterfly SU Case | Durable Material with Padded Front and B
2026-07-28 23:15:00 | DEBUG    | scraper.parser | Product 50 parsed: Penn 40mm 1-Star White Ping Pong Balls, Box of 36 Official T
2026-07-28 23:15:00 | DEBUG    | scraper.parser | Product 51 parsed: Outus Pack Portable Table Tennis Combo 8 Paddles & 12 Balls 
2026-07-28 23:15:00 | DEBUG    | scraper.parser | Product 52 parsed: Butterfly Timo Boll ZLC Blade Table Tennis Blade - Professio
2026-07-28 23:15:00 | DEBUG    | scraper.parser | Product 53 parsed: DHS Sports No.15 Rubber Glue - ITTF Approved, Water-Based, V
2026-07-28 23:15:01 | DEBUG    | scraper.parser | Product 54 parsed: NittakuTable Tennis Pen Holder Rackets
2026-07-28 23:15:01 | DEBUG    | scraper.parser | Product 55 parsed: DHS Hurricane 3 Table Tennis Rubber, Tacky Inverted Ping Pon
2026-07-28 23:15:01 | DEBUG    | scraper.parser | Product 56 parsed: Table Tennis Trainer, Adjustable Ping Pong Topspin Training 
2026-07-28 23:15:01 | DEBUG    | scraper.parser | Product 57 parsed: Sportout Retractable Ping Pong Net – 72-Inch Table Tennis Ne
2026-07-28 23:15:01 | DEBUG    | scraper.parser | Product 58 parsed: Yasaka Mens Table Tennis Shoes
2026-07-28 23:15:01 | DEBUG    | scraper.parser | Product 59 parsed: Nittaku Table Tennis Rubber Fastarc G-1
2026-07-28 23:15:02 | DEBUG    | scraper.parser | Product 60 parsed: STIGA Pro Carbon Blast Ping Pong Paddle
2026-07-28 23:15:02 | INFO     | scraper.search | Page 4: Extracted 60 products (total: 240)
2026-07-28 23:15:02 | DEBUG    | utils.resume | Progress saved: keyword='Table Tenis', last_completed_page=4
2026-07-28 23:15:02 | INFO     | scraper.search | ━━━ Scraping page 5 of 30 ━━━
2026-07-28 23:15:02 | INFO     | scraper.search | Navigating to page 5: https://www.amazon.com/s?k=Table Tenis&page=5
2026-07-28 23:15:08 | DEBUG    | scraper.search | Page 5 loaded successfully.
2026-07-28 23:15:08 | INFO     | scraper.parser | Found 60 product cards on the page.
2026-07-28 23:15:08 | DEBUG    | scraper.parser | Product 1 parsed: Ping Pong Net, Table Tennis Net Replacement Standard 70.9" x
2026-07-28 23:15:08 | DEBUG    | scraper.parser | Product 2 parsed: ACCUFINE Stainless Steel Ping Pong Paddle for Strength Train
2026-07-28 23:15:08 | DEBUG    | scraper.parser | Product 3 parsed: Ping Pong Trainer with Suction Base Table Tennis Training De
2026-07-28 23:15:08 | DEBUG    | scraper.parser | Product 4 parsed: D-Xam Ping Pong Balls, 3 Star Orange or White Table Tennis B
2026-07-28 23:15:09 | DEBUG    | scraper.parser | Product 5 parsed: Table Tennis Ball Picker Upper - Retractable Ping Pong Ball 
2026-07-28 23:15:09 | DEBUG    | scraper.parser | Product 6 parsed: Butterfly Petr Korbel Table Tennis Blade - 5-ply All-Wood Bl
2026-07-28 23:15:09 | DEBUG    | scraper.parser | Product 7 parsed: JOOLA Ping Pong Balls - Training 3 Star Table Tennis Balls -
2026-07-28 23:15:09 | DEBUG    | scraper.parser | Product 8 parsed: Yasaka Rakza 7 Table Tennis Rubbers
2026-07-28 23:15:09 | DEBUG    | scraper.parser | Product 9 parsed: STIGA Pure Color Advance Performance-Level Table Tennis Rack
2026-07-28 23:15:10 | DEBUG    | scraper.parser | Product 10 parsed: Ping Pong Table Cover Premium Heavy Duty Waterproof Cover fo
2026-07-28 23:15:10 | DEBUG    | scraper.parser | Product 11 parsed: STIGA Prism LED Ping Pong Paddle - 5 LED Color Cycles - Colo
2026-07-28 23:15:10 | DEBUG    | scraper.parser | Product 12 parsed: D-Xam Colored Ping Pong Balls Table Tennis Ball for Games Ar
2026-07-28 23:15:10 | DEBUG    | scraper.parser | Product 13 parsed: Table Tennis Rubber Cutter Kit - Adjustable Arc Bow Knife De
2026-07-28 23:15:10 | DEBUG    | scraper.parser | Product 14 parsed: Joola Rosskopf Table Tennis Bat
2026-07-28 23:15:10 | DEBUG    | scraper.parser | Product 15 parsed: エクシオン(XIOM) 卓球 ラバー 裏ソフト ヴェガ プロ 10411
2026-07-28 23:15:11 | DEBUG    | scraper.parser | Product 16 parsed: Portable Desktop Table Tennis Rebound Board Rebounder with 8
2026-07-28 23:15:11 | DEBUG    | scraper.parser | Product 17 parsed: 200 Pcs Precut Tennis Balls Bulk Chair Leg Covers Floor Prot
2026-07-28 23:15:11 | DEBUG    | scraper.parser | Product 18 parsed: Vinsot 500 Pieces 40 mm Table Tennis Balls Bulk Mini Plastic
2026-07-28 23:15:11 | DEBUG    | scraper.parser | Product 19 parsed: Hanging Table Tennis Trainer Portable Set, 1 Pcs Trainer 6 B
2026-07-28 23:15:12 | DEBUG    | scraper.parser | Product 20 parsed: RLSOCO Table Tennis Paddle Case,Carrying Case for Ping Pong 
2026-07-28 23:15:12 | DEBUG    | scraper.parser | Product 21 parsed: Retractable Table Tennis Set, 2 Rackets with Wooden Handles,
2026-07-28 23:15:12 | DEBUG    | scraper.parser | Product 22 parsed: Junkin 8 Pieces Table Tennis Paddles Kit Professional Racket
2026-07-28 23:15:12 | DEBUG    | scraper.parser | Product 23 parsed: Flow Table Tennis Set 2 Performance Ping Pong Paddles with 2
2026-07-28 23:15:12 | DEBUG    | scraper.parser | Product 24 parsed: Pro Table Tennis Set, Retractable Net, Balls and Carry Case 
2026-07-28 23:15:12 | DEBUG    | scraper.parser | Product 25 parsed: Killerspin 4-Star Ping Pong Balls, New Standard ABS Plastic 
2026-07-28 23:15:13 | DEBUG    | scraper.parser | Product 26 parsed: JOOLA Infinity Edge - Tournament Performance Carbon Technolo
2026-07-28 23:15:13 | DEBUG    | scraper.parser | Product 27 parsed: ニッタク(Nittaku) 卓球 ボール Jトップクリーントレ球 練習球
2026-07-28 23:15:13 | DEBUG    | scraper.parser | Product 28 parsed: Portable Ping Pong Paddle Set, 4 Paddles with 8 Balls, Famil
2026-07-28 23:15:13 | DEBUG    | scraper.parser | Product 29 parsed: Table Tennis Robot: APP Control 264 Drills, Portable Ping Po
2026-07-28 23:15:13 | DEBUG    | scraper.parser | Product 30 parsed: Abco Tech Table Tennis Set - Ping Pong Paddles and Balls for
2026-07-28 23:15:14 | DEBUG    | scraper.parser | Product 31 parsed: GoSports 6 x 3 ft Mid-Size Table Tennis Table Set with Adjus
2026-07-28 23:15:14 | DEBUG    | scraper.parser | Product 32 parsed: FBSPORT Ping Pong Paddle Set, Table Tennis Set with 4 Racket
2026-07-28 23:15:14 | DEBUG    | scraper.parser | Product 33 parsed: Killerspin Premium SVR Table Tennis Net and Post Set - Porta
2026-07-28 23:15:14 | DEBUG    | scraper.parser | Product 34 parsed: Ping Pong Table Cover Outdoor Waterproof, Dual Function Tabl
2026-07-28 23:15:14 | DEBUG    | scraper.parser | Product 35 parsed: MAPOL 2 Pack of 4 Star Professional Ping Pong Paddle Advance
2026-07-28 23:15:15 | DEBUG    | scraper.parser | Product 36 parsed: Double Ping Pong Paddle Case - Best Table Tennis Paddle Cove
2026-07-28 23:15:15 | DEBUG    | scraper.parser | Product 37 parsed: Ping Pong Neon Sign Table Tennis LED Light Up Sign for Wall 
2026-07-28 23:15:15 | DEBUG    | scraper.parser | Product 38 parsed: TNZMART Removeable Table Tennis Storage Multi-Ball Collector
2026-07-28 23:15:15 | DEBUG    | scraper.parser | Product 39 parsed: Cornilleau Sport Protective Cover for Table Tennis Table Wat
2026-07-28 23:15:15 | DEBUG    | scraper.parser | Product 40 parsed: Cannon Sports Unbreakable Table Tennis Paddle Set - 2 Racket
2026-07-28 23:15:16 | DEBUG    | scraper.parser | Product 41 parsed: Killerspin - Ping Pong Paddle Case - Table Tennis Racket Bag
2026-07-28 23:15:16 | DEBUG    | scraper.parser | Product 42 parsed: VICTAS VO > 102 Short Pips - Pips Out Table Tennis Rubber
2026-07-28 23:15:16 | DEBUG    | scraper.parser | Product 43 parsed: Comesee Ping Pong Net Set Table Tennis Table Post Profession
2026-07-28 23:15:16 | DEBUG    | scraper.parser | Product 44 parsed: 12/24 Set 30 oz Table Tennis Fish Bowl Carnival Game Favors,
2026-07-28 23:15:16 | DEBUG    | scraper.parser | Product 45 parsed: 16 Pcs Bulk Plastic Table Tennis Paddle Set Multi Color Spor
2026-07-28 23:15:16 | DEBUG    | scraper.parser | Product 46 parsed: STIGA 1-Star Balls
2026-07-28 23:15:17 | DEBUG    | scraper.parser | Product 47 parsed: Tibhar Evolution MX-P Table Tennis Rubber (Black, 1.7-1.8)
2026-07-28 23:15:17 | DEBUG    | scraper.parser | Product 48 parsed: Butterfly Sardius Table Tennis Blade - TAMCA 5000 Carbon Fib
2026-07-28 23:15:17 | DEBUG    | scraper.parser | Product 49 parsed: EastPoint Ping Pong Paddles, 2 Player Paddle Set, Outdoor Ga
2026-07-28 23:15:17 | DEBUG    | scraper.parser | Product 50 parsed: Universal Ping Pong Table Cover Outdoor Waterproof,All-Weath
2026-07-28 23:15:17 | DEBUG    | scraper.parser | Product 51 parsed: Rintifia® Ping Pong Paddles Case - Hard Shell Table Tennis P
2026-07-28 23:15:18 | DEBUG    | scraper.parser | Product 52 parsed: Upgrade Retractable Ping Pong Net (Up to 2.3" Thickness) Por
2026-07-28 23:15:18 | DEBUG    | scraper.parser | Product 53 parsed: Ping Pong Table Cover 600D Tennis Table Cover for Folding Pi
2026-07-28 23:15:18 | DEBUG    | scraper.parser | Product 54 parsed: JOOLA Infinity Edge - Tournament Performance Carbon Technolo
2026-07-28 23:15:18 | DEBUG    | scraper.parser | Product 55 parsed: STIGA Infinity VPS V Table Tennis Racket 1618-1005-XX
2026-07-28 23:15:18 | DEBUG    | scraper.parser | Product 56 parsed: Carrying Case for Ping Pong Paddles/Table Tennis Paddles/Rac
2026-07-28 23:15:19 | DEBUG    | scraper.parser | Product 57 parsed: Pickleball Divider Table Tennis Baffle, 5LB Heavy Duty Ping 
2026-07-28 23:15:19 | DEBUG    | scraper.parser | Product 58 parsed: Butterfly Weatherproof Table Tennis Table Cover - Protect Yo
2026-07-28 23:15:19 | DEBUG    | scraper.parser | Product 59 parsed: Cinnvoice Wooden Centerpieces for Tables Baby Shower Decorat
2026-07-28 23:15:19 | DEBUG    | scraper.parser | Product 60 parsed: Covermates Upright Folding Ping Pong Table Cover – Water‑Res
2026-07-28 23:15:19 | INFO     | scraper.search | Page 5: Extracted 60 products (total: 300)
2026-07-28 23:15:19 | DEBUG    | utils.resume | Progress saved: keyword='Table Tenis', last_completed_page=5
2026-07-28 23:15:19 | INFO     | scraper.search | ━━━ Scraping page 6 of 30 ━━━
2026-07-28 23:15:19 | INFO     | scraper.search | Navigating to page 6: https://www.amazon.com/s?k=Table Tenis&page=6
2026-07-28 23:15:24 | DEBUG    | scraper.search | Page 6 loaded successfully.
2026-07-28 23:15:24 | INFO     | scraper.parser | Found 60 product cards on the page.
2026-07-28 23:15:24 | DEBUG    | scraper.parser | Product 1 parsed: ACCUFINE Stainless Steel Ping Pong Paddle for Strength Train
2026-07-28 23:15:25 | DEBUG    | scraper.parser | Product 2 parsed: PRO-SPIN Ping Pong Paddles – ITTF Approved Professional Tabl
2026-07-28 23:15:25 | DEBUG    | scraper.parser | Product 3 parsed: Table Tennis Ball Picker Retractable Ping Pong Ball Collecto
2026-07-28 23:15:25 | DEBUG    | scraper.parser | Product 4 parsed: Table Tennis Robot: APP Control 264 Drills, Portable Ping Po
2026-07-28 23:15:25 | DEBUG    | scraper.parser | Product 5 parsed: STIGA Performance 4 Player Ping Pong Paddle Set of 4 – Table
2026-07-28 23:15:25 | DEBUG    | scraper.parser | Product 6 parsed: Killerspin MyT Strati Table Cover for Foldable Indoor and Ou
2026-07-28 23:15:26 | DEBUG    | scraper.parser | Product 7 parsed: Coolrunner Ping Pong Table Cover, Waterproof Table Tennis Ta
2026-07-28 23:15:26 | DEBUG    | scraper.parser | Product 8 parsed: Franklin Sports Table Tennis Paddles - Rubber Paddle - Indoo
2026-07-28 23:15:26 | DEBUG    | scraper.parser | Product 9 parsed: DONIC BL102FL Table Tennis Racket Person Seven Flare Grip Ty
2026-07-28 23:15:26 | DEBUG    | scraper.parser | Product 10 parsed: VICTAS Swat Carbon Offensive Table Tennis Blade
2026-07-28 23:15:26 | DEBUG    | scraper.parser | Product 11 parsed: Killerspin SVR Hard Racket Case, Silver/Black
2026-07-28 23:15:26 | DEBUG    | scraper.parser | Product 12 parsed: Ping Pong Table Cover, Heavy Duty Folding Table Tennis Table
2026-07-28 23:15:27 | DEBUG    | scraper.parser | Product 13 parsed: Penn 5.0 Professional Ping Pong Paddle - Table Tennis Paddle
2026-07-28 23:15:27 | DEBUG    | scraper.parser | Product 14 parsed: Tennis Ball Table Cloths Decorative for Dining Room, Sports 
2026-07-28 23:15:27 | DEBUG    | scraper.parser | Product 15 parsed: Loki RXTON 1 Table Tennis Rubber Sheet, 2.1mm Professional I
2026-07-28 23:15:27 | DEBUG    | scraper.parser | Product 16 parsed: Nittaku Table Tennis Ball, International Certified Ball, Pla
2026-07-28 23:15:27 | DEBUG    | scraper.parser | Product 17 parsed: JOOLA
2026-07-28 23:15:28 | DEBUG    | scraper.parser | Product 18 parsed: TNZMART Adjustable Ping Pong Ball Picker Portable Table Tenn
2026-07-28 23:15:28 | DEBUG    | scraper.parser | Product 19 parsed: Senston Ping Pong Paddles 5-Ply Wood 2mm Sponge 2 Pack for A
2026-07-28 23:15:28 | DEBUG    | scraper.parser | Product 20 parsed: TIBHAR Table Tennis Rubber, Grass Dex, High Tension Grain He
2026-07-28 23:15:28 | DEBUG    | scraper.parser | Product 21 parsed: Retractable Table Tennis Set, 2 Rackets with Wooden Handles,
2026-07-28 23:15:28 | DEBUG    | scraper.parser | Product 22 parsed: Flow Table Tennis Set 2 Performance Ping Pong Paddles with 2
2026-07-28 23:15:29 | DEBUG    | scraper.parser | Product 23 parsed: Junkin 8 Pieces Table Tennis Paddles Kit Professional Racket
2026-07-28 23:15:29 | DEBUG    | scraper.parser | Product 24 parsed: Pro Table Tennis Set, Retractable Net, Balls and Carry Case 
2026-07-28 23:15:29 | DEBUG    | scraper.parser | Product 25 parsed: Hafangry Tennis Court Tablecloth Tennis Themed Birthday Part
2026-07-28 23:15:29 | DEBUG    | scraper.parser | Product 26 parsed: Ping Pong Table Cover Waterproof for Folding Table Tennis Ta
2026-07-28 23:15:29 | DEBUG    | scraper.parser | Product 27 parsed: Guirnd 20 Pack Ping Pong Balls, 3 Star Table Tennis Balls, 4
2026-07-28 23:15:29 | DEBUG    | scraper.parser | Product 28 parsed: JOOLA Result Table Tennis Scoreboard - Flippable Cards Allow
2026-07-28 23:15:30 | DEBUG    | scraper.parser | Product 29 parsed: Abco Tech Table Tennis Set - Ping Pong Paddles and Balls for
2026-07-28 23:15:30 | DEBUG    | scraper.parser | Product 30 parsed: GoSports 6 x 3 ft Mid-Size Table Tennis Table Set with Adjus
2026-07-28 23:15:30 | DEBUG    | scraper.parser | Product 31 parsed: FBSPORT Ping Pong Paddle Set, Table Tennis Set with 4 Racket
2026-07-28 23:15:30 | DEBUG    | scraper.parser | Product 32 parsed: Senston Table Tennis Rackets Set, Professional Table Tennis 
2026-07-28 23:15:30 | DEBUG    | scraper.parser | Product 33 parsed: Butterfly 401 Table Tennis Racket Set - 1 Ping Pong Paddle –
2026-07-28 23:15:31 | DEBUG    | scraper.parser | Product 34 parsed: Apex Carbon Ping Pong Paddle with Protective Case & Carbon F
2026-07-28 23:15:31 | DEBUG    | scraper.parser | Product 35 parsed: Table Tennis Set, 4 Paddles, 8 Balls & Carry Bag | Poplar wo
2026-07-28 23:15:31 | DEBUG    | scraper.parser | Product 36 parsed: Butterfly Viscaria Chinese Penhold Table Tennis Blade
2026-07-28 23:15:31 | DEBUG    | scraper.parser | Product 37 parsed: Seenelling 6 Pcs Plastic Table Tennis Paddles Waterproof Pad
2026-07-28 23:15:31 | DEBUG    | scraper.parser | Product 38 parsed: Macarrie 24 Pcs Precut Tennis Balls for Furniture Legs and F
2026-07-28 23:15:32 | DEBUG    | scraper.parser | Product 39 parsed: Nitaku Table Tennis Ball, International Certified Ball, Plas
2026-07-28 23:15:32 | DEBUG    | scraper.parser | Product 40 parsed: Liliful Table Tennis Rackets Set with Table Tennis Balls and
2026-07-28 23:15:32 | DEBUG    | scraper.parser | Product 41 parsed: WAYMARK Ping Pong Robot Table Tennis Robot HP-07 Ping Pong M
2026-07-28 23:15:32 | DEBUG    | scraper.parser | Product 42 parsed: XIOM Table Tennis Stradivarius
2026-07-28 23:15:32 | DEBUG    | scraper.parser | Product 43 parsed: GoPong 8 Foot Portable Beer Pong/Tailgate Tables (Black, Foo
2026-07-28 23:15:33 | DEBUG    | scraper.parser | Product 44 parsed: Victas Curl P1V - Long Pips Table Tennis Rubber, OX (no Spon
2026-07-28 23:15:33 | DEBUG    | scraper.parser | Product 45 parsed: MAPOL 100 Pack White 3-Star Table Tennis Balls Advanced Trai
2026-07-28 23:15:33 | DEBUG    | scraper.parser | Product 46 parsed: Luqeeg Table Tennis Machine, Remote Control Speed Frequency 
2026-07-28 23:15:33 | DEBUG    | scraper.parser | Product 47 parsed: VICTAS Curl P1V - Long Pips Table Tennis Rubber Red / 1.0
2026-07-28 23:15:33 | DEBUG    | scraper.parser | Product 48 parsed: XCSOURCE Pool Stick Holder - 2-IN-1 Pool Cue & Ping Pong Pad
2026-07-28 23:15:33 | DEBUG    | scraper.parser | Product 49 parsed: Ping Pong Paddle Holder Wall Mount Storage Rack - Table Tenn
2026-07-28 23:15:34 | DEBUG    | scraper.parser | Product 50 parsed: JOOLA Magic 2-Star ABS Training Table Tennis Balls - Include
2026-07-28 23:15:34 | DEBUG    | scraper.parser | Product 51 parsed: STIGA Carbon+ Ping Pong Paddle – 7-ply Extra Light Carbon Fi
2026-07-28 23:15:34 | DEBUG    | scraper.parser | Product 52 parsed: 4pcs Table Tennis Rubber Cutter Kit, Cutting Tool for Table 
2026-07-28 23:15:34 | DEBUG    | scraper.parser | Product 53 parsed: Premium Ping Pong Net with Clamps, Collapsible Table Tennis 
2026-07-28 23:15:35 | DEBUG    | scraper.parser | Product 54 parsed: JOOLA ITTF zugelassener Tischtennisschläger Infinity Carbon,
2026-07-28 23:15:35 | DEBUG    | scraper.parser | Product 55 parsed: JOOLA Nova Pro Plus Indoor/Outdoor Table Tennis Table + JOOL
2026-07-28 23:15:35 | DEBUG    | scraper.parser | Product 56 parsed: Eastfield Offensive Professional Table Tennis Racket - Advan
2026-07-28 23:15:35 | DEBUG    | scraper.parser | Product 57 parsed: JOOLA Prime 3-Star ABS Balls
2026-07-28 23:15:36 | DEBUG    | scraper.parser | Product 58 parsed: JOOLA Conversion Table Tennis Top with Metal Apron + JOOLA F
2026-07-28 23:15:36 | DEBUG    | scraper.parser | Product 59 parsed: Geosar 1000 Pack Colored Balls Bulk 40 mm Plastic Entertainm
2026-07-28 23:15:36 | DEBUG    | scraper.parser | Product 60 parsed: DONIC (Donikku) Table Tennis Back Soft Rubber Blue Storm Z1 
2026-07-28 23:15:36 | INFO     | scraper.search | Page 6: Extracted 60 products (total: 360)
2026-07-28 23:15:36 | DEBUG    | utils.resume | Progress saved: keyword='Table Tenis', last_completed_page=6
2026-07-28 23:15:36 | INFO     | scraper.search | ━━━ Scraping page 7 of 30 ━━━
2026-07-28 23:15:36 | INFO     | scraper.search | Navigating to page 7: https://www.amazon.com/s?k=Table Tenis&page=7
2026-07-28 23:15:42 | DEBUG    | scraper.search | Page 7 loaded successfully.
2026-07-28 23:15:42 | INFO     | scraper.parser | Found 30 product cards on the page.
2026-07-28 23:15:42 | DEBUG    | scraper.parser | Product 1 parsed: ACCUFINE Stainless Steel Ping Pong Paddle for Strength Train
2026-07-28 23:15:42 | DEBUG    | scraper.parser | Product 2 parsed: Retractable Table Tennis Set, 2 Rackets with Wooden Handles,
2026-07-28 23:15:42 | DEBUG    | scraper.parser | Product 3 parsed: Table Tennis Ball Picker Retractable Ping Pong Ball Collecto
2026-07-28 23:15:42 | DEBUG    | scraper.parser | Product 4 parsed: Table Tennis Ball Catch Net, Ping-Pong Ball Recycling Net, D
2026-07-28 23:15:43 | DEBUG    | scraper.parser | Product 5 parsed: NEVERLAND Ping Pong Table Cover Table Tennis Cover Outdoor W
2026-07-28 23:15:43 | DEBUG    | scraper.parser | Product 6 parsed: Chivao 200 Pieces Table Tennis Balls Washable Game Table Ten
2026-07-28 23:15:43 | DEBUG    | scraper.parser | Product 7 parsed: 6 Roll Table Tennis Paddle Side Tape, 32.81 Ft Table Tennis 
2026-07-28 23:15:43 | DEBUG    | scraper.parser | Product 8 parsed: ヴィクタス(VICTAS) 卓球 ラケット BLOCKMAN ブロックマン ペンホルダー 守備用
2026-07-28 23:15:43 | DEBUG    | scraper.parser | Product 9 parsed: Butterfly Tenergy 19 Table Tennis Rubber - Professional Tabl
2026-07-28 23:15:44 | DEBUG    | scraper.parser | Product 10 parsed: Ping Pong Paddle Holder, Hanging Mesh Storage Bag for Table 
2026-07-28 23:15:44 | DEBUG    | scraper.parser | Product 11 parsed: Carrying Case for Small Ping Pong Paddles/Table Tennis Paddl
2026-07-28 23:15:44 | DEBUG    | scraper.parser | Product 12 parsed: Butterfly Fan Zhendong ALC Chinese Penhold Table Tennis Blad
2026-07-28 23:15:44 | DEBUG    | scraper.parser | Product 13 parsed: Ping Pong Table Cover 600D Oxford Fabric Table Tennis Cover 
2026-07-28 23:15:44 | DEBUG    | scraper.parser | Product 14 parsed: BBTO 300 Pcs 40 mm White Bulk Table Tennis Balls for Christm
2026-07-28 23:15:44 | DEBUG    | scraper.parser | Product 15 parsed: 28 Pcs Balls Table Tennis Balls 40mm Color Plastic Balls Ass
2026-07-28 23:15:45 | DEBUG    | scraper.parser | Product 16 parsed: Kettler Advantage Indoor Table Tennis Bundle: 4 Player Set (
2026-07-28 23:15:45 | DEBUG    | scraper.parser | Product 17 parsed: Professional Table Tennis Rubber Cutter Kit - Arc Bow Cuttin
2026-07-28 23:15:45 | DEBUG    | scraper.parser | Product 18 parsed: Penn Ping Pong Paddle Set - Two 5.0 Paddles, 3 3-Star Balls 
2026-07-28 23:15:45 | DEBUG    | scraper.parser | Product 19 parsed: Jingmore 12 Set 16 oz Fishbowl Table Tennis Carnival Game Fa
2026-07-28 23:15:45 | DEBUG    | scraper.parser | Product 20 parsed: Lewtemi 300 Pack 2.4g 40 mm Table Tennis Balls Bouncy Party 
2026-07-28 23:15:46 | DEBUG    | scraper.parser | Product 21 parsed: Pro Table Tennis Set, Retractable Net, Balls and Carry Case 
2026-07-28 23:15:46 | DEBUG    | scraper.parser | Product 22 parsed: Junkin 8 Pieces Table Tennis Paddles Kit Professional Racket
2026-07-28 23:15:46 | DEBUG    | scraper.parser | Product 23 parsed: GoSports 6 x 3 ft Mid-Size Table Tennis Table Set with Adjus
2026-07-28 23:15:46 | DEBUG    | scraper.parser | Product 24 parsed: Flow Table Tennis Set 2 Performance Ping Pong Paddles with 2
2026-07-28 23:15:46 | DEBUG    | scraper.parser | Product 25 parsed: Ping Pong Trainer with Suction Base Table Tennis Training De
2026-07-28 23:15:47 | DEBUG    | scraper.parser | Product 26 parsed: Vbestlife Automatic Machine for Beginners, 10 Balls Table Te
2026-07-28 23:15:47 | DEBUG    | scraper.parser | Product 27 parsed: Senston Table Tennis Rackets Set, Professional Table Tennis 
2026-07-28 23:15:47 | DEBUG    | scraper.parser | Product 28 parsed: Abco Tech Table Tennis Set - Ping Pong Paddles and Balls for
2026-07-28 23:15:47 | DEBUG    | scraper.parser | Product 29 parsed: FBSPORT Ping Pong Paddle Set, Table Tennis Set with 4 Racket
2026-07-28 23:15:47 | DEBUG    | scraper.parser | Product 30 parsed: PRO-SPIN Ping Pong Paddles - High-Performance Set with Premi
2026-07-28 23:15:47 | INFO     | scraper.search | Page 7: Extracted 30 products (total: 390)
2026-07-28 23:15:47 | DEBUG    | utils.resume | Progress saved: keyword='Table Tenis', last_completed_page=7
2026-07-28 23:15:47 | INFO     | scraper.search | ━━━ Scraping page 8 of 30 ━━━
2026-07-28 23:15:47 | INFO     | scraper.search | Navigating to page 8: https://www.amazon.com/s?k=Table Tenis&page=8
2026-07-28 23:15:53 | DEBUG    | scraper.search | Page 8 loaded successfully.
2026-07-28 23:15:53 | INFO     | scraper.parser | Found 12 product cards on the page.
2026-07-28 23:15:53 | DEBUG    | scraper.parser | Product 1 parsed: PRO-SPIN Ping Pong Paddles – ITTF Approved Professional Tabl
2026-07-28 23:15:53 | DEBUG    | scraper.parser | Product 2 parsed: Table Tennis Robot: APP Control 264 Drills, Portable Ping Po
2026-07-28 23:15:54 | DEBUG    | scraper.parser | Product 3 parsed: PRO-SPIN Ping Pong Paddles - High-Performance Set with Premi
2026-07-28 23:15:54 | DEBUG    | scraper.parser | Product 4 parsed: Ping Pong Paddles Set of 4, Ping Pong Paddles and Balls, Tab
2026-07-28 23:15:54 | DEBUG    | scraper.parser | Product 5 parsed: Flow Table Tennis Set 2 Performance Ping Pong Paddles with 2
2026-07-28 23:15:54 | DEBUG    | scraper.parser | Product 6 parsed: Abco Tech Table Tennis Set - Ping Pong Paddles and Balls for
2026-07-28 23:15:54 | DEBUG    | scraper.parser | Product 7 parsed: Senston Table Tennis Rackets Set, Professional Table Tennis 
2026-07-28 23:15:54 | DEBUG    | scraper.parser | Product 8 parsed: Retractable Table Tennis Set, 2 Rackets with Wooden Handles,
2026-07-28 23:15:55 | DEBUG    | scraper.parser | Product 9 parsed: Junkin 8 Pieces Table Tennis Paddles Kit Professional Racket
2026-07-28 23:15:55 | DEBUG    | scraper.parser | Product 10 parsed: FBSPORT Ping Pong Paddle Set, Table Tennis Set with 4 Racket
2026-07-28 23:15:55 | DEBUG    | scraper.parser | Product 11 parsed: Pro Table Tennis Set, Retractable Net, Balls and Carry Case 
2026-07-28 23:15:55 | DEBUG    | scraper.parser | Product 12 parsed: GoSports 6 x 3 ft Mid-Size Table Tennis Table Set with Adjus
2026-07-28 23:15:55 | INFO     | scraper.search | Page 8: Extracted 12 products (total: 402)
2026-07-28 23:15:55 | DEBUG    | utils.resume | Progress saved: keyword='Table Tenis', last_completed_page=8
2026-07-28 23:15:55 | INFO     | scraper.search | ━━━ Scraping page 9 of 30 ━━━
2026-07-28 23:15:55 | INFO     | scraper.search | Navigating to page 9: https://www.amazon.com/s?k=Table Tenis&page=9
2026-07-28 23:16:00 | DEBUG    | scraper.search | Page 9 loaded successfully.
2026-07-28 23:16:00 | INFO     | scraper.parser | Found 12 product cards on the page.
2026-07-28 23:16:00 | DEBUG    | scraper.parser | Product 1 parsed: PRO-SPIN Ping Pong Paddles – ITTF Approved Professional Tabl
2026-07-28 23:16:00 | DEBUG    | scraper.parser | Product 2 parsed: Table Tennis Robot: APP Control 264 Drills, Portable Ping Po
2026-07-28 23:16:00 | DEBUG    | scraper.parser | Product 3 parsed: PRO-SPIN Ping Pong Paddles - High-Performance Set with Premi
2026-07-28 23:16:01 | DEBUG    | scraper.parser | Product 4 parsed: Ping Pong Paddles Set of 4, Ping Pong Paddles and Balls, Tab
2026-07-28 23:16:01 | DEBUG    | scraper.parser | Product 5 parsed: Abco Tech Table Tennis Set - Ping Pong Paddles and Balls for
2026-07-28 23:16:01 | DEBUG    | scraper.parser | Product 6 parsed: Flow Table Tennis Set 2 Performance Ping Pong Paddles with 2
2026-07-28 23:16:01 | DEBUG    | scraper.parser | Product 7 parsed: Senston Table Tennis Rackets Set, Professional Table Tennis 
2026-07-28 23:16:01 | DEBUG    | scraper.parser | Product 8 parsed: Retractable Table Tennis Set, 2 Rackets with Wooden Handles,
2026-07-28 23:16:01 | DEBUG    | scraper.parser | Product 9 parsed: FBSPORT Ping Pong Paddle Set, Table Tennis Set with 4 Racket
2026-07-28 23:16:02 | DEBUG    | scraper.parser | Product 10 parsed: Liliful Table Tennis Rackets Set with Table Tennis Balls and
2026-07-28 23:16:02 | DEBUG    | scraper.parser | Product 11 parsed: Junkin 8 Pieces Table Tennis Paddles Kit Professional Racket
2026-07-28 23:16:02 | DEBUG    | scraper.parser | Product 12 parsed: Pro Table Tennis Set, Retractable Net, Balls and Carry Case 
2026-07-28 23:16:02 | INFO     | scraper.search | Page 9: Extracted 12 products (total: 414)
2026-07-28 23:16:02 | DEBUG    | utils.resume | Progress saved: keyword='Table Tenis', last_completed_page=9
2026-07-28 23:16:02 | INFO     | scraper.search | ━━━ Scraping page 10 of 30 ━━━
2026-07-28 23:16:02 | INFO     | scraper.search | Navigating to page 10: https://www.amazon.com/s?k=Table Tenis&page=10
2026-07-28 23:16:07 | DEBUG    | scraper.search | Page 10 loaded successfully.
2026-07-28 23:16:07 | INFO     | scraper.parser | Found 12 product cards on the page.
2026-07-28 23:16:07 | DEBUG    | scraper.parser | Product 1 parsed: PRO-SPIN Ping Pong Paddles – ITTF Approved Professional Tabl
2026-07-28 23:16:08 | DEBUG    | scraper.parser | Product 2 parsed: Table Tennis Robot: APP Control 264 Drills, Portable Ping Po
2026-07-28 23:16:08 | DEBUG    | scraper.parser | Product 3 parsed: PRO-SPIN Ping Pong Paddles - High-Performance Set with Premi
2026-07-28 23:16:08 | DEBUG    | scraper.parser | Product 4 parsed: Ping Pong Paddles Set of 4, Ping Pong Paddles and Balls, Tab
2026-07-28 23:16:08 | DEBUG    | scraper.parser | Product 5 parsed: Flow Table Tennis Set 2 Performance Ping Pong Paddles with 2
2026-07-28 23:16:08 | DEBUG    | scraper.parser | Product 6 parsed: Pro Table Tennis Set, Retractable Net, Balls and Carry Case 
2026-07-28 23:16:08 | DEBUG    | scraper.parser | Product 7 parsed: Junkin 8 Pieces Table Tennis Paddles Kit Professional Racket
2026-07-28 23:16:09 | DEBUG    | scraper.parser | Product 8 parsed: Retractable Table Tennis Set, 2 Rackets with Wooden Handles,
2026-07-28 23:16:09 | DEBUG    | scraper.parser | Product 9 parsed: Senston Table Tennis Rackets Set, Professional Table Tennis 
2026-07-28 23:16:09 | DEBUG    | scraper.parser | Product 10 parsed: Abco Tech Table Tennis Set - Ping Pong Paddles and Balls for
2026-07-28 23:16:09 | DEBUG    | scraper.parser | Product 11 parsed: GoSports 6 x 3 ft Mid-Size Table Tennis Table Set with Adjus
2026-07-28 23:16:09 | DEBUG    | scraper.parser | Product 12 parsed: FBSPORT Ping Pong Paddle Set, Table Tennis Set with 4 Racket
2026-07-28 23:16:09 | INFO     | scraper.search | Page 10: Extracted 12 products (total: 426)
2026-07-28 23:16:09 | DEBUG    | utils.resume | Progress saved: keyword='Table Tenis', last_completed_page=10
2026-07-28 23:16:09 | INFO     | scraper.search | ━━━ Scraping page 11 of 30 ━━━
2026-07-28 23:16:09 | INFO     | scraper.search | Navigating to page 11: https://www.amazon.com/s?k=Table Tenis&page=11
2026-07-28 23:16:13 | DEBUG    | scraper.search | Page 11 loaded successfully.
2026-07-28 23:16:13 | INFO     | scraper.parser | Found 12 product cards on the page.
2026-07-28 23:16:13 | DEBUG    | scraper.parser | Product 1 parsed: PRO-SPIN Ping Pong Paddles – ITTF Approved Professional Tabl
2026-07-28 23:16:13 | DEBUG    | scraper.parser | Product 2 parsed: Table Tennis Robot: APP Control 264 Drills, Portable Ping Po
2026-07-28 23:16:14 | DEBUG    | scraper.parser | Product 3 parsed: PRO-SPIN Ping Pong Paddles - High-Performance Set with Premi
2026-07-28 23:16:14 | DEBUG    | scraper.parser | Product 4 parsed: Ping Pong Paddles Set of 4, Ping Pong Paddles and Balls, Tab
2026-07-28 23:16:14 | DEBUG    | scraper.parser | Product 5 parsed: Abco Tech Table Tennis Set - Ping Pong Paddles and Balls for
2026-07-28 23:16:14 | DEBUG    | scraper.parser | Product 6 parsed: Flow Table Tennis Set 2 Performance Ping Pong Paddles with 2
2026-07-28 23:16:14 | DEBUG    | scraper.parser | Product 7 parsed: Liliful Table Tennis Rackets Set with Table Tennis Balls and
2026-07-28 23:16:15 | DEBUG    | scraper.parser | Product 8 parsed: Retractable Table Tennis Set, 2 Rackets with Wooden Handles,
2026-07-28 23:16:15 | DEBUG    | scraper.parser | Product 9 parsed: Senston Table Tennis Rackets Set, Professional Table Tennis 
2026-07-28 23:16:15 | DEBUG    | scraper.parser | Product 10 parsed: Junkin 8 Pieces Table Tennis Paddles Kit Professional Racket
2026-07-28 23:16:15 | DEBUG    | scraper.parser | Product 11 parsed: Pro Table Tennis Set, Retractable Net, Balls and Carry Case 
2026-07-28 23:16:15 | DEBUG    | scraper.parser | Product 12 parsed: GoSports 6 x 3 ft Mid-Size Table Tennis Table Set with Adjus
2026-07-28 23:16:15 | INFO     | scraper.search | Page 11: Extracted 12 products (total: 438)
2026-07-28 23:16:15 | DEBUG    | utils.resume | Progress saved: keyword='Table Tenis', last_completed_page=11
2026-07-28 23:16:15 | INFO     | scraper.search | ━━━ Scraping page 12 of 30 ━━━
2026-07-28 23:16:15 | INFO     | scraper.search | Navigating to page 12: https://www.amazon.com/s?k=Table Tenis&page=12
2026-07-28 23:16:20 | DEBUG    | scraper.search | Page 12 loaded successfully.
2026-07-28 23:16:20 | INFO     | scraper.parser | Found 12 product cards on the page.
2026-07-28 23:16:20 | DEBUG    | scraper.parser | Product 1 parsed: PRO-SPIN Ping Pong Paddles – ITTF Approved Professional Tabl
2026-07-28 23:16:21 | DEBUG    | scraper.parser | Product 2 parsed: Table Tennis Robot: APP Control 264 Drills, Portable Ping Po
2026-07-28 23:16:21 | DEBUG    | scraper.parser | Product 3 parsed: PRO-SPIN Ping Pong Paddles - High-Performance Set with Premi
2026-07-28 23:16:21 | DEBUG    | scraper.parser | Product 4 parsed: Ping Pong Paddles Set of 4, Ping Pong Paddles and Balls, Tab
2026-07-28 23:16:21 | DEBUG    | scraper.parser | Product 5 parsed: Flow Table Tennis Set 2 Performance Ping Pong Paddles with 2
2026-07-28 23:16:21 | DEBUG    | scraper.parser | Product 6 parsed: Pro Table Tennis Set, Retractable Net, Balls and Carry Case 
2026-07-28 23:16:21 | DEBUG    | scraper.parser | Product 7 parsed: Retractable Table Tennis Set, 2 Rackets with Wooden Handles,
2026-07-28 23:16:22 | DEBUG    | scraper.parser | Product 8 parsed: Junkin 8 Pieces Table Tennis Paddles Kit Professional Racket
2026-07-28 23:16:22 | DEBUG    | scraper.parser | Product 9 parsed: GoSports 6 x 3 ft Mid-Size Table Tennis Table Set with Adjus
2026-07-28 23:16:22 | DEBUG    | scraper.parser | Product 10 parsed: Abco Tech Table Tennis Set - Ping Pong Paddles and Balls for
2026-07-28 23:16:22 | DEBUG    | scraper.parser | Product 11 parsed: Senston Table Tennis Rackets Set, Professional Table Tennis 
2026-07-28 23:16:22 | DEBUG    | scraper.parser | Product 12 parsed: Liliful Table Tennis Rackets Set with Table Tennis Balls and
2026-07-28 23:16:22 | WARNING  | scraper.search | Page 12: Found the exact same products as the previous page. Amazon has no more unique results. Stopping.
2026-07-28 23:16:22 | INFO     | scraper.search | Scraping complete. Total products extracted: 438
2026-07-28 23:16:22 | INFO     | __main__ | Scraping finished: 438 products extracted.
2026-07-28 23:16:22 | INFO     | filters.product_filter | No filters applied. All 438 products kept.
2026-07-28 23:16:22 | INFO     | exporters.csv_exporter | CSV export complete: 438 products saved to 'E:\Anas\internship\Week3\Amazon_Automation\output\results.csv'
2026-07-28 23:16:22 | INFO     | exporters.json_exporter | JSON export complete: 438 products saved to 'E:\Anas\internship\Week3\Amazon_Automation\output\results.json'
2026-07-28 23:16:22 | INFO     | exporters.sqlite_exporter | SQLite export complete: 438 products saved to 'E:\Anas\internship\Week3\Amazon_Automation\output\results.db' (0 skipped — no ASIN)
2026-07-28 23:16:22 | DEBUG    | utils.resume | Progress file cleared.
2026-07-28 23:16:22 | INFO     | __main__ | ------------------------------------------------------------
2026-07-28 23:16:22 | INFO     | __main__ | SCRAPE SUMMARY
2026-07-28 23:16:22 | INFO     | __main__ | ------------------------------------------------------------
2026-07-28 23:16:22 | INFO     | __main__ | Keyword:          Table Tenis
2026-07-28 23:16:22 | INFO     | __main__ | Pages scraped:    30
2026-07-28 23:16:22 | INFO     | __main__ | Products found:   438
2026-07-28 23:16:22 | INFO     | __main__ | After filtering:  438
2026-07-28 23:16:22 | INFO     | __main__ | Time elapsed:     192.9 seconds
2026-07-28 23:16:22 | INFO     | __main__ | CSV output:       E:\Anas\internship\Week3\Amazon_Automation\output\results.csv
2026-07-28 23:16:22 | INFO     | __main__ | JSON output:      E:\Anas\internship\Week3\Amazon_Automation\output\results.json
2026-07-28 23:16:22 | INFO     | __main__ | SQLite output:    E:\Anas\internship\Week3\Amazon_Automation\output\results.db
2026-07-28 23:16:22 | INFO     | __main__ | ============================================================
2026-07-28 23:16:22 | INFO     | __main__ | Scraping completed successfully!
2026-07-28 23:16:22 | INFO     | __main__ | ============================================================
2026-07-28 23:16:25 | INFO     | scraper.driver | Chrome WebDriver closed successfully.
2026-07-28 23:23:16 | INFO     | __main__ | ============================================================
2026-07-28 23:23:16 | INFO     | __main__ | Amazon Product Search Scraper — Starting
2026-07-28 23:23:16 | INFO     | __main__ | ============================================================
2026-07-28 23:23:16 | INFO     | __main__ | Keyword:    hardware items
2026-07-28 23:23:16 | INFO     | __main__ | Pages:      15
2026-07-28 23:23:16 | INFO     | __main__ | Headless:   False
2026-07-28 23:23:16 | INFO     | __main__ | Resume:     False
2026-07-28 23:23:16 | INFO     | __main__ | ------------------------------------------------------------
2026-07-28 23:23:16 | INFO     | scraper.driver | Initializing Chrome WebDriver (headless=False)...
2026-07-28 23:23:19 | INFO     | scraper.driver | Chrome WebDriver initialized successfully.
2026-07-28 23:23:19 | INFO     | scraper.search | Starting scrape: keyword='hardware items', pages 1 to 15
2026-07-28 23:23:19 | INFO     | scraper.search | ━━━ Scraping page 1 of 15 ━━━
2026-07-28 23:23:19 | INFO     | scraper.search | Navigating to Amazon homepage...
2026-07-28 23:23:23 | DEBUG    | scraper.search | Search input found. Typing keyword: 'hardware items'
2026-07-28 23:23:30 | INFO     | scraper.search | Search submitted for keyword: 'hardware items'
2026-07-28 23:23:33 | INFO     | scraper.parser | Found 60 product cards on the page.
2026-07-28 23:23:33 | DEBUG    | scraper.parser | Product 1 parsed: Sun Shade Sail Hardware Kit: 6 Inch Stainless Steel Sun Sail
2026-07-28 23:23:34 | DEBUG    | scraper.parser | Product 2 parsed: TJOY LED Edison Light Bulbs, E26 Dimmable Vintage Bulb, 8W =
2026-07-28 23:23:34 | DEBUG    | scraper.parser | Product 3 parsed: VIPEK R2 Clothes Rack for Hanging Clothes Rolling Clothing R
2026-07-28 23:23:34 | DEBUG    | scraper.parser | Product 4 parsed: Wallmaster Pegboard Organizer Garage Storage - 48pcs Pegboar
2026-07-28 23:23:34 | DEBUG    | scraper.parser | Product 5 parsed: CRAFTSMAN Storage Organizer, Small Parts Organizer, 3-Packs 
2026-07-28 23:23:34 | DEBUG    | scraper.parser | Product 6 parsed: 303Pcs Picture Hanging Kit, Picture Hangers Assorted Kit wit
2026-07-28 23:23:34 | DEBUG    | scraper.parser | Product 7 parsed: Uniclife 152 Pcs Heavy Duty Picture Hanging Kit, Picture Han
2026-07-28 23:23:35 | DEBUG    | scraper.parser | Product 8 parsed: King&Charles Cabinet Hardware Jig & Automatic Center Punch S
2026-07-28 23:23:35 | DEBUG    | scraper.parser | Product 9 parsed: 128Pcs Sawtooth Picture Hangers, Picture Hanging Kit, 2 Size
2026-07-28 23:23:35 | DEBUG    | scraper.parser | Product 10 parsed: IRIS USA 44-Drawer Small Parts Storage Cabinet, Crafts, Made
2026-07-28 23:23:35 | DEBUG    | scraper.parser | Product 11 parsed: 3/8 x 6 (50 Pack) Lag Screw Kit, 50 Screws and 50 Washers, C
2026-07-28 23:23:35 | DEBUG    | scraper.parser | Product 12 parsed: 3/16 Cable Railing Hardware Kit Swageless Lag Screws L & R 1
2026-07-28 23:23:36 | DEBUG    | scraper.parser | Product 13 parsed: 3/8 x 3 (50 Pack) Lag Screw Kit, 50 Screws and 50 washers, H
2026-07-28 23:23:36 | DEBUG    | scraper.parser | Product 14 parsed: Zonon 50 Pcs 1/4" x 1-1/2" Hex Head Lag Screws 304 Stainless
2026-07-28 23:23:36 | DEBUG    | scraper.parser | Product 15 parsed: Drawer Organizer for Garage Building Bricks Storage,Thicker 
2026-07-28 23:23:36 | DEBUG    | scraper.parser | Product 16 parsed: TDCHINGES Rounded Matte Black Door Hinges 3.5 Inch 5/8" Radi
2026-07-28 23:23:36 | DEBUG    | scraper.parser | Product 17 parsed: Picture Hanging Wire Kit D Rings Picture Hardware with Screw
2026-07-28 23:23:36 | DEBUG    | scraper.parser | Product 18 parsed: 270Pcs Wall Anchors Kit for Home Improvement and Decor, Repl
2026-07-28 23:23:37 | DEBUG    | scraper.parser | Product 19 parsed: Drywall Anchors Assortment Kit for Sheetrock Concrete Brick,
2026-07-28 23:23:37 | DEBUG    | scraper.parser | Product 20 parsed: Drywall Anchors and Screws Assortment Kit 270PCS, 135 Plasti
2026-07-28 23:23:37 | DEBUG    | scraper.parser | Product 21 parsed: Cilee 10 Piece Matte Black Bathroom Accessories Set, 24 inch
2026-07-28 23:23:37 | DEBUG    | scraper.parser | Product 22 parsed: Garage Tool Organizer Wall Mount, 48 Inch Heavy Duty Garden 
2026-07-28 23:23:37 | DEBUG    | scraper.parser | Product 23 parsed: 304 Stainless Steel Pad Eye Snap Hook, M5 Ceiling Hook 500Lb
2026-07-28 23:23:38 | DEBUG    | scraper.parser | Product 24 parsed: Hardware Organizer Box 34 Compartments Small Parts Organizer
2026-07-28 23:23:38 | DEBUG    | scraper.parser | Product 25 parsed: 40 lb Drywall Picture Hangers Claw 15 PCS Heavy Duty Damage 
2026-07-28 23:23:38 | DEBUG    | scraper.parser | Product 26 parsed: 10Pcs Heavy Duty Picture Hangers Which Can Support up to 100
2026-07-28 23:23:38 | DEBUG    | scraper.parser | Product 27 parsed: Heavy Duty D-Ring Picture Hangers (30 Pack) with 60 Screws -
2026-07-28 23:23:39 | DEBUG    | scraper.parser | Product 28 parsed: yofit 44 Pcs Shade Sail Hardware Kit 6 Inch Outdoor Sun Sail
2026-07-28 23:23:39 | DEBUG    | scraper.parser | Product 29 parsed: Wensilon Black High Strength Nails Kit, Hanging Nails Kit, W
2026-07-28 23:23:39 | DEBUG    | scraper.parser | Product 30 parsed: IRIS USA 64-Drawer Screw Organizer, Hardware Storage, Made i
2026-07-28 23:23:39 | DEBUG    | scraper.parser | Product 31 parsed: Akro-Mils 30210 AkroBins Plastic Storage Bins, 5"x4"x3", Gre
2026-07-28 23:23:40 | DEBUG    | scraper.parser | Product 32 parsed: 2Pcs 8" Purse Frame Rectangle Lock Frame Kiss Lock Metal U-S
2026-07-28 23:23:40 | DEBUG    | scraper.parser | Product 33 parsed: LZC 40lb Drywall Picture Hanging Hooks Heavy Duty Wall Hange
2026-07-28 23:23:41 | DEBUG    | scraper.parser | Product 34 parsed: Ougourim Furniture Anchors (10 Packs) Anti Tip Furniture Anc
2026-07-28 23:23:41 | DEBUG    | scraper.parser | Product 35 parsed: Jack Boss Tool Box with Transparent Lid, Double Side 34-Comp
2026-07-28 23:23:41 | DEBUG    | scraper.parser | Product 36 parsed: Flush Mount Bracket with Screws 6 Sets Hanging Buckle Kit, I
2026-07-28 23:23:42 | DEBUG    | scraper.parser | Product 37 parsed: LEOBRO 100PCS Lobster Claw Clasps and Key Rings, Keychain Ma
2026-07-28 23:23:42 | DEBUG    | scraper.parser | Product 38 parsed: Heavy Duty Picture Wire Hanging Kit - D-Ring, Screws, Hangin
2026-07-28 23:23:42 | DEBUG    | scraper.parser | Product 39 parsed: 125 Pcs Heavy Duty Picture Hanging Kit With Nails for Wooden
2026-07-28 23:23:42 | DEBUG    | scraper.parser | Product 40 parsed: for Kenlin Rite-Trak II Drawer Slides Replacement 5 Sets of 
2026-07-28 23:23:43 | DEBUG    | scraper.parser | Product 41 parsed: TQKAG 5 Piece Bathroom Hardware Set, Brushed Gold Bathroom A
2026-07-28 23:23:43 | DEBUG    | scraper.parser | Product 42 parsed: Pro, All-in-One Picture Hanging Kit - Picture Leveling and H
2026-07-28 23:23:43 | DEBUG    | scraper.parser | Product 43 parsed: PAXCOO Keychain Making Kit, Keychain Craft Supplies Includin
2026-07-28 23:23:43 | DEBUG    | scraper.parser | Product 44 parsed: Command Clear Variety Pack, Including 8 Pairs of Picture Han
2026-07-28 23:23:43 | DEBUG    | scraper.parser | Product 45 parsed: KJE 30PCS Wall Mounted Storage Bins, Plastic Tool Organizer 
2026-07-28 23:23:44 | DEBUG    | scraper.parser | Product 46 parsed: FURWEY Aluminum French Cleat with Screws, 12 Inch-1 Pair, Su
2026-07-28 23:23:44 | DEBUG    | scraper.parser | Product 47 parsed: 24PCS Picture Hangers Without Nails, Wall Hangers Without Na
2026-07-28 23:23:44 | DEBUG    | scraper.parser | Product 48 parsed: Magnetic Decorative Garage Door Curb Appeal Faux Hinges Hand
2026-07-28 23:23:44 | DEBUG    | scraper.parser | Product 49 parsed: JOY DECOR Matte Black Cabinet Pulls Drawer Pulls, 3 Inch CC,
2026-07-28 23:23:44 | DEBUG    | scraper.parser | Product 50 parsed: PHS 100 lb Picture Hanging Hooks – Heavy Duty Picture Hanger
2026-07-28 23:23:44 | DEBUG    | scraper.parser | Product 51 parsed: KLJKPA 10-Piece Bathroom Accessories Set, 24 inch Towel Bar 
2026-07-28 23:23:45 | DEBUG    | scraper.parser | Product 52 parsed: Akro-Mils 05705 Plastic Portable Parts Storage Case for Hard
2026-07-28 23:23:45 | DEBUG    | scraper.parser | Product 53 parsed: 15 Pcs Purse Hardware Set with Swivel Hooks, D Rings & Slide
2026-07-28 23:23:45 | DEBUG    | scraper.parser | Product 54 parsed: HOME MASTER HARDWARE 12 Pack 4-Inch Heavy Duty Garage Storag
2026-07-28 23:23:45 | DEBUG    | scraper.parser | Product 55 parsed: 214Pcs Picture Hanging Hooks, Renter Friendly Picture Hangin
2026-07-28 23:23:45 | DEBUG    | scraper.parser | Product 56 parsed: Shepherd Hardware 9425 Self-Adhesive Felt Surface Protection
2026-07-28 23:23:45 | DEBUG    | scraper.parser | Product 57 parsed: 150 Pack SAE Hex Nuts Assortment Kit,304 SS Hardware Nuts Se
2026-07-28 23:23:46 | DEBUG    | scraper.parser | Product 58 parsed: Double Side Small Parts Organizer Hardware Storage for Screw
2026-07-28 23:23:46 | DEBUG    | scraper.parser | Product 59 parsed: Amazon Basics Picture Hanging Hardware Assortment Kit, 220 P
2026-07-28 23:23:46 | DEBUG    | scraper.parser | Product 60 parsed: 60 Set Sawtooth Picture Hanger, 2 Sizes Picture Frame Hanger
2026-07-28 23:23:46 | INFO     | scraper.search | Page 1: Extracted 60 products (total: 60)
2026-07-28 23:23:46 | DEBUG    | utils.resume | Progress saved: keyword='hardware items', last_completed_page=1
2026-07-28 23:23:46 | INFO     | scraper.search | ━━━ Scraping page 2 of 15 ━━━
2026-07-28 23:23:46 | INFO     | scraper.search | Navigating to page 2: https://www.amazon.com/s?k=hardware items&page=2
2026-07-28 23:23:50 | DEBUG    | scraper.search | Page 2 loaded successfully.
2026-07-28 23:23:50 | INFO     | scraper.parser | Found 60 product cards on the page.
2026-07-28 23:23:50 | DEBUG    | scraper.parser | Product 1 parsed: Geinxurn Small Flat Storage Parts Organizer, 2Pcs Red Portab
2026-07-28 23:23:51 | DEBUG    | scraper.parser | Product 2 parsed: EEEEE Self Tapping Screws Assortment Set 552pcs, Assorted Sc
2026-07-28 23:23:51 | DEBUG    | scraper.parser | Product 3 parsed: 12-Pack Premium Stainless Steel Corner Brackets for Wood Fra
2026-07-28 23:23:51 | DEBUG    | scraper.parser | Product 4 parsed: 10 PCS Square Glass Railing Spigots, 304 Stainless Steel Fen
2026-07-28 23:23:51 | DEBUG    | scraper.parser | Product 5 parsed: 30 Pcs 304 Stainless Steel 1.7 in S Hooks, Multipurpose S Sh
2026-07-28 23:23:51 | DEBUG    | scraper.parser | Product 6 parsed: Swivel Clasp Hooks, Anezus 80Pcs Key Chain Clip Hooks, D Rin
2026-07-28 23:23:52 | DEBUG    | scraper.parser | Product 7 parsed: 24 Packs Small Clear Plastic Beads Storage Containers Box wi
2026-07-28 23:23:52 | DEBUG    | scraper.parser | Product 8 parsed: 33 Drawer Plastic Small Parts Organizer, Storage Bin with Dr
2026-07-28 23:23:52 | DEBUG    | scraper.parser | Product 9 parsed: 6 Pack Garage Hooks Heavy Duty Storage Organizer Wall Mount 
2026-07-28 23:23:52 | DEBUG    | scraper.parser | Product 10 parsed: Aluminium Alloy Turntable Bearing, Heavy Duty Swivel Turntab
2026-07-28 23:23:52 | DEBUG    | scraper.parser | Product 11 parsed: MaxWorks Wall Mount Storage Rack 30 Bin Heavy‑Duty Organizer
2026-07-28 23:23:53 | DEBUG    | scraper.parser | Product 12 parsed: Tudoccy 5-Pieces Matte Black Bathroom Accessories Set, Bathr
2026-07-28 23:23:53 | DEBUG    | scraper.parser | Product 13 parsed: Original Quick Fist Clamp for mounting tools & equipment 1" 
2026-07-28 23:23:53 | DEBUG    | scraper.parser | Product 14 parsed: 4 Pack Finger Pulls for Cabinets Finger Handles Drawer Edge 
2026-07-28 23:23:53 | DEBUG    | scraper.parser | Product 15 parsed: Amazon Basics 19-Removable Compartment Small Parts Organizer
2026-07-28 23:23:53 | DEBUG    | scraper.parser | Product 16 parsed: OOK 55099 Heavy-Duty Drywall Hanger Supports Up to 200 Pound
2026-07-28 23:23:54 | DEBUG    | scraper.parser | Product 17 parsed: Uniclife 188 Pcs Picture Hanging Kit, 10 lb, 20 lb, 30 lb, 5
2026-07-28 23:23:54 | DEBUG    | scraper.parser | Product 18 parsed: 10pcs Matte Black Retractable Bathroom Hardware Set, | Inclu
2026-07-28 23:23:54 | DEBUG    | scraper.parser | Product 19 parsed: Sun Shade Sail Hardware Kit: 6 Inch Stainless Steel Sun Sail
2026-07-28 23:23:54 | DEBUG    | scraper.parser | Product 20 parsed: 3/16 Cable Railing Hardware Kit Swageless Lag Screws L & R 1
2026-07-28 23:23:54 | DEBUG    | scraper.parser | Product 21 parsed: 3/8 x 6 (50 Pack) Lag Screw Kit, 50 Screws and 50 Washers, C
2026-07-28 23:23:54 | DEBUG    | scraper.parser | Product 22 parsed: 8 Pcs 36 Inch Shelf Pilaster with 40 Clips and 72 Screws, Ad
2026-07-28 23:23:54 | DEBUG    | scraper.parser | Product 23 parsed: Galvanized Hardware Cloth 1/4 Inch 23 Gauge - 4" x 35ft Heav
2026-07-28 23:23:55 | DEBUG    | scraper.parser | Product 24 parsed: Small Parts Organizer for Hardware & Screws | 39 Removable B
2026-07-28 23:23:55 | DEBUG    | scraper.parser | Product 25 parsed: CooBigo 3/4 Inch Trigger Spring O Rings, Metal Round Carabin
2026-07-28 23:23:55 | DEBUG    | scraper.parser | Product 26 parsed: Lwenki Key Holder for Wall – Decorative Wooden Mail Holder a
2026-07-28 23:23:55 | DEBUG    | scraper.parser | Product 27 parsed: Picture Hangers Hooks 40Pcs for Drywall, Dipping Plastic Cov
2026-07-28 23:23:55 | DEBUG    | scraper.parser | Product 28 parsed: homdiy 10 Pack 3 Inch Solid Cabinet Handles Black Cabinet Pu
2026-07-28 23:23:55 | DEBUG    | scraper.parser | Product 29 parsed: Hex Head Lag Bolts for Wood, Lag Screws 3/8" x 6",6 PCS | He
2026-07-28 23:23:56 | DEBUG    | scraper.parser | Product 30 parsed: SATINIOR 24 Packs Small Clear Plastic Beads Storage Containe
2026-07-28 23:23:56 | DEBUG    | scraper.parser | Product 31 parsed: AIDY-PRO Hardware Organizer Box 34 Compartments Small Parts 
2026-07-28 23:23:56 | DEBUG    | scraper.parser | Product 32 parsed: Uniclife 152 Pcs Heavy Duty Picture Hanging Kit,Picture Hang
2026-07-28 23:23:56 | DEBUG    | scraper.parser | Product 33 parsed: Tools Organizer Box Small Parts Storage Box 34-Compartment D
2026-07-28 23:23:56 | DEBUG    | scraper.parser | Product 34 parsed: KLJKPA 8-Piece Brushed Nickel Bathroom Hardware Set, 24 inch
2026-07-28 23:23:57 | DEBUG    | scraper.parser | Product 35 parsed: False Cabinet Front Clip False Drawer Front Clips Sink Tip O
2026-07-28 23:23:57 | DEBUG    | scraper.parser | Product 36 parsed: TURS Brushed Gold 5 Piece Bathroom Hardware Set, SUS304 Stai
2026-07-28 23:23:57 | DEBUG    | scraper.parser | Product 37 parsed: OOK French Cleat, Picture and Mirror Hanger with Hardware, 1
2026-07-28 23:23:57 | DEBUG    | scraper.parser | Product 38 parsed: IRIS USA 36-Drawer Storage Cabinet, Garage Tool Screws, Made
2026-07-28 23:23:57 | DEBUG    | scraper.parser | Product 39 parsed: 100Pcs Pegboard Accessory Peg Hook Set – Durable, Self-Locki
2026-07-28 23:23:57 | DEBUG    | scraper.parser | Product 40 parsed: 10-Piece Bathroom Hardware Accessories Set-Brushed Nickel To
2026-07-28 23:23:58 | DEBUG    | scraper.parser | Product 41 parsed: clear visible plastic storage box cosmetic tools storage box
2026-07-28 23:23:58 | DEBUG    | scraper.parser | Product 42 parsed: 360Pcs Gold Keychain Bulk, 120Pcs Key Rings with Chain and 1
2026-07-28 23:23:58 | DEBUG    | scraper.parser | Product 43 parsed: SATINIOR 24 Packs Small Clear Plastic Beads Storage Containe
2026-07-28 23:23:58 | DEBUG    | scraper.parser | Product 44 parsed: OOK Picture Hanger, 200lb Capacity, 1 Set, Antique Brass | Z
2026-07-28 23:23:58 | DEBUG    | scraper.parser | Product 45 parsed: Geinxurn IPX4 Waterproof Small Storage Parts Organizer, Smal
2026-07-28 23:23:59 | DEBUG    | scraper.parser | Product 46 parsed: 5 Pieces Bathroom Hardware Accessories Set Matte Black Towel
2026-07-28 23:23:59 | DEBUG    | scraper.parser | Product 47 parsed: Cabinet Door Magnets Jiayi 10 Pack Ultra Thin Magnetic Door 
2026-07-28 23:23:59 | DEBUG    | scraper.parser | Product 48 parsed: SATINIOR 24 Packs Small Clear Plastic Beads Storage Containe
2026-07-28 23:23:59 | DEBUG    | scraper.parser | Product 49 parsed: 40Pcs Vintage Bronze Cabinet Hinges Metal Hardware for Woode
2026-07-28 23:23:59 | DEBUG    | scraper.parser | Product 50 parsed: Key Holder Hooks Organizer Hanger Rack Wall Mounted Sweet Ho
2026-07-28 23:23:59 | DEBUG    | scraper.parser | Product 51 parsed: Franklin Brass Francisco (5-Pack) Cabinet Handles 4" Hole Ce
2026-07-28 23:24:00 | DEBUG    | scraper.parser | Product 52 parsed: Design House Springdale Passage Hall Closet Interior Door Le
2026-07-28 23:24:00 | DEBUG    | scraper.parser | Product 53 parsed: (ApeBest) 91Pcs 40LB Picture Hanging Hooks Claw for Drywall 
2026-07-28 23:24:00 | DEBUG    | scraper.parser | Product 54 parsed: 304 Pieces Picture Hanging Kit, 10lb, 30lb, 50lb and 100lb P
2026-07-28 23:24:00 | DEBUG    | scraper.parser | Product 55 parsed: Jiozermi 4 Packs Mini Round Solid Brass Knobs, 1/2 Inch, Gol
2026-07-28 23:24:00 | DEBUG    | scraper.parser | Product 56 parsed: IRIS USA 8-Pack, Medium Stackable Storage Bins, Black | Orga
2026-07-28 23:24:00 | DEBUG    | scraper.parser | Product 57 parsed: 4PCS Matte Black Bathroom Accessories Set, 24-Inch Towel Bar
2026-07-28 23:24:01 | DEBUG    | scraper.parser | Product 58 parsed: Bathroom Hardware Set 4 Pieces,Oil Rubbed Bronze Towel Bar S
2026-07-28 23:24:01 | DEBUG    | scraper.parser | Product 59 parsed: 7 FT Sliding Barn Door Track and Handle Hardware Kit,Aluminu
2026-07-28 23:24:01 | DEBUG    | scraper.parser | Product 60 parsed: Dnyta 4Pcs Stainless Steel Ceiling Hook Pad Eye Plate Hooks 
2026-07-28 23:24:01 | INFO     | scraper.search | Page 2: Extracted 60 products (total: 120)
2026-07-28 23:24:01 | DEBUG    | utils.resume | Progress saved: keyword='hardware items', last_completed_page=2
2026-07-28 23:24:01 | INFO     | scraper.search | ━━━ Scraping page 3 of 15 ━━━
2026-07-28 23:24:01 | INFO     | scraper.search | Navigating to page 3: https://www.amazon.com/s?k=hardware items&page=3
2026-07-28 23:24:06 | DEBUG    | scraper.search | Page 3 loaded successfully.
2026-07-28 23:24:06 | INFO     | scraper.parser | Found 60 product cards on the page.
2026-07-28 23:24:06 | DEBUG    | scraper.parser | Product 1 parsed: EEEEE Self Tapping Screws Assortment Set 552pcs, Assorted Sc
2026-07-28 23:24:06 | DEBUG    | scraper.parser | Product 2 parsed: 10-Pieces Brushed Nickel Bathroom Accessories Set 23.6 Inch 
2026-07-28 23:24:06 | DEBUG    | scraper.parser | Product 3 parsed: Garage Tool Organizer Wall Mount, 48inch Heavy-Duty Garage S
2026-07-28 23:24:06 | DEBUG    | scraper.parser | Product 4 parsed: 12-Pack Premium Stainless Steel Corner Brackets for Wood Fra
2026-07-28 23:24:07 | DEBUG    | scraper.parser | Product 5 parsed: Jiozermi 4 Packs Mini Round Solid Brass Knobs, 1/2 Inch, Gol
2026-07-28 23:24:07 | DEBUG    | scraper.parser | Product 6 parsed: SATINIOR 300 Packs Clear Small Plastic Containers 2.9 X 2.9 
2026-07-28 23:24:07 | DEBUG    | scraper.parser | Product 7 parsed: Bathroom Hardware Set 4 Pieces,Oil Rubbed Bronze Towel Bar S
2026-07-28 23:24:07 | DEBUG    | scraper.parser | Product 8 parsed: 6 Pack Black Tile Display Wall Hanger, 25mm, Stainless Steel
2026-07-28 23:24:07 | DEBUG    | scraper.parser | Product 9 parsed: Dnyta 4Pcs Stainless Steel Ceiling Hook Pad Eye Plate Hooks 
2026-07-28 23:24:07 | DEBUG    | scraper.parser | Product 10 parsed: 56 Pieces D Rings for Purse Bag Hardware Purse Hardware for 
2026-07-28 23:24:08 | DEBUG    | scraper.parser | Product 11 parsed: AIERSA Heavy Duty Adhesive Hooks, Wall Hooks for Hanging, Sc
2026-07-28 23:24:08 | DEBUG    | scraper.parser | Product 12 parsed: Small Parts Organizer 2Pack Storage Case Tools Box 34-Compar
2026-07-28 23:24:08 | DEBUG    | scraper.parser | Product 13 parsed: Industrial Black Iron Pipe Shelf Brackets Wall Mount DIY She
2026-07-28 23:24:08 | DEBUG    | scraper.parser | Product 14 parsed: M4 Flat Head Wood Screws Assortment Kit 340 Pcs,Phillips Dri
2026-07-28 23:24:08 | DEBUG    | scraper.parser | Product 15 parsed: OMIX Rugged Ridge 11603.09 Fender Flare Hardware Kit
2026-07-28 23:24:08 | DEBUG    | scraper.parser | Product 16 parsed: Goo-Ki Champagne Bronze Cabinet Pulls (6 Pack) – 5 Inch C-C 
2026-07-28 23:24:08 | DEBUG    | scraper.parser | Product 17 parsed: 60PCS Key Chain Clip Hooks, Swivel Clasp Hooks, D Ring Clip 
2026-07-28 23:24:09 | DEBUG    | scraper.parser | Product 18 parsed: SATINIOR 300 Packs Clear Small Plastic Containers 4.45 X 3.3
2026-07-28 23:24:09 | DEBUG    | scraper.parser | Product 19 parsed: 4 Pack Finger Pulls for Cabinets Finger Handles Drawer Edge 
2026-07-28 23:24:09 | DEBUG    | scraper.parser | Product 20 parsed: Sun Shade Sail Hardware Kit: 6 Inch Stainless Steel Sun Sail
2026-07-28 23:24:09 | DEBUG    | scraper.parser | Product 21 parsed: KOKOSIRI Bathroom Towel Bar Bath Towel Holders for Toilet Ki
2026-07-28 23:24:09 | DEBUG    | scraper.parser | Product 22 parsed: 5 Pieces Bathroom Hardware Accessories Set Brushed Nickel To
2026-07-28 23:24:09 | DEBUG    | scraper.parser | Product 23 parsed: 3 Pack 36 Grids Clear Plastic Storage Box with Dividers, Tra
2026-07-28 23:24:09 | DEBUG    | scraper.parser | Product 24 parsed: IRIS USA 64-Drawer Screw Organizer, Hardware Storage, Made i
2026-07-28 23:24:10 | DEBUG    | scraper.parser | Product 25 parsed: OOK 533212 French Cleat Mirror and Picture Hangers with Hard
2026-07-28 23:24:10 | DEBUG    | scraper.parser | Product 26 parsed: JOY DECOR Gold Cabinet Drawer Hardware,30mm Kitchen Cabinet 
2026-07-28 23:24:10 | DEBUG    | scraper.parser | Product 27 parsed: 3/8 x 6 (50 Pack) Lag Screw Kit, 50 Screws and 50 Washers, C
2026-07-28 23:24:10 | DEBUG    | scraper.parser | Product 28 parsed: Small Plastic Case, 24 Pack Clear Plastic Beads Storage Cont
2026-07-28 23:24:10 | DEBUG    | scraper.parser | Product 29 parsed: 5-Piece Bathroom Hardware Set, Matte Black Bathroom Accessor
2026-07-28 23:24:10 | DEBUG    | scraper.parser | Product 30 parsed: 4pcs Wall Shelf Brackets Heavy Duty Floating Shelf Bracket H
2026-07-28 23:24:10 | DEBUG    | scraper.parser | Product 31 parsed: 2" Heavy Duty French Cleat Picture Hanger,Aluminum Z Bar Cli
2026-07-28 23:24:11 | DEBUG    | scraper.parser | Product 32 parsed: 4 Pairs Stainless Steel Flush Mount Bracket Interlocking Hea
2026-07-28 23:24:11 | DEBUG    | scraper.parser | Product 33 parsed: SATINIOR 24 Packs Small Clear Plastic Beads Storage Containe
2026-07-28 23:24:11 | DEBUG    | scraper.parser | Product 34 parsed: 3 Inch Caster Wheels Heavy Duty 1600lbs, Swivel Casters Set 
2026-07-28 23:24:11 | DEBUG    | scraper.parser | Product 35 parsed: 30 Pcs Cabinet Door Latch and Catch Hardware,Brown Antique C
2026-07-28 23:24:11 | DEBUG    | scraper.parser | Product 36 parsed: Ekena Millwork LVSL0012BL 3" Lifetime Vinyl Shutter-Lok's, B
2026-07-28 23:24:12 | DEBUG    | scraper.parser | Product 37 parsed: Mayouko Double Side Tools Organizer, Customizable Removable 
2026-07-28 23:24:12 | DEBUG    | scraper.parser | Product 38 parsed: Door Stoppers Magnetic Door Catch, Stainless Steel Magnetic 
2026-07-28 23:24:12 | DEBUG    | scraper.parser | Product 39 parsed: Prime-Line E 2437 Vertical Trim Vintage Lock Set – Cast Stee
2026-07-28 23:24:12 | DEBUG    | scraper.parser | Product 40 parsed: 5-Pieces Matte Black Bathroom Hardware Set, 24 Inch Bathroom
2026-07-28 23:24:12 | DEBUG    | scraper.parser | Product 41 parsed: HOME EDIT Champagne Bronze Cabinet Handles Zinc Pulls 5 Inch
2026-07-28 23:24:13 | DEBUG    | scraper.parser | Product 42 parsed: Small Parts Organizer Storage Case Tools Box 34-Compartments
2026-07-28 23:24:13 | DEBUG    | scraper.parser | Product 43 parsed: Heavy Duty Garage Hooks Storage, Anti-Slip Steel Wall Mount 
2026-07-28 23:24:13 | DEBUG    | scraper.parser | Product 44 parsed: SATINIOR 24 Packs Small Clear Plastic Beads Storage Containe
2026-07-28 23:24:13 | DEBUG    | scraper.parser | Product 45 parsed: Rainbow Swivel Hook Claw Clasp - 25mm Slide Strap Buckle D R
2026-07-28 23:24:13 | DEBUG    | scraper.parser | Product 46 parsed: EMENTOL 3PCS Multi-Purpose Portable Organizer Box Set with 7
2026-07-28 23:24:13 | DEBUG    | scraper.parser | Product 47 parsed: CooBigo 10Pcs 1" Spring D Ring for Purse, Small D Ring Carab
2026-07-28 23:24:14 | DEBUG    | scraper.parser | Product 48 parsed: Akro-Mils 64-Drawer Plastic Storage Cabinet, 20" W x 6" D x 
2026-07-28 23:24:14 | DEBUG    | scraper.parser | Product 49 parsed: Hushee 6 Pcs Screw Organizer Box with Lid 4 Compartments Sma
2026-07-28 23:24:14 | DEBUG    | scraper.parser | Product 50 parsed: GoldPeak 1/4 inch Wire Mesh Hardware Cloth 24 in. x 100 ft. 
2026-07-28 23:24:14 | DEBUG    | scraper.parser | Product 51 parsed: IRIS USA 32-Drawer Tool Organizer, Nuts & Bolts, Small Parts
2026-07-28 23:24:14 | DEBUG    | scraper.parser | Product 52 parsed: STWWO 5-Piece Bathroom Accessories Hardware Set Brushed Nick
2026-07-28 23:24:14 | DEBUG    | scraper.parser | Product 53 parsed: SATINIOR 24 Packs Small Clear Plastic Beads Storage Containe
2026-07-28 23:24:14 | DEBUG    | scraper.parser | Product 54 parsed: 20 PCS Vintage Metal Wall Hooks, Bohemian Decorative Hook wi
2026-07-28 23:24:15 | DEBUG    | scraper.parser | Product 55 parsed: homdiy Black Cabinet Knobs 5 Pack Matte Black Square Cabinet
2026-07-28 23:24:15 | DEBUG    | scraper.parser | Product 56 parsed: NATGAI 2 Pack Small Parts Organizers, 34-Compartments Double
2026-07-28 23:24:15 | DEBUG    | scraper.parser | Product 57 parsed: Hooks for Outdoor String Lights Clips: Heavy Duty Cable Clip
2026-07-28 23:24:15 | DEBUG    | scraper.parser | Product 58 parsed: Over Door Hook Organizer 12 Hook Over The Door Organizer wit
2026-07-28 23:24:15 | DEBUG    | scraper.parser | Product 59 parsed: Brushed Gold Cabinet Knobs, 6 Pack Round Dresser Knobs 0.95"
2026-07-28 23:24:15 | DEBUG    | scraper.parser | Product 60 parsed: IRIS USA 32-Drawer Organizer with 4 Bins and Dividers, Garag
2026-07-28 23:24:15 | INFO     | scraper.search | Page 3: Extracted 60 products (total: 180)
2026-07-28 23:24:15 | DEBUG    | utils.resume | Progress saved: keyword='hardware items', last_completed_page=3
2026-07-28 23:24:15 | INFO     | scraper.search | ━━━ Scraping page 4 of 15 ━━━
2026-07-28 23:24:15 | INFO     | scraper.search | Navigating to page 4: https://www.amazon.com/s?k=hardware items&page=4
2026-07-28 23:24:19 | DEBUG    | scraper.search | Page 4 loaded successfully.
2026-07-28 23:24:19 | INFO     | scraper.parser | Found 60 product cards on the page.
2026-07-28 23:24:19 | DEBUG    | scraper.parser | Product 1 parsed: 30 Pack Brushed Nickel Cabinet Handles, 3" Hole Center Curve
2026-07-28 23:24:19 | DEBUG    | scraper.parser | Product 2 parsed: Budreu 4pack 36 Grids Plastic Clear Organizer Box Bead Stora
2026-07-28 23:24:19 | DEBUG    | scraper.parser | Product 3 parsed: Sun Shade Sail Hardware Kit: 6 Inch Stainless Steel Sun Sail
2026-07-28 23:24:20 | DEBUG    | scraper.parser | Product 4 parsed: Door Hinge 3 1/2 Inch Interior Door Hinges Matte Black 3.5 I
2026-07-28 23:24:20 | DEBUG    | scraper.parser | Product 5 parsed: 15Pcs Metal Swivel Snaps Hooks with D Rings and Tri-Glides S
2026-07-28 23:24:20 | WARNING  | __main__ | Scraping interrupted by user (Ctrl+C).
2026-07-28 23:24:20 | INFO     | __main__ | Progress has been saved. Use --resume to continue later.
2026-07-28 23:24:30 | INFO     | __main__ | ============================================================
2026-07-28 23:24:30 | INFO     | __main__ | Amazon Product Search Scraper — Starting
2026-07-28 23:24:30 | INFO     | __main__ | ============================================================
2026-07-28 23:24:30 | INFO     | __main__ | Keyword:    Table Tennis
2026-07-28 23:24:30 | INFO     | __main__ | Pages:      2
2026-07-28 23:24:30 | INFO     | __main__ | Headless:   False
2026-07-28 23:24:30 | INFO     | __main__ | Resume:     False
2026-07-28 23:24:30 | INFO     | __main__ | Location:   Zip Code 10001
2026-07-28 23:24:30 | INFO     | __main__ | ------------------------------------------------------------
2026-07-28 23:24:30 | INFO     | scraper.driver | Initializing Chrome WebDriver (headless=False)...
2026-07-28 23:24:37 | INFO     | scraper.driver | Chrome WebDriver initialized successfully.
2026-07-28 23:24:37 | INFO     | scraper.search | Starting scrape: keyword='Table Tennis', pages 1 to 2
2026-07-28 23:24:37 | INFO     | scraper.search | ━━━ Scraping page 1 of 2 ━━━
2026-07-28 23:24:37 | INFO     | scraper.search | Setting delivery location to zipcode: 10001
2026-07-28 23:24:50 | INFO     | scraper.search | Delivery location successfully updated.
2026-07-28 23:24:50 | INFO     | scraper.search | Navigating to Amazon homepage...
2026-07-28 23:24:51 | DEBUG    | scraper.search | Search input found. Typing keyword: 'Table Tennis'
2026-07-28 23:25:00 | INFO     | scraper.search | Search submitted for keyword: 'Table Tennis'
2026-07-28 23:25:01 | INFO     | scraper.parser | Found 60 product cards on the page.
2026-07-28 23:25:01 | DEBUG    | scraper.parser | Product 1 parsed: STIGA Advantage Series Indoor Ping Pong Table, Foldable Tabl
2026-07-28 23:25:02 | DEBUG    | scraper.parser | Product 2 parsed: JOOLA NOVA Outdoor Ping Pong Table with Waterproof Table Ten
2026-07-28 23:25:02 | DEBUG    | scraper.parser | Product 3 parsed: PONGBOT Table Tennis Robot with Net, Ping Pong Machine, Remo
2026-07-28 23:25:02 | DEBUG    | scraper.parser | Product 4 parsed: PONGBOT Table Tennis Robot: APP Control 264 Drills, Portable
2026-07-28 23:25:02 | DEBUG    | scraper.parser | Product 5 parsed: FBSPORT Ping Pong Paddle Set, Portable Table Tennis Set with
2026-07-28 23:25:02 | DEBUG    | scraper.parser | Product 6 parsed: GoSports Mid-Size Table Tennis Game Set - Red or Blue - Indo
2026-07-28 23:25:03 | DEBUG    | scraper.parser | Product 7 parsed: JOOLA Inside Professional MDF Indoor Ping Pong Table with Qu
2026-07-28 23:25:03 | DEBUG    | scraper.parser | Product 8 parsed: JOOLA Indoor 15mm Ping Pong Table with Quick Clamp Ping Pong
2026-07-28 23:25:03 | DEBUG    | scraper.parser | Product 9 parsed: JOOLA Inside Professional MDF Indoor Ping Pong Table with Qu
2026-07-28 23:25:03 | DEBUG    | scraper.parser | Product 10 parsed: GoSports 6 x 3 ft Mid-Size Table Tennis Table Set with Adjus
2026-07-28 23:25:03 | DEBUG    | scraper.parser | Product 11 parsed: Zevemomo Table Tennis Table, Foldable Ping Pong Tables w/ 2 
2026-07-28 23:25:03 | DEBUG    | scraper.parser | Product 12 parsed: 6x3ft Mid-Size Professional Portable Folding Ping Pong Table
2026-07-28 23:25:04 | DEBUG    | scraper.parser | Product 13 parsed: 8X4FT Foldable Ping Pong Table,Professional Table Tennis Tab
2026-07-28 23:25:04 | DEBUG    | scraper.parser | Product 14 parsed: PRO-SPIN Ping Pong Paddles - High-Performance Set with Premi
2026-07-28 23:25:04 | DEBUG    | scraper.parser | Product 15 parsed: Glymnis Ping Pong Paddles Set of 4/2, 7-Ply Table Tennis Rac
2026-07-28 23:25:04 | DEBUG    | scraper.parser | Product 16 parsed: JOOLA NOVA Outdoor Ping Pong Table with Waterproof Table Ten
2026-07-28 23:25:04 | DEBUG    | scraper.parser | Product 17 parsed: STIGA Advantage Series Indoor Ping Pong Table, Foldable Tabl
2026-07-28 23:25:04 | DEBUG    | scraper.parser | Product 18 parsed: JOOLA Inside Professional MDF Indoor Ping Pong Table with Qu
2026-07-28 23:25:05 | DEBUG    | scraper.parser | Product 19 parsed: 8.5×4.3ft Black Professional MDF Indoor Table Tennis Table w
2026-07-28 23:25:05 | DEBUG    | scraper.parser | Product 20 parsed: Ping Pong Trainer with Suction Base Table Tennis Training De
2026-07-28 23:25:05 | DEBUG    | scraper.parser | Product 21 parsed: PRO-SPIN Ping Pong Paddles – ITTF Approved Professional Tabl
2026-07-28 23:25:05 | DEBUG    | scraper.parser | Product 22 parsed: Pro Table Tennis Set, Retractable Net, Balls and Carry Case 
2026-07-28 23:25:05 | DEBUG    | scraper.parser | Product 23 parsed: JOOLA Rally TL Professional MDF Indoor Ping Pong Table w/Qui
2026-07-28 23:25:05 | DEBUG    | scraper.parser | Product 24 parsed: STIGA Performance 2 or 4 Player Table Tennis Set – USATT App
2026-07-28 23:25:05 | DEBUG    | scraper.parser | Product 25 parsed: JOOLA Inside Professional MDF Indoor Ping Pong Table with Qu
2026-07-28 23:25:06 | DEBUG    | scraper.parser | Product 26 parsed: STIGA Advantage Series Indoor Ping Pong Table, Foldable Tabl
2026-07-28 23:25:06 | DEBUG    | scraper.parser | Product 27 parsed: JOOLA Rally TL Professional MDF Indoor Ping Pong Table w/Qui
2026-07-28 23:25:06 | DEBUG    | scraper.parser | Product 28 parsed: JOOLA Rally TL Professional MDF Indoor Ping Pong Table w/Qui
2026-07-28 23:25:06 | DEBUG    | scraper.parser | Product 29 parsed: Ping Pong Table Foldable Table Tennis Table with Net, Table 
2026-07-28 23:25:06 | DEBUG    | scraper.parser | Product 30 parsed: FBSPORT Ping Pong Paddle Set, Table Tennis Set with 4 Racket
2026-07-28 23:25:06 | DEBUG    | scraper.parser | Product 31 parsed: PRO-SPIN Portable Ping Pong Set with Retractable Ping Pong N
2026-07-28 23:25:07 | DEBUG    | scraper.parser | Product 32 parsed: Best Choice Products Portable Ping Pong Table, Mid-Size Fold
2026-07-28 23:25:07 | DEBUG    | scraper.parser | Product 33 parsed: 6x3ft Mid-Size Professional Portable Folding Ping Pong Table
2026-07-28 23:25:07 | DEBUG    | scraper.parser | Product 34 parsed: Garvee 8 ft Portable Ping Pong Table，Professional Game for A
2026-07-28 23:25:07 | DEBUG    | scraper.parser | Product 35 parsed: Table Tennis Set with Retractable Net, Portable Ping Pong Pa
2026-07-28 23:25:07 | DEBUG    | scraper.parser | Product 36 parsed: 8FT Table Tennis Table with Net, Indoor/Outdoor Professional
2026-07-28 23:25:07 | DEBUG    | scraper.parser | Product 37 parsed: MD Sports Table Tennis Tables Multiple Styles Ping Pong Tabl
2026-07-28 23:25:07 | DEBUG    | scraper.parser | Product 38 parsed: 8×4FT Folding Rolling Table Tennis Table Indoor/Outdoor Tabl
2026-07-28 23:25:08 | DEBUG    | scraper.parser | Product 39 parsed: STIGA Outdoor Table Tennis Table – All-Weather Waterproof Al
2026-07-28 23:25:08 | DEBUG    | scraper.parser | Product 40 parsed: Franklin Sports Table Tennis to Go Portable Ping Pong Set - 
2026-07-28 23:25:08 | DEBUG    | scraper.parser | Product 41 parsed: STIGA Carbon Series Indoor Table Tennis Table with 15mm - 18
2026-07-28 23:25:09 | DEBUG    | scraper.parser | Product 42 parsed: Garvee 6x3 ft Foldable Portable Ping Pong Table | Profession
2026-07-28 23:25:09 | DEBUG    | scraper.parser | Product 43 parsed: JOOLA Training 3 Star Table Tennis Balls - 40+mm Regulation 
2026-07-28 23:25:09 | DEBUG    | scraper.parser | Product 44 parsed: STIGA Pro Carbon + Raptor Performance-Level Table Tennis Rac
2026-07-28 23:25:09 | DEBUG    | scraper.parser | Product 45 parsed: GoSports Mid-Size Table Tennis Game Set - Red or Blue - Indo
2026-07-28 23:25:09 | DEBUG    | scraper.parser | Product 46 parsed: 8X4FT Foldable Ping Pong Table,Professional Table Tennis Tab
2026-07-28 23:25:09 | DEBUG    | scraper.parser | Product 47 parsed: PRO-SPIN Ping Pong Balls - 3-Star Premium Orange Table Tenni
2026-07-28 23:25:10 | DEBUG    | scraper.parser | Product 48 parsed: JP WinLook Ping Pong Paddles Sets - Portable Table Tennis Pa
2026-07-28 23:25:10 | DEBUG    | scraper.parser | Product 49 parsed: STIGA Premium 2‑Player Table Tennis Set – Includes 2 ITTF Ap
2026-07-28 23:25:10 | DEBUG    | scraper.parser | Product 50 parsed: 8X4FT Foldable Ping Pong Table,Professional Table Tennis Tab
2026-07-28 23:25:10 | DEBUG    | scraper.parser | Product 51 parsed: Ping Pong Paddle Set with Rackets, Net, Balls & Carry Case f
2026-07-28 23:25:10 | DEBUG    | scraper.parser | Product 52 parsed: JOOLA Training 3 Star Table Tennis Balls - 40+mm Regulation 
2026-07-28 23:25:10 | DEBUG    | scraper.parser | Product 53 parsed: Portable Ping Pong Table, Foldable Indoor Table Tennis Table
2026-07-28 23:25:10 | DEBUG    | scraper.parser | Product 54 parsed: JOOLA Outdoor Table Tennis Table - Multi Use Conference Tabl
2026-07-28 23:25:11 | DEBUG    | scraper.parser | Product 55 parsed: PRO-SPIN Ping Pong Paddles - High-Performance Set with Premi
2026-07-28 23:25:11 | DEBUG    | scraper.parser | Product 56 parsed: 4.5/6ft/9ft Mid-Size Portable Ping Pong Tables Set, Foldable
2026-07-28 23:25:12 | DEBUG    | scraper.parser | Product 57 parsed: 4.5FT/8FT/9FT Mid-Size Table Tennis Table Ping-Pong Table Se
2026-07-28 23:25:12 | DEBUG    | scraper.parser | Product 58 parsed: Portable Ping Pong Paddles Set of 2 with Table Tennis Net an
2026-07-28 23:25:12 | DEBUG    | scraper.parser | Product 59 parsed: Franklin Sports Ping Pong Paddle Set with Balls - 2 Player &
2026-07-28 23:25:14 | DEBUG    | scraper.parser | Product 60 parsed: Foldable Ping Pong Table for Indoor/Outdoor, 8X4FT Mid-Size 
2026-07-28 23:25:14 | INFO     | scraper.search | Page 1: Extracted 60 products (total: 60)
2026-07-28 23:25:14 | DEBUG    | utils.resume | Progress saved: keyword='Table Tennis', last_completed_page=1
2026-07-28 23:25:14 | INFO     | scraper.search | ━━━ Scraping page 2 of 2 ━━━
2026-07-28 23:25:14 | INFO     | scraper.search | Navigating to page 2: https://www.amazon.com/s?k=Table Tennis&page=2
2026-07-28 23:25:18 | DEBUG    | scraper.search | Page 2 loaded successfully.
2026-07-28 23:25:18 | INFO     | scraper.parser | Found 60 product cards on the page.
2026-07-28 23:25:19 | DEBUG    | scraper.parser | Product 1 parsed: Zevemomo Table Tennis Table, Foldable Ping Pong Tables w/ 2 
2026-07-28 23:25:19 | DEBUG    | scraper.parser | Product 2 parsed: 8X4FT Foldable Ping Pong Table,Professional Table Tennis Tab
2026-07-28 23:25:19 | DEBUG    | scraper.parser | Product 3 parsed: PONGBOT Table Tennis Robot: APP Control 264 Drills, Portable
2026-07-28 23:25:19 | DEBUG    | scraper.parser | Product 4 parsed: PONGBOT Table Tennis Robot with Net, Ping Pong Machine, Remo
2026-07-28 23:25:19 | DEBUG    | scraper.parser | Product 5 parsed: JOOLA Duo Pro Ping Pong Paddles Set of 2 - Professional Tabl
2026-07-28 23:25:19 | DEBUG    | scraper.parser | Product 6 parsed: HEAD Summit USA Indoor Table Tennis Table, Competition Grade
2026-07-28 23:25:19 | DEBUG    | scraper.parser | Product 7 parsed: 6FT 72''x36'' Ping Pong Table Foldable Midsize Table Tennis 
2026-07-28 23:25:20 | DEBUG    | scraper.parser | Product 8 parsed: NITTAKU 3-Star Premium Table Tennis Balls
2026-07-28 23:25:20 | DEBUG    | scraper.parser | Product 9 parsed: MAPOL 50 White 3-Star Table Tennis Ball Premium Training Pin
2026-07-28 23:25:20 | DEBUG    | scraper.parser | Product 10 parsed: PeakPursuit 8FT Table Tennis Game Set | Professional Indoor/
2026-07-28 23:25:20 | DEBUG    | scraper.parser | Product 11 parsed: JOOLA Advanced Premium Ping Pong Paddles Set of 4 - Professi
2026-07-28 23:25:20 | DEBUG    | scraper.parser | Product 12 parsed: JOOLA Essentials Duel 2-Player Table Tennis Paddle Set with 
2026-07-28 23:25:20 | DEBUG    | scraper.parser | Product 13 parsed: STIGA Carbon+ Bundle Ping Pong Paddle Set – 7-ply Extra Ligh
2026-07-28 23:25:20 | DEBUG    | scraper.parser | Product 14 parsed: 8.5×4.3ft Black Professional MDF Indoor Table Tennis Table w
2026-07-28 23:25:20 | DEBUG    | scraper.parser | Product 15 parsed: 8FT Table Tennis Table with Net, Indoor/Outdoor Professional
2026-07-28 23:25:21 | DEBUG    | scraper.parser | Product 16 parsed: RAYKEEP Mini Foldable Ping Pong Table Top, 48" Portable Tabl
2026-07-28 23:25:21 | DEBUG    | scraper.parser | Product 17 parsed: STIGA Pro Carbon + Raptor Performance-Level Table Tennis Rac
2026-07-28 23:25:21 | DEBUG    | scraper.parser | Product 18 parsed: PRO-SPIN Ping Pong Paddles – ITTF Approved Professional Tabl
2026-07-28 23:25:21 | DEBUG    | scraper.parser | Product 19 parsed: 8X4 FT Ping Pong Table Top, Foldable Table Tennis Table for 
2026-07-28 23:25:21 | DEBUG    | scraper.parser | Product 20 parsed: PRO-SPIN Ping Pong Paddles - High-Performance Set with Premi
2026-07-28 23:25:21 | DEBUG    | scraper.parser | Product 21 parsed: SereneLife Full Size Ping Pong Table, 9’ x 5’ Regulation Fol
2026-07-28 23:25:21 | DEBUG    | scraper.parser | Product 22 parsed: Stag Peter Karlsson Competition Table Tennis Table
2026-07-28 23:25:22 | DEBUG    | scraper.parser | Product 23 parsed: Pro Table Tennis Set, Retractable Net, Balls and Carry Case 
2026-07-28 23:25:22 | DEBUG    | scraper.parser | Product 24 parsed: Anywhere Sports - Portable Trampoline Ping Pong Table Tennis
2026-07-28 23:25:22 | DEBUG    | scraper.parser | Product 25 parsed: ESPN Ping Pong Set, Table Tennis Ideal for Family Games and 
2026-07-28 23:25:22 | DEBUG    | scraper.parser | Product 26 parsed: Zevemomo Table Tennis Table, Foldable Ping Pong Tables w/ 2 
2026-07-28 23:25:22 | DEBUG    | scraper.parser | Product 27 parsed: EastPoint Foldable Ping Pong Table Topper, Table Tennis, 9 f
2026-07-28 23:25:22 | DEBUG    | scraper.parser | Product 28 parsed: 9×4.1ft Blue Professional MDF Indoor Table Tennis Table with
2026-07-28 23:25:22 | DEBUG    | scraper.parser | Product 29 parsed: Retractable Table Tennis Set, 2 Rackets with Wooden Handles,
2026-07-28 23:25:23 | DEBUG    | scraper.parser | Product 30 parsed: Guirnd 20 Pack Ping Pong Balls, 3 Star Table Tennis Balls, 4
2026-07-28 23:25:23 | DEBUG    | scraper.parser | Product 31 parsed: KETTLER Eden Weatherproof Stationary Outdoor Table Tennis Ta
2026-07-28 23:25:23 | DEBUG    | scraper.parser | Product 32 parsed: STIGA Cybershape Lite Ping Pong Paddle – Beginner Table Tenn
2026-07-28 23:25:23 | DEBUG    | scraper.parser | Product 33 parsed: PONGBOT Table Tennis Robot: APP Control 264 Drills, Portable
2026-07-28 23:25:23 | DEBUG    | scraper.parser | Product 34 parsed: KEIKI 6FT/7FT/8FT/8.5FT/9FT Portable Ping Pong Table Top, 0.
2026-07-28 23:25:23 | DEBUG    | scraper.parser | Product 35 parsed: STIGA Space Saver - Compact Ping Pong Table - Separate Table
2026-07-28 23:25:23 | DEBUG    | scraper.parser | Product 36 parsed: PRO-SPIN Ping Pong Paddles – ITTF Approved Professional Tabl
2026-07-28 23:25:23 | DEBUG    | scraper.parser | Product 37 parsed: Portable Table Tennis Tables, 9 ft Professional Outdoor Ping
2026-07-28 23:25:24 | DEBUG    | scraper.parser | Product 38 parsed: JOOLA Training 3 Star Table Tennis Balls - 40+mm Regulation 
2026-07-28 23:25:24 | DEBUG    | scraper.parser | Product 39 parsed: JOOLA Ping Pong Conversion Top with Net Set for Billiard and
2026-07-28 23:25:24 | DEBUG    | scraper.parser | Product 40 parsed: Senston Table Tennis Rackets Set,Professional Ping Pong Padd
2026-07-28 23:25:24 | DEBUG    | scraper.parser | Product 41 parsed: Suz S201 Table Tennis Robot with Machine Recycling net and 2
2026-07-28 23:25:24 | DEBUG    | scraper.parser | Product 42 parsed: JOOLA Family Premium Ping Pong Paddles Set of 4 - Advanced T
2026-07-28 23:25:24 | DEBUG    | scraper.parser | Product 43 parsed: Ping Pong Paddle Set, 2-Sided Different Rubbers, Table Tenni
2026-07-28 23:25:24 | DEBUG    | scraper.parser | Product 44 parsed: PartyLife 6 ft x 3 ft Ping Pong Table Tennis Table | Mid-Siz
2026-07-28 23:25:25 | DEBUG    | scraper.parser | Product 45 parsed: CORNILLEAU - 400X Outdoor Table Tennis Table - 5mm Weatherpr
2026-07-28 23:25:25 | DEBUG    | scraper.parser | Product 46 parsed: EastPoint Foldable Ping Pong Table, Table Tennis, 2 Paddles,
2026-07-28 23:25:25 | DEBUG    | scraper.parser | Product 47 parsed: STIGA Flow Outdoor 2-Player Table Tennis Set Includes Two Ou
2026-07-28 23:25:25 | DEBUG    | scraper.parser | Product 48 parsed: JOOLA iPong Carbon Fiber Table Tennis Ball Catch Net - Pract
2026-07-28 23:25:25 | DEBUG    | scraper.parser | Product 49 parsed: JOOLA Infinity Carbon Professional Table Tennis Paddle with 
2026-07-28 23:25:25 | DEBUG    | scraper.parser | Product 50 parsed: KETTLER Berlin Pro Indoor Table Tennis Table
2026-07-28 23:25:25 | DEBUG    | scraper.parser | Product 51 parsed: SereneLife 4 in 1 Multi Game Table, 4’x2’ Folding Portable S
2026-07-28 23:25:25 | DEBUG    | scraper.parser | Product 52 parsed: Ping Pong Paddle Set with Rackets, Balls & Carry Case for Ta
2026-07-28 23:25:26 | DEBUG    | scraper.parser | Product 53 parsed: iPong V300 Table Tennis Training Robot - Serves 40mm Regulat
2026-07-28 23:25:26 | DEBUG    | scraper.parser | Product 54 parsed: Professional Ping Pong Paddles Set of 2/4 with Table Tennis 
2026-07-28 23:25:26 | DEBUG    | scraper.parser | Product 55 parsed: JOOLA Infinity Carbon Professional Ping Pong Paddles - Ergon
2026-07-28 23:25:26 | DEBUG    | scraper.parser | Product 56 parsed: SereneLife Midsize Foldable Ping Pong Table Set with Net, Cl
2026-07-28 23:25:26 | DEBUG    | scraper.parser | Product 57 parsed: Junkin 8 Pieces Table Tennis Paddles Kit Professional Racket
2026-07-28 23:25:26 | DEBUG    | scraper.parser | Product 58 parsed: EastPoint Sports Everywhere Table Tennis Net & Paddle Set - 
2026-07-28 23:25:26 | DEBUG    | scraper.parser | Product 59 parsed: JOOLA Outdoor Ping Pong Table Cover Fits Both Folding & Flat
2026-07-28 23:25:27 | DEBUG    | scraper.parser | Product 60 parsed: STIGA Ping Pong Paddles - 2mm Tournament-Approved Sponge - F
2026-07-28 23:25:27 | INFO     | scraper.search | Page 2: Extracted 60 products (total: 120)
2026-07-28 23:25:27 | DEBUG    | utils.resume | Progress saved: keyword='Table Tennis', last_completed_page=2
2026-07-28 23:25:27 | INFO     | scraper.search | Scraping complete. Total products extracted: 120
2026-07-28 23:25:27 | INFO     | __main__ | Scraping finished: 120 products extracted.
2026-07-28 23:25:27 | INFO     | filters.product_filter | No filters applied. All 120 products kept.
2026-07-28 23:25:27 | INFO     | exporters.csv_exporter | CSV export complete: 120 products saved to 'E:\Anas\internship\Week3\Amazon_Automation\output\results.csv'
2026-07-28 23:25:27 | INFO     | exporters.json_exporter | JSON export complete: 120 products saved to 'E:\Anas\internship\Week3\Amazon_Automation\output\results.json'
2026-07-28 23:25:27 | INFO     | exporters.sqlite_exporter | SQLite export complete: 120 products saved to 'E:\Anas\internship\Week3\Amazon_Automation\output\results.db' (0 skipped — no ASIN)
2026-07-28 23:25:27 | DEBUG    | utils.resume | Progress file cleared.
2026-07-28 23:25:27 | INFO     | __main__ | ------------------------------------------------------------
2026-07-28 23:25:27 | INFO     | __main__ | SCRAPE SUMMARY
2026-07-28 23:25:27 | INFO     | __main__ | ------------------------------------------------------------
2026-07-28 23:25:27 | INFO     | __main__ | Keyword:          Table Tennis
2026-07-28 23:25:27 | INFO     | __main__ | Pages scraped:    2
2026-07-28 23:25:27 | INFO     | __main__ | Products found:   120
2026-07-28 23:25:27 | INFO     | __main__ | After filtering:  120
2026-07-28 23:25:27 | INFO     | __main__ | Time elapsed:     56.8 seconds
2026-07-28 23:25:27 | INFO     | __main__ | CSV output:       E:\Anas\internship\Week3\Amazon_Automation\output\results.csv
2026-07-28 23:25:27 | INFO     | __main__ | JSON output:      E:\Anas\internship\Week3\Amazon_Automation\output\results.json
2026-07-28 23:25:27 | INFO     | __main__ | SQLite output:    E:\Anas\internship\Week3\Amazon_Automation\output\results.db
2026-07-28 23:25:27 | INFO     | __main__ | ============================================================
2026-07-28 23:25:27 | INFO     | __main__ | Scraping completed successfully!
2026-07-28 23:25:27 | INFO     | __main__ | ============================================================
2026-07-28 23:25:29 | INFO     | scraper.driver | Chrome WebDriver closed successfully.
2026-07-28 23:30:28 | INFO     | __main__ | ============================================================
2026-07-28 23:30:28 | INFO     | __main__ | Amazon Product Search Scraper — Starting
2026-07-28 23:30:28 | INFO     | __main__ | ============================================================
2026-07-28 23:30:28 | INFO     | __main__ | Keyword:    oneplus phone cases
2026-07-28 23:30:28 | INFO     | __main__ | Pages:      5
2026-07-28 23:30:28 | INFO     | __main__ | Headless:   True
2026-07-28 23:30:28 | INFO     | __main__ | Resume:     False
2026-07-28 23:30:28 | INFO     | __main__ | Location:   Zip Code 10001
2026-07-28 23:30:28 | INFO     | __main__ | ------------------------------------------------------------
2026-07-28 23:30:28 | INFO     | scraper.driver | Initializing Chrome WebDriver (headless=True)...
2026-07-28 23:30:35 | INFO     | scraper.driver | Chrome WebDriver initialized successfully.
2026-07-28 23:30:35 | INFO     | scraper.search | Starting scrape: keyword='oneplus phone cases', pages 1 to 5
2026-07-28 23:30:35 | INFO     | scraper.search | ━━━ Scraping page 1 of 5 ━━━
2026-07-28 23:30:35 | INFO     | scraper.search | Setting delivery location to zipcode: 10001
2026-07-28 23:30:47 | WARNING  | scraper.search | Failed to set delivery location: Message: 
Stacktrace:
	chromedriver!GetHandleVerifier [0x7ff695e70d25+155a5]
	chromedriver!GetHandleVerifier [0x7ff695e70d80+15600]
	chromedriver!(No symbol) [0x7ff6959c594d]
	chromedriver!(No symbol) [0x7ff695a208e9]
	chromedriver!(No symbol) [0x7ff695a20bec]
	chromedriver!(No symbol) [0x7ff695a71437]
	chromedriver!(No symbol) [0x7ff695a6e01b]
	chromedriver!(No symbol) [0x7ff695a12e6c]
	chromedriver!(No symbol) [0x7ff695a13d93]
	chromedriver!GetHandleVerifier [0x7ff696456431+5facb1]
	chromedriver!GetHandleVerifier [0x7ff696450a9b+5f531b]
	chromedriver!GetHandleVerifier [0x7ff696475865+61a0e5]
	chromedriver!GetHandleVerifier [0x7ff695e8dace+3234e]
	chromedriver!GetHandleVerifier [0x7ff695e9661c+3ae9c]
	chromedriver!GetHandleVerifier [0x7ff695e7ab74+1f3f4]
	chromedriver!GetHandleVerifier [0x7ff695e7ad04+1f584]
	chromedriver!GetHandleVerifier [0x7ff695e5d9d7+2257]
	KERNEL32!BaseThreadInitThunk [0x7ffb3b9f7374+14]
	ntdll!RtlUserThreadStart [0x7ffb3bd1cc91+21]

2026-07-28 23:30:47 | INFO     | scraper.search | Navigating to Amazon homepage...
2026-07-28 23:30:49 | DEBUG    | scraper.search | Search input found. Typing keyword: 'oneplus phone cases'
2026-07-28 23:30:54 | INFO     | scraper.search | Search submitted for keyword: 'oneplus phone cases'
2026-07-28 23:30:56 | INFO     | scraper.parser | Found 22 product cards on the page.
2026-07-28 23:30:56 | DEBUG    | scraper.parser | Product 1 parsed: Silicone Case for OnePlus 13, Deep Purple | Soft Silicone Si
2026-07-28 23:30:56 | DEBUG    | scraper.parser | Product 2 parsed: for OnePlus 10 Pro Case 5G, Soft TPU Artificial Leather Back
2026-07-28 23:30:57 | DEBUG    | scraper.parser | Product 3 parsed: For OnePlus Nord N200 5G Case: Shockproof Non Slip Drop Prot
2026-07-28 23:30:57 | DEBUG    | scraper.parser | Product 4 parsed: Gritup Fit for OnePlus Nord N30 5G Case with Slide Camera Co
2026-07-28 23:30:57 | DEBUG    | scraper.parser | Product 5 parsed: Oneplus Nord N200 5G Case: Military Grade 16ft Drop Tested, 
2026-07-28 23:30:57 | DEBUG    | scraper.parser | Product 6 parsed: FNTCASE for OnePlus 15 Case, Fit for Magsafe, Screen Protect
2026-07-28 23:30:57 | DEBUG    | scraper.parser | Product 7 parsed: for OnePlus 15R case 5G Flowers and Marble Slim Anti-Drop Sh
2026-07-28 23:30:57 | DEBUG    | scraper.parser | Product 8 parsed: Osophter for Oneplus Nord N10 Case Shock-Absorption Flexible
2026-07-28 23:30:57 | DEBUG    | scraper.parser | Product 9 parsed: for OnePlus Nord N200 5G Phone case, Shockproof, Scratch Res
2026-07-28 23:30:57 | DEBUG    | scraper.parser | Product 10 parsed: ATUMP for OnePlus Nord N200 5G Case with HD Screen Protector
2026-07-28 23:30:58 | DEBUG    | scraper.parser | Product 11 parsed: FNTCASE for OnePlus 13 Case: Non Slip One Plus 13 Matte TPU 
2026-07-28 23:30:58 | DEBUG    | scraper.parser | Product 12 parsed: Cute Cheetah Print Phone Case for OnePlus Nord N30 5g 6.72",
2026-07-28 23:30:58 | DEBUG    | scraper.parser | Product 13 parsed: for OnePlus Nord N10 5G Case with [2 Pack] Tempered Glass Sc
2026-07-28 23:30:58 | DEBUG    | scraper.parser | Product 14 parsed: Poetic Revolution Case for OnePlus Nord N30 5G, [20FT Mil-Gr
2026-07-28 23:30:58 | DEBUG    | scraper.parser | Product 15 parsed: DETUOSI Oneplus Nord N200 5G Phone Case, Built in Screen Pro
2026-07-28 23:30:58 | DEBUG    | scraper.parser | Product 16 parsed: for OnePlus 8【Not fit 8T】 Case, for OnePlus 1+8 Case Dual La
2026-07-28 23:30:58 | DEBUG    | scraper.parser | Product 17 parsed: for oneplus 15R Case 5G 6.83", [10FT Military Grade Drop Tes
2026-07-28 23:30:58 | DEBUG    | scraper.parser | Product 18 parsed: ENCASED Falcon Armor Designed for OnePlus 9 Case with Screen
2026-07-28 23:30:58 | DEBUG    | scraper.parser | Product 19 parsed: for OnePlus Nord N30 5G Phone Case with 3 Pack Tempered Glas
2026-07-28 23:30:59 | DEBUG    | scraper.parser | Product 20 parsed: FNTCASE for OnePlus 15 Case, Built-in Screen Protector, Kick
2026-07-28 23:30:59 | DEBUG    | scraper.parser | Product 21 parsed: OtterBox OnePlus Nord N200 5G Commuter Series Lite Case - Bl
2026-07-28 23:30:59 | DEBUG    | scraper.parser | Product 22 parsed: Bcov Case for OnePlus Nord N200 5G, Hummingbird in Flowers B
2026-07-28 23:30:59 | INFO     | scraper.search | Page 1: Extracted 22 products (total: 22)
2026-07-28 23:30:59 | DEBUG    | utils.resume | Progress saved: keyword='oneplus phone cases', last_completed_page=1
2026-07-28 23:30:59 | INFO     | scraper.search | ━━━ Scraping page 2 of 5 ━━━
2026-07-28 23:30:59 | INFO     | scraper.search | Navigating to page 2: https://www.amazon.com/s?k=oneplus phone cases&page=2
2026-07-28 23:31:04 | DEBUG    | scraper.search | Page 2 loaded successfully.
2026-07-28 23:31:04 | INFO     | scraper.parser | Found 22 product cards on the page.
2026-07-28 23:31:04 | DEBUG    | scraper.parser | Product 1 parsed: for OnePlus 10 Pro Case 5G, Soft TPU Artificial Leather Back
2026-07-28 23:31:04 | DEBUG    | scraper.parser | Product 2 parsed: Compatible for Oneplus 1+ 10T Phone Case with Folding Kickst
2026-07-28 23:31:04 | DEBUG    | scraper.parser | Product 3 parsed: for Oneplus 9 5G Phone case,1+9 5G Case Shockproof, Scratch 
2026-07-28 23:31:04 | DEBUG    | scraper.parser | Product 4 parsed: for OnePlus Nord N20 5G Case with Slide Camera Cover and 2pc
2026-07-28 23:31:04 | DEBUG    | scraper.parser | Product 5 parsed: Dionsibei Military Grade Drop Impact for Oneplus Nord N200 5
2026-07-28 23:31:05 | DEBUG    | scraper.parser | Product 6 parsed: for OnePlus Nord N200 5G Case, Slim Flexible TPU for Girls W
2026-07-28 23:31:05 | DEBUG    | scraper.parser | Product 7 parsed: Cellular Phone Case for Oneplus Nord N200 5G, Clear TPU Shoc
2026-07-28 23:31:05 | DEBUG    | scraper.parser | Product 8 parsed: TUDIA DualShield Grip Designed for OnePlus10T Case 5G, [Merg
2026-07-28 23:31:05 | DEBUG    | scraper.parser | Product 9 parsed: Osophter for Oneplus 8 Case [Not Compatible with Oneplus 8t]
2026-07-28 23:31:05 | DEBUG    | scraper.parser | Product 10 parsed: Magnetic Leather Case for OnePlus Open with Rotating Kicksta
2026-07-28 23:31:05 | DEBUG    | scraper.parser | Product 11 parsed: Cute Cheetah Print Phone Case for OnePlus Nord N30 5g 6.72",
2026-07-28 23:31:05 | DEBUG    | scraper.parser | Product 12 parsed: Bcov Case for Oneplus Nord N30 5G,Sunflower Bee Flip Phone C
2026-07-28 23:31:05 | DEBUG    | scraper.parser | Product 13 parsed: MAKAVO Magnetic for OnePlus 13 Case [Compatible with MagSafe
2026-07-28 23:31:05 | DEBUG    | scraper.parser | Product 14 parsed: MAKAVO for OnePlus Nord N30 5G Case with Glass Screen Protec
2026-07-28 23:31:06 | DEBUG    | scraper.parser | Product 15 parsed: TUDIA MergeGrip Designed for OnePlus 15R Case 5G (2026) - [M
2026-07-28 23:31:06 | DEBUG    | scraper.parser | Product 16 parsed: nancheng Cute Butterfly Kickstand Phone Case for OnePlus Nor
2026-07-28 23:31:06 | DEBUG    | scraper.parser | Product 17 parsed: Designed for OnePlus 15R Case,Flexible TPU [Brushed Texture]
2026-07-28 23:31:06 | DEBUG    | scraper.parser | Product 18 parsed: Ringke for OnePlus 13 Case [Fusion-X Magnetic Black] | Compa
2026-07-28 23:31:06 | DEBUG    | scraper.parser | Product 19 parsed: for OnePlus 7 Pro Case, for OnePlus 1+7 Pro Case Dual Layer 
2026-07-28 23:31:06 | DEBUG    | scraper.parser | Product 20 parsed: MAKAVO Magnetic for OnePlus 12 Case [Compatible with MagSafe
2026-07-28 23:31:06 | DEBUG    | scraper.parser | Product 21 parsed: Wallet Flip Case for OnePlus 15 5G - [RFID Blocking] Luxury 
2026-07-28 23:31:06 | DEBUG    | scraper.parser | Product 22 parsed: Bcov Case for OnePlus Nord N300 5G, Mandala Flower Space Lea
2026-07-28 23:31:06 | INFO     | scraper.search | Page 2: Extracted 22 products (total: 44)
2026-07-28 23:31:06 | DEBUG    | utils.resume | Progress saved: keyword='oneplus phone cases', last_completed_page=2
2026-07-28 23:31:06 | INFO     | scraper.search | ━━━ Scraping page 3 of 5 ━━━
2026-07-28 23:31:06 | INFO     | scraper.search | Navigating to page 3: https://www.amazon.com/s?k=oneplus phone cases&page=3
2026-07-28 23:31:10 | DEBUG    | scraper.search | Page 3 loaded successfully.
2026-07-28 23:31:10 | INFO     | scraper.parser | Found 22 product cards on the page.
2026-07-28 23:31:11 | DEBUG    | scraper.parser | Product 1 parsed: for OnePlus 10 Pro Case 5G, Soft TPU Artificial Leather Back
2026-07-28 23:31:11 | DEBUG    | scraper.parser | Product 2 parsed: Compatible for Oneplus 1+ 10T Phone Case with Folding Kickst
2026-07-28 23:31:11 | DEBUG    | scraper.parser | Product 3 parsed: FNTCASE for OnePlus 15R Case, Fit for Magsafe, Screen Protec
2026-07-28 23:31:11 | DEBUG    | scraper.parser | Product 4 parsed: LeYi for Oneplus Nord N200-5G Case Military-Grade & Magnetic
2026-07-28 23:31:11 | DEBUG    | scraper.parser | Product 5 parsed: Poetic Revolution Series Designed for Oneplus 10T Case, Full
2026-07-28 23:31:11 | DEBUG    | scraper.parser | Product 6 parsed: Osophter for Oneplus Nord N100 Case Shock-Absorption Flexibl
2026-07-28 23:31:11 | DEBUG    | scraper.parser | Product 7 parsed: Compatible for Oneplus 10T 5G Phone Case, 360° Rotatable Rin
2026-07-28 23:31:11 | DEBUG    | scraper.parser | Product 8 parsed: Poetic Guardian Series Case Designed for OnePlus Nord N10 5G
2026-07-28 23:31:11 | DEBUG    | scraper.parser | Product 9 parsed: FNTCASE for Oneplus 15R Clear Case with Screen Protector Pho
2026-07-28 23:31:12 | DEBUG    | scraper.parser | Product 10 parsed: for OnePlus 9 Case【Not Fit 9 Pro】 with [2 Pack] Tempered Gla
2026-07-28 23:31:12 | DEBUG    | scraper.parser | Product 11 parsed: for oneplus 15R Case 5G 6.83", [10FT Military Grade Drop Tes
2026-07-28 23:31:12 | DEBUG    | scraper.parser | Product 12 parsed: Cute Cheetah Print Phone Case for OnePlus Nord N30 5g 6.72",
2026-07-28 23:31:12 | DEBUG    | scraper.parser | Product 13 parsed: LeYi for OnePlus-15 Case MagSafe Fit Matte Translucent Shock
2026-07-28 23:31:12 | DEBUG    | scraper.parser | Product 14 parsed: Compatible for OnePlus 11 5G Phone Case, 360° Rotatable Ring
2026-07-28 23:31:12 | DEBUG    | scraper.parser | Product 15 parsed: Ailiber for OnePlus Nord N30 Phone Case, Dual Layer, Screen 
2026-07-28 23:31:12 | DEBUG    | scraper.parser | Product 16 parsed: Poetic Guardian Case for OnePlus 12R 5G (2024), Built-in Scr
2026-07-28 23:31:12 | DEBUG    | scraper.parser | Product 17 parsed: Poetic Revolution Case Compatible with OnePlus 12R 5G (2024)
2026-07-28 23:31:13 | DEBUG    | scraper.parser | Product 18 parsed: Case for Oneplus Nord N200 5G, 1+ Nord N200 5G Phone Case He
2026-07-28 23:31:13 | DEBUG    | scraper.parser | Product 19 parsed: TUDIA MergeGrip for OnePlus 13 Case 5G (2025) - [Military Gr
2026-07-28 23:31:13 | DEBUG    | scraper.parser | Product 20 parsed: for OnePlus Open Case with Privacy Screen Protector, All-Inc
2026-07-28 23:31:13 | DEBUG    | scraper.parser | Product 21 parsed: Bcov Case for Oneplus Nord N30 5G,Sunflower Bee Flip Phone C
2026-07-28 23:31:13 | DEBUG    | scraper.parser | Product 22 parsed: TJS Compatible for OnePlus Nord N30 5G Phone Case (Green) | 
2026-07-28 23:31:13 | INFO     | scraper.search | Page 3: Extracted 22 products (total: 66)
2026-07-28 23:31:13 | DEBUG    | utils.resume | Progress saved: keyword='oneplus phone cases', last_completed_page=3
2026-07-28 23:31:13 | INFO     | scraper.search | ━━━ Scraping page 4 of 5 ━━━
2026-07-28 23:31:13 | INFO     | scraper.search | Navigating to page 4: https://www.amazon.com/s?k=oneplus phone cases&page=4
2026-07-28 23:31:16 | DEBUG    | scraper.search | Page 4 loaded successfully.
2026-07-28 23:31:16 | INFO     | scraper.parser | Found 22 product cards on the page.
2026-07-28 23:31:17 | DEBUG    | scraper.parser | Product 1 parsed: for OnePlus 10 Pro Case 5G, Soft TPU Artificial Leather Back
2026-07-28 23:31:17 | DEBUG    | scraper.parser | Product 2 parsed: Compatible for Oneplus 1+ 10T Phone Case with Folding Kickst
2026-07-28 23:31:17 | DEBUG    | scraper.parser | Product 3 parsed: Compatible with Oneplus 8T Phone Case 6.5" 6.5" Clear | Onep
2026-07-28 23:31:17 | DEBUG    | scraper.parser | Product 4 parsed: for Oneplus Open Case, Built-in Screen Protector, Full Hinge
2026-07-28 23:31:17 | DEBUG    | scraper.parser | Product 5 parsed: Poetic for OnePlus 15 Case, | Compatible with MagSafe | 360°
2026-07-28 23:31:17 | DEBUG    | scraper.parser | Product 6 parsed: TUDIA MergeGrip [Magsafe Compatible] for OnePlus 15 5G Case 
2026-07-28 23:31:17 | DEBUG    | scraper.parser | Product 7 parsed: Case for OnePlus 13, Anti-Fingerprint Faux Leather Back + So
2026-07-28 23:31:17 | DEBUG    | scraper.parser | Product 8 parsed: TUDIA MergeGrip Phone Case for OnePlus 12 5G 2024 - Military
2026-07-28 23:31:17 | DEBUG    | scraper.parser | Product 9 parsed: OtterBox OnePlus Nord N20 5g Commuter Series Case - Black, S
2026-07-28 23:31:18 | DEBUG    | scraper.parser | Product 10 parsed: OtterBox OnePlus Nord N20 5g Commuter Series Case - Slim and
2026-07-28 23:31:18 | DEBUG    | scraper.parser | Product 11 parsed: for oneplus 15R Case 5G 6.83", [10FT Military Grade Drop Tes
2026-07-28 23:31:18 | DEBUG    | scraper.parser | Product 12 parsed: Cute Cheetah Print Phone Case for OnePlus Nord N30 5g 6.72",
2026-07-28 23:31:18 | DEBUG    | scraper.parser | Product 13 parsed: MAKAVO Slim Fit for OnePlus Nord N20 5G Case with Screen Pro
2026-07-28 23:31:18 | DEBUG    | scraper.parser | Product 14 parsed: Zeking for OnePlus Open Case, Crystal Clear Slim Fit Thin Li
2026-07-28 23:31:18 | DEBUG    | scraper.parser | Product 15 parsed: TUDIA [Military Grade Designed for OnePlus 13R Case 5G (2025
2026-07-28 23:31:18 | DEBUG    | scraper.parser | Product 16 parsed: Cresee Case for OnePlus Open, Thin Hard Matte Phone Case wit
2026-07-28 23:31:18 | DEBUG    | scraper.parser | Product 17 parsed: Case for OnePlus 13R 5G, Military Grade Drop Protection Phon
2026-07-28 23:31:18 | DEBUG    | scraper.parser | Product 18 parsed: TUDIA DualShield Grip Designed for OnePlus 11 Case 5G (2023)
2026-07-28 23:31:19 | DEBUG    | scraper.parser | Product 19 parsed: Magnetic for OnePlus 13 Case [Compatible with MagSafe] Trans
2026-07-28 23:31:19 | DEBUG    | scraper.parser | Product 20 parsed: for OnePlus 6T/OnePlus 7 Case with [2 Pack] Tempered Glass S
2026-07-28 23:31:19 | DEBUG    | scraper.parser | Product 21 parsed: Bcov Case for OnePlus Nord N300 5G, Mandala Flower Space Lea
2026-07-28 23:31:19 | DEBUG    | scraper.parser | Product 22 parsed: Silicone Case for OnePlus 13, Mint Green | Soft Silicone Sil
2026-07-28 23:31:19 | INFO     | scraper.search | Page 4: Extracted 22 products (total: 88)
2026-07-28 23:31:19 | DEBUG    | utils.resume | Progress saved: keyword='oneplus phone cases', last_completed_page=4
2026-07-28 23:31:19 | INFO     | scraper.search | ━━━ Scraping page 5 of 5 ━━━
2026-07-28 23:31:19 | INFO     | scraper.search | Navigating to page 5: https://www.amazon.com/s?k=oneplus phone cases&page=5
2026-07-28 23:31:24 | DEBUG    | scraper.search | Page 5 loaded successfully.
2026-07-28 23:31:24 | INFO     | scraper.parser | Found 22 product cards on the page.
2026-07-28 23:31:24 | DEBUG    | scraper.parser | Product 1 parsed: for OnePlus 10 Pro Case 5G, Soft TPU Artificial Leather Back
2026-07-28 23:31:24 | DEBUG    | scraper.parser | Product 2 parsed: Compatible for Oneplus 1+ 10T Phone Case with Folding Kickst
2026-07-28 23:31:24 | DEBUG    | scraper.parser | Product 3 parsed: Oneplus Nord N20 5G Case, Built in Screen Protector Full Bod
2026-07-28 23:31:24 | DEBUG    | scraper.parser | Product 4 parsed: TUDIA MergeGrip [Military Grade] Designed for OnePlus 12R Ca
2026-07-28 23:31:25 | DEBUG    | scraper.parser | Product 5 parsed: Nillkin for OnePlus Open Case with Metal Kickstand Camera Le
2026-07-28 23:31:25 | DEBUG    | scraper.parser | Product 6 parsed: TUDIA DualShield Merge Grip Phone Case for OnePlus Nord N30 
2026-07-28 23:31:25 | DEBUG    | scraper.parser | Product 7 parsed: Poetic Revolution Case for OnePlus 13 5G, [Slide Camera Cove
2026-07-28 23:31:25 | DEBUG    | scraper.parser | Product 8 parsed: for Oneplus Open Case with 360° Magnetic Rotatable Ring Stan
2026-07-28 23:31:25 | DEBUG    | scraper.parser | Product 9 parsed: Osophter Cellular Phone Case for Oneplus 8T 5G, Shock-Absorp
2026-07-28 23:31:25 | DEBUG    | scraper.parser | Product 10 parsed: OtterBox OnePlus Nord N300 5G Commuter Series Lite Case - Bl
2026-07-28 23:31:25 | DEBUG    | scraper.parser | Product 11 parsed: for oneplus 15R Case 5G 6.83", [10FT Military Grade Drop Tes
2026-07-28 23:31:25 | DEBUG    | scraper.parser | Product 12 parsed: Cute Cheetah Print Phone Case for OnePlus Nord N30 5g 6.72",
2026-07-28 23:31:26 | DEBUG    | scraper.parser | Product 13 parsed: Nillkin for OnePlus 15 MagSafe Case, MagSafe Compatible, Sho
2026-07-28 23:31:26 | DEBUG    | scraper.parser | Product 14 parsed: Compatible with OnePlus Nord N20 5G Case Silicone Liquid Dar
2026-07-28 23:31:26 | DEBUG    | scraper.parser | Product 15 parsed: Clear Protective Case for Oneplus 9 Case Shockproof [Hard PC
2026-07-28 23:31:26 | DEBUG    | scraper.parser | Product 16 parsed: Case for OnePlus Nord N100 Case, OnePlus N100 BE2013 Wallet 
2026-07-28 23:31:26 | DEBUG    | scraper.parser | Product 17 parsed: for OnePlus 10 Pro 5G Case, for OnePlus 10 Pro Case Dual Lay
2026-07-28 23:31:26 | DEBUG    | scraper.parser | Product 18 parsed: Poetic Guardian Case Compatible with OnePlus 12 5G (2024), B
2026-07-28 23:31:26 | DEBUG    | scraper.parser | Product 19 parsed: Case Compatible with Cellphone Oneplus 6T Case, Carbon Fiber
2026-07-28 23:31:26 | DEBUG    | scraper.parser | Product 20 parsed: Osophter for Oneplus Nord N200 5G Case with 2pcs Screen Prot
2026-07-28 23:31:26 | DEBUG    | scraper.parser | Product 21 parsed: Silicone Case for OnePlus 13, Mint Green | Soft Silicone Sil
2026-07-28 23:31:27 | DEBUG    | scraper.parser | Product 22 parsed: Bcov Case for OnePlus Nord N300 5G, Mandala Flower Space Lea
2026-07-28 23:31:27 | INFO     | scraper.search | Page 5: Extracted 22 products (total: 110)
2026-07-28 23:31:27 | DEBUG    | utils.resume | Progress saved: keyword='oneplus phone cases', last_completed_page=5
2026-07-28 23:31:27 | INFO     | scraper.search | Scraping complete. Total products extracted: 110
2026-07-28 23:31:27 | INFO     | __main__ | Scraping finished: 110 products extracted.
2026-07-28 23:31:27 | INFO     | filters.product_filter | No filters applied. All 110 products kept.
2026-07-28 23:31:27 | INFO     | exporters.csv_exporter | CSV export complete: 110 products saved to 'E:\Anas\internship\Week3\Amazon_Automation\output\results.csv'
2026-07-28 23:31:27 | INFO     | exporters.json_exporter | JSON export complete: 110 products saved to 'E:\Anas\internship\Week3\Amazon_Automation\output\results.json'
2026-07-28 23:31:27 | INFO     | exporters.sqlite_exporter | SQLite export complete: 110 products saved to 'E:\Anas\internship\Week3\Amazon_Automation\output\results.db' (0 skipped — no ASIN)
2026-07-28 23:31:27 | DEBUG    | utils.resume | Progress file cleared.
2026-07-28 23:31:27 | INFO     | __main__ | ------------------------------------------------------------
2026-07-28 23:31:27 | INFO     | __main__ | SCRAPE SUMMARY
2026-07-28 23:31:27 | INFO     | __main__ | ------------------------------------------------------------
2026-07-28 23:31:27 | INFO     | __main__ | Keyword:          oneplus phone cases
2026-07-28 23:31:27 | INFO     | __main__ | Pages scraped:    5
2026-07-28 23:31:27 | INFO     | __main__ | Products found:   110
2026-07-28 23:31:27 | INFO     | __main__ | After filtering:  110
2026-07-28 23:31:27 | INFO     | __main__ | Time elapsed:     58.3 seconds
2026-07-28 23:31:27 | INFO     | __main__ | CSV output:       E:\Anas\internship\Week3\Amazon_Automation\output\results.csv
2026-07-28 23:31:27 | INFO     | __main__ | JSON output:      E:\Anas\internship\Week3\Amazon_Automation\output\results.json
2026-07-28 23:31:27 | INFO     | __main__ | SQLite output:    E:\Anas\internship\Week3\Amazon_Automation\output\results.db
2026-07-28 23:31:27 | INFO     | __main__ | ============================================================
2026-07-28 23:31:27 | INFO     | __main__ | Scraping completed successfully!
2026-07-28 23:31:27 | INFO     | __main__ | ============================================================
2026-07-28 23:31:29 | INFO     | scraper.driver | Chrome WebDriver closed successfully.
2026-07-28 23:32:40 | INFO     | __main__ | ============================================================
2026-07-28 23:32:40 | INFO     | __main__ | Amazon Product Search Scraper — Starting
2026-07-28 23:32:40 | INFO     | __main__ | ============================================================
2026-07-28 23:32:40 | INFO     | __main__ | Keyword:    oneplus phone cases
2026-07-28 23:32:40 | INFO     | __main__ | Pages:      5
2026-07-28 23:32:40 | INFO     | __main__ | Headless:   False
2026-07-28 23:32:40 | INFO     | __main__ | Resume:     False
2026-07-28 23:32:40 | INFO     | __main__ | Location:   Zip Code 10001
2026-07-28 23:32:40 | INFO     | __main__ | ------------------------------------------------------------
2026-07-28 23:32:40 | INFO     | scraper.driver | Initializing Chrome WebDriver (headless=False)...
2026-07-28 23:32:47 | INFO     | scraper.driver | Chrome WebDriver initialized successfully.
2026-07-28 23:32:47 | INFO     | scraper.search | Starting scrape: keyword='oneplus phone cases', pages 1 to 5
2026-07-28 23:32:47 | INFO     | scraper.search | ━━━ Scraping page 1 of 5 ━━━
2026-07-28 23:32:47 | INFO     | scraper.search | Setting delivery location to zipcode: 10001
2026-07-28 23:33:09 | INFO     | scraper.search | Delivery location successfully updated.
2026-07-28 23:33:09 | INFO     | scraper.search | Navigating to Amazon homepage...
2026-07-28 23:33:11 | DEBUG    | scraper.search | Search input found. Typing keyword: 'oneplus phone cases'
2026-07-28 23:33:20 | INFO     | scraper.search | Search submitted for keyword: 'oneplus phone cases'
2026-07-28 23:33:23 | INFO     | scraper.parser | Found 22 product cards on the page.
2026-07-28 23:33:23 | DEBUG    | scraper.parser | Product 1 parsed: Silicone Case for OnePlus 13, Deep Purple | Soft Silicone Si
2026-07-28 23:33:23 | DEBUG    | scraper.parser | Product 2 parsed: for OnePlus 10 Pro Case 5G, Soft TPU Artificial Leather Back
2026-07-28 23:33:23 | DEBUG    | scraper.parser | Product 3 parsed: For OnePlus Nord N200 5G Case: Shockproof Non Slip Drop Prot
2026-07-28 23:33:23 | DEBUG    | scraper.parser | Product 4 parsed: Gritup Fit for OnePlus Nord N30 5G Case with Slide Camera Co
2026-07-28 23:33:24 | DEBUG    | scraper.parser | Product 5 parsed: Oneplus Nord N200 5G Case: Military Grade 16ft Drop Tested, 
2026-07-28 23:33:24 | DEBUG    | scraper.parser | Product 6 parsed: for OnePlus Nord N200 5G Phone case, Shockproof, Scratch Res
2026-07-28 23:33:24 | DEBUG    | scraper.parser | Product 7 parsed: Cute Cheetah Print Phone Case for OnePlus Nord N30 5g 6.72",
2026-07-28 23:33:24 | DEBUG    | scraper.parser | Product 8 parsed: Osophter for Oneplus Nord N10 Case Shock-Absorption Flexible
2026-07-28 23:33:24 | DEBUG    | scraper.parser | Product 9 parsed: FNTCASE for OnePlus 15 Case, Fit for Magsafe, Screen Protect
2026-07-28 23:33:24 | DEBUG    | scraper.parser | Product 10 parsed: ATUMP for OnePlus Nord N200 5G Case with HD Screen Protector
2026-07-28 23:33:24 | DEBUG    | scraper.parser | Product 11 parsed: DETUOSI Oneplus Nord N200 5G Phone Case, Built in Screen Pro
2026-07-28 23:33:24 | DEBUG    | scraper.parser | Product 12 parsed: for oneplus 15R Case 5G 6.83", [10FT Military Grade Drop Tes
2026-07-28 23:33:25 | DEBUG    | scraper.parser | Product 13 parsed: Dionsibei Military Grade Drop Impact for Oneplus Nord N200 5
2026-07-28 23:33:25 | DEBUG    | scraper.parser | Product 14 parsed: for OnePlus 8【Not fit 8T】 Case, for OnePlus 1+8 Case Dual La
2026-07-28 23:33:25 | DEBUG    | scraper.parser | Product 15 parsed: FNTCASE for OnePlus 13 Case: Non Slip One Plus 13 Matte TPU 
2026-07-28 23:33:25 | DEBUG    | scraper.parser | Product 16 parsed: for Oneplus 9 5G Phone case,1+9 5G Case Shockproof, Scratch 
2026-07-28 23:33:25 | DEBUG    | scraper.parser | Product 17 parsed: Super Thin for OnePlus 13R Case, Ultra Slim Skin-Friendly An
2026-07-28 23:33:25 | DEBUG    | scraper.parser | Product 18 parsed: ENCASED Falcon Armor Designed for OnePlus 9 Case with Screen
2026-07-28 23:33:26 | DEBUG    | scraper.parser | Product 19 parsed: Poetic Revolution Case for OnePlus Nord N30 5G, [20FT Mil-Gr
2026-07-28 23:33:26 | DEBUG    | scraper.parser | Product 20 parsed: kwmobile Case Compatible with OnePlus Nord N200 5G Case - TP
2026-07-28 23:33:26 | DEBUG    | scraper.parser | Product 21 parsed: kwmobile Case Compatible with OnePlus Nord N200 5G Case - TP
2026-07-28 23:33:26 | DEBUG    | scraper.parser | Product 22 parsed: Bcov Case for OnePlus Nord N200 5G, Hummingbird in Flowers B
2026-07-28 23:33:26 | INFO     | scraper.search | Page 1: Extracted 22 products (total: 22)
2026-07-28 23:33:26 | DEBUG    | utils.resume | Progress saved: keyword='oneplus phone cases', last_completed_page=1
2026-07-28 23:33:26 | INFO     | scraper.search | ━━━ Scraping page 2 of 5 ━━━
2026-07-28 23:33:26 | INFO     | scraper.search | Navigating to page 2: https://www.amazon.com/s?k=oneplus phone cases&page=2
2026-07-28 23:33:31 | DEBUG    | scraper.search | Page 2 loaded successfully.
2026-07-28 23:33:31 | INFO     | scraper.parser | Found 22 product cards on the page.
2026-07-28 23:33:32 | DEBUG    | scraper.parser | Product 1 parsed: for OnePlus 10 Pro Case 5G, Soft TPU Artificial Leather Back
2026-07-28 23:33:32 | DEBUG    | scraper.parser | Product 2 parsed: OnePlus 10 Pro 5G Case 6.7 inch, Soft Liquid Silicone Protec
2026-07-28 23:33:32 | DEBUG    | scraper.parser | Product 3 parsed: for OnePlus Nord N20 5G Case with Slide Camera Cover and 2pc
2026-07-28 23:33:32 | DEBUG    | scraper.parser | Product 4 parsed: for OnePlus Nord N10 5G Case with [2 Pack] Tempered Glass Sc
2026-07-28 23:33:32 | DEBUG    | scraper.parser | Product 5 parsed: for OnePlus Nord N30 5G Phone Case with 3 Pack Tempered Glas
2026-07-28 23:33:32 | DEBUG    | scraper.parser | Product 6 parsed: for OnePlus Nord N200 5G Case, Slim Flexible TPU for Girls W
2026-07-28 23:33:32 | DEBUG    | scraper.parser | Product 7 parsed: OtterBox OnePlus Nord N200 5G Commuter Series Lite Case - Bl
2026-07-28 23:33:32 | DEBUG    | scraper.parser | Product 8 parsed: Cellular Phone Case for Oneplus Nord N200 5G, Clear TPU Shoc
2026-07-28 23:33:33 | DEBUG    | scraper.parser | Product 9 parsed: FNTCASE for OnePlus 15 Case, Built-in Screen Protector, Kick
2026-07-28 23:33:33 | DEBUG    | scraper.parser | Product 10 parsed: Designed for OnePlus 15R Case,Flexible TPU [Brushed Texture]
2026-07-28 23:33:33 | DEBUG    | scraper.parser | Product 11 parsed: kwmobile Case Compatible with OnePlus Nord N200 5G Case - TP
2026-07-28 23:33:33 | DEBUG    | scraper.parser | Product 12 parsed: Cute Cheetah Print Phone Case for OnePlus Nord N30 5g 6.72",
2026-07-28 23:33:33 | DEBUG    | scraper.parser | Product 13 parsed: MAKAVO for OnePlus Nord N30 5G Case with Glass Screen Protec
2026-07-28 23:33:33 | DEBUG    | scraper.parser | Product 14 parsed: nancheng Cute Butterfly Kickstand Phone Case for OnePlus Nor
2026-07-28 23:33:33 | DEBUG    | scraper.parser | Product 15 parsed: TUDIA DualShield Grip Designed for OnePlus10T Case 5G, [Merg
2026-07-28 23:33:33 | DEBUG    | scraper.parser | Product 16 parsed: Spigen Ultra Hybrid Designed for Oneplus 13 Case (2025) [Ant
2026-07-28 23:33:34 | DEBUG    | scraper.parser | Product 17 parsed: Compatible with Oneplus 8T Phone Case 6.5" 6.5" Clear | Onep
2026-07-28 23:33:34 | DEBUG    | scraper.parser | Product 18 parsed: Osophter for Oneplus Nord N100 Case Shock-Absorption Flexibl
2026-07-28 23:33:34 | DEBUG    | scraper.parser | Product 19 parsed: Poetic Guardian Series Case Designed for OnePlus Nord N10 5G
2026-07-28 23:33:34 | DEBUG    | scraper.parser | Product 20 parsed: LeYi for Oneplus Nord N200-5G Case Military-Grade & Magnetic
2026-07-28 23:33:34 | DEBUG    | scraper.parser | Product 21 parsed: for OnePlus Nord N20 5G Case Wallet with Card Holder Kicksta
2026-07-28 23:33:34 | DEBUG    | scraper.parser | Product 22 parsed: Silicone Case for OnePlus 13, Blue | Soft Silicone Silky Tou
2026-07-28 23:33:34 | INFO     | scraper.search | Page 2: Extracted 22 products (total: 44)
2026-07-28 23:33:34 | DEBUG    | utils.resume | Progress saved: keyword='oneplus phone cases', last_completed_page=2
2026-07-28 23:33:34 | INFO     | scraper.search | ━━━ Scraping page 3 of 5 ━━━
2026-07-28 23:33:34 | INFO     | scraper.search | Navigating to page 3: https://www.amazon.com/s?k=oneplus phone cases&page=3
2026-07-28 23:33:40 | DEBUG    | scraper.search | Page 3 loaded successfully.
2026-07-28 23:33:40 | INFO     | scraper.parser | Found 22 product cards on the page.
2026-07-28 23:33:40 | DEBUG    | scraper.parser | Product 1 parsed: Silicone Case for OnePlus 13, Deep Purple | Soft Silicone Si
2026-07-28 23:33:40 | DEBUG    | scraper.parser | Product 2 parsed: for OnePlus 10 Pro Case 5G, Soft TPU Artificial Leather Back
2026-07-28 23:33:40 | DEBUG    | scraper.parser | Product 3 parsed: Poetic Revolution Series Designed for Oneplus 10T Case, Full
2026-07-28 23:33:40 | DEBUG    | scraper.parser | Product 4 parsed: iCoverCase for OnePlus 9 5G Case Clear[Compatible with NA & 
2026-07-28 23:33:40 | DEBUG    | scraper.parser | Product 5 parsed: Case for Oneplus Nord N200 5G, 1+ Nord N200 5G Phone Case He
2026-07-28 23:33:41 | DEBUG    | scraper.parser | Product 6 parsed: MAKAVO Magnetic for OnePlus 12 Case [Compatible with MagSafe
2026-07-28 23:33:41 | DEBUG    | scraper.parser | Product 7 parsed: for OnePlus Nord N200 5G Case with Slide Camera Cover and 2p
2026-07-28 23:33:41 | DEBUG    | scraper.parser | Product 8 parsed: Magnetic Leather Case for OnePlus Open with Rotating Kicksta
2026-07-28 23:33:41 | DEBUG    | scraper.parser | Product 9 parsed: Compatible for Oneplus 10T 5G Phone Case, 360° Rotatable Rin
2026-07-28 23:33:41 | DEBUG    | scraper.parser | Product 10 parsed: Compatible for OnePlus 11 5G Phone Case, 360° Rotatable Ring
2026-07-28 23:33:41 | DEBUG    | scraper.parser | Product 11 parsed: Cute Cheetah Print Phone Case for OnePlus Nord N30 5g 6.72",
2026-07-28 23:33:41 | DEBUG    | scraper.parser | Product 12 parsed: for oneplus 15R Case 5G 6.83", [10FT Military Grade Drop Tes
2026-07-28 23:33:41 | DEBUG    | scraper.parser | Product 13 parsed: Poetic Revolution Case Compatible with OnePlus 12R 5G (2024)
2026-07-28 23:33:41 | DEBUG    | scraper.parser | Product 14 parsed: for OnePlus 6T/OnePlus 7 Case with [2 Pack] Tempered Glass S
2026-07-28 23:33:42 | DEBUG    | scraper.parser | Product 15 parsed: Case for OnePlus 13, Anti-Fingerprint Faux Leather Back + So
2026-07-28 23:33:42 | DEBUG    | scraper.parser | Product 16 parsed: FNTCASE for Oneplus 15R Clear Case with Screen Protector Pho
2026-07-28 23:33:42 | DEBUG    | scraper.parser | Product 17 parsed: Osophter Cellular Phone Case for Oneplus 8T 5G, Shock-Absorp
2026-07-28 23:33:42 | DEBUG    | scraper.parser | Product 18 parsed: FNTCASE for OnePlus 15R Case, Fit for Magsafe, Screen Protec
2026-07-28 23:33:42 | DEBUG    | scraper.parser | Product 19 parsed: for OnePlus Nord N200 5G Case with Screen Protector, Purple 
2026-07-28 23:33:42 | DEBUG    | scraper.parser | Product 20 parsed: MAKAVO Slim Fit for OnePlus Nord N20 5G Case with Screen Pro
2026-07-28 23:33:42 | DEBUG    | scraper.parser | Product 21 parsed: kwmobile Case Compatible with OnePlus Nord N200 5G Case - TP
2026-07-28 23:33:42 | DEBUG    | scraper.parser | Product 22 parsed: case for OnePlus 10Pro 5G Liquid Silicone TPU Phone case, St
2026-07-28 23:33:42 | INFO     | scraper.search | Page 3: Extracted 22 products (total: 66)
2026-07-28 23:33:43 | DEBUG    | utils.resume | Progress saved: keyword='oneplus phone cases', last_completed_page=3
2026-07-28 23:33:43 | INFO     | scraper.search | ━━━ Scraping page 4 of 5 ━━━
2026-07-28 23:33:43 | INFO     | scraper.search | Navigating to page 4: https://www.amazon.com/s?k=oneplus phone cases&page=4
2026-07-28 23:33:47 | DEBUG    | scraper.search | Page 4 loaded successfully.
2026-07-28 23:33:47 | INFO     | scraper.parser | Found 22 product cards on the page.
2026-07-28 23:33:47 | DEBUG    | scraper.parser | Product 1 parsed: for OnePlus 10 Pro Case 5G, Soft TPU Artificial Leather Back
2026-07-28 23:33:47 | DEBUG    | scraper.parser | Product 2 parsed: Silicone Case for OnePlus 13, Mint Green | Soft Silicone Sil
2026-07-28 23:33:48 | DEBUG    | scraper.parser | Product 3 parsed: Poetic Guardian Case for OnePlus 12R 5G (2024), Built-in Scr
2026-07-28 23:33:48 | DEBUG    | scraper.parser | Product 4 parsed: for OnePlus 8T Case【Not OnePlus 8】with [2 Pack] Tempered Gla
2026-07-28 23:33:48 | DEBUG    | scraper.parser | Product 5 parsed: kwmobile Case Compatible with OnePlus 6T Case - TPU Silicone
2026-07-28 23:33:48 | DEBUG    | scraper.parser | Product 6 parsed: for Oneplus Nord N20 5G Phone case, Shockproof, Scratch Resi
2026-07-28 23:33:48 | DEBUG    | scraper.parser | Product 7 parsed: TUDIA MergeGrip Phone Case for OnePlus 12 5G 2024 - Military
2026-07-28 23:33:48 | DEBUG    | scraper.parser | Product 8 parsed: LeYi for OnePlus-15 Case MagSafe Fit Matte Translucent Shock
2026-07-28 23:33:48 | DEBUG    | scraper.parser | Product 9 parsed: Zeking for OnePlus Open Case, Crystal Clear Slim Fit Thin Li
2026-07-28 23:33:48 | DEBUG    | scraper.parser | Product 10 parsed: kwmobile Case Compatible with OnePlus Nord N10 5G Case - TPU
2026-07-28 23:33:49 | DEBUG    | scraper.parser | Product 11 parsed: for oneplus 15R Case 5G 6.83", [10FT Military Grade Drop Tes
2026-07-28 23:33:49 | DEBUG    | scraper.parser | Product 12 parsed: for Oneplus 12 (Not Fit 12R) Phone Case,for Plus One 1+12 Mo
2026-07-28 23:33:49 | DEBUG    | scraper.parser | Product 13 parsed: for OnePlus 9 Case【Not Fit 9 Pro】 with [2 Pack] Tempered Gla
2026-07-28 23:33:49 | DEBUG    | scraper.parser | Product 14 parsed: OtterBox OnePlus Nord N300 5G Commuter Series Lite Case - Bl
2026-07-28 23:33:49 | DEBUG    | scraper.parser | Product 15 parsed: Case Compatible with Cellphone Oneplus 6T Case, Carbon Fiber
2026-07-28 23:33:49 | DEBUG    | scraper.parser | Product 16 parsed: Poetic for OnePlus 15 Case, | Compatible with MagSafe | 360°
2026-07-28 23:33:49 | DEBUG    | scraper.parser | Product 17 parsed: Nillkin for OnePlus Open Case with Camera Cover, [Hinge Prot
2026-07-28 23:33:50 | DEBUG    | scraper.parser | Product 18 parsed: TUDIA DualShield Grip Designed for OnePlus 11 Case 5G (2023)
2026-07-28 23:33:50 | DEBUG    | scraper.parser | Product 19 parsed: TUDIA MergeGrip Designed for OnePlus 15R Case 5G (2026) - [M
2026-07-28 23:33:50 | DEBUG    | scraper.parser | Product 20 parsed: Compatible with OnePlus Nord N20 5G Case Silicone Liquid Dar
2026-07-28 23:33:50 | DEBUG    | scraper.parser | Product 21 parsed: GiiYoon Silicone Case Compatible with OnePlus 15R, Full Body
2026-07-28 23:33:50 | DEBUG    | scraper.parser | Product 22 parsed: Super Thin for OnePlus 13R Case, Ultra Slim Skin-Friendly An
2026-07-28 23:33:50 | INFO     | scraper.search | Page 4: Extracted 22 products (total: 88)
2026-07-28 23:33:50 | DEBUG    | utils.resume | Progress saved: keyword='oneplus phone cases', last_completed_page=4
2026-07-28 23:33:50 | INFO     | scraper.search | ━━━ Scraping page 5 of 5 ━━━
2026-07-28 23:33:50 | INFO     | scraper.search | Navigating to page 5: https://www.amazon.com/s?k=oneplus phone cases&page=5
2026-07-28 23:33:54 | DEBUG    | scraper.search | Page 5 loaded successfully.
2026-07-28 23:33:54 | INFO     | scraper.parser | Found 22 product cards on the page.
2026-07-28 23:33:54 | DEBUG    | scraper.parser | Product 1 parsed: for OnePlus 10 Pro Case 5G, Soft TPU Artificial Leather Back
2026-07-28 23:33:54 | DEBUG    | scraper.parser | Product 2 parsed: Silicone Case for OnePlus 13, Mint Green | Soft Silicone Sil
2026-07-28 23:33:55 | DEBUG    | scraper.parser | Product 3 parsed: OnePlus Nord N30 5G/CE3 Lite Case with Tempered Glass Screen
2026-07-28 23:33:55 | DEBUG    | scraper.parser | Product 4 parsed: OtterBox OnePlus Nord N20 5g Commuter Series Case - Slim and
2026-07-28 23:33:55 | DEBUG    | scraper.parser | Product 5 parsed: Poetic Guardian Case for OnePlus Nord N30 5G, [20FT Mil-Grad
2026-07-28 23:33:55 | DEBUG    | scraper.parser | Product 6 parsed: Cresee Case for OnePlus Open, Thin Hard Matte Phone Case wit
2026-07-28 23:33:55 | DEBUG    | scraper.parser | Product 7 parsed: Asuwish Phone Case for OnePlus 8T OnePlus8T Plus 9R 5G with 
2026-07-28 23:33:55 | DEBUG    | scraper.parser | Product 8 parsed: Jusy Heavy Duty Shockproof Compatible with Oneplus 8 5g Case
2026-07-28 23:33:56 | DEBUG    | scraper.parser | Product 9 parsed: Compatible for OnePlus Nord N200 5G Phone Case with Glass Sc
2026-07-28 23:33:56 | DEBUG    | scraper.parser | Product 10 parsed: Poetic Revolution Case for OnePlus 7, [20FT Mil-Grade Drop T
2026-07-28 23:33:56 | DEBUG    | scraper.parser | Product 11 parsed: Cute Cheetah Print Phone Case for OnePlus Nord N30 5g 6.72",
2026-07-28 23:33:56 | DEBUG    | scraper.parser | Product 12 parsed: GiiYoon Silicone Case Compatible with OnePlus 15R, Full Body
2026-07-28 23:33:56 | DEBUG    | scraper.parser | Product 13 parsed: Poetic Revolution Case for OnePlus 13 5G, [Slide Camera Cove
2026-07-28 23:33:56 | DEBUG    | scraper.parser | Product 14 parsed: Poetic Guardian Case Compatible with OnePlus 12 5G (2024), B
2026-07-28 23:33:56 | DEBUG    | scraper.parser | Product 15 parsed: Spigen Tough Armor Case Compatible with OnePlus 11 5G - Blac
2026-07-28 23:33:56 | DEBUG    | scraper.parser | Product 16 parsed: Osophter for Oneplus 8 Case [Not Compatible with Oneplus 8T]
2026-07-28 23:33:57 | DEBUG    | scraper.parser | Product 17 parsed: OtterBox OnePlus Nord N10 5G Commuter Series Case - Black, S
2026-07-28 23:33:57 | DEBUG    | scraper.parser | Product 18 parsed: for Oneplus Open Case, Built-in Screen Protector, Full Hinge
2026-07-28 23:33:57 | DEBUG    | scraper.parser | Product 19 parsed: TUDIA MergeGrip [Military Grade] Designed for OnePlus 12R Ca
2026-07-28 23:33:57 | DEBUG    | scraper.parser | Product 20 parsed: Dionsibei Military Grade Drop Impact for Oneplus 9 Pro Case 
2026-07-28 23:33:57 | DEBUG    | scraper.parser | Product 21 parsed: Case for OnePlus 12 [Hinge Protection] Shockproof Dual Layer
2026-07-28 23:33:57 | DEBUG    | scraper.parser | Product 22 parsed: ADDIT OnePlus 9 Pro Case, Phone Case for OnePlus 9 Pro Case,
2026-07-28 23:33:57 | INFO     | scraper.search | Page 5: Extracted 22 products (total: 110)
2026-07-28 23:33:57 | DEBUG    | utils.resume | Progress saved: keyword='oneplus phone cases', last_completed_page=5
2026-07-28 23:33:57 | INFO     | scraper.search | Scraping complete. Total products extracted: 110
2026-07-28 23:33:57 | INFO     | __main__ | Scraping finished: 110 products extracted.
2026-07-28 23:33:57 | INFO     | filters.product_filter | No filters applied. All 110 products kept.
2026-07-28 23:33:57 | INFO     | exporters.csv_exporter | CSV export complete: 110 products saved to 'E:\Anas\internship\Week3\Amazon_Automation\output\results.csv'
2026-07-28 23:33:57 | INFO     | exporters.json_exporter | JSON export complete: 110 products saved to 'E:\Anas\internship\Week3\Amazon_Automation\output\results.json'
2026-07-28 23:33:57 | INFO     | exporters.sqlite_exporter | SQLite export complete: 110 products saved to 'E:\Anas\internship\Week3\Amazon_Automation\output\results.db' (0 skipped — no ASIN)
2026-07-28 23:33:57 | DEBUG    | utils.resume | Progress file cleared.
2026-07-28 23:33:57 | INFO     | __main__ | ------------------------------------------------------------
2026-07-28 23:33:57 | INFO     | __main__ | SCRAPE SUMMARY
2026-07-28 23:33:57 | INFO     | __main__ | ------------------------------------------------------------
2026-07-28 23:33:57 | INFO     | __main__ | Keyword:          oneplus phone cases
2026-07-28 23:33:57 | INFO     | __main__ | Pages scraped:    5
2026-07-28 23:33:57 | INFO     | __main__ | Products found:   110
2026-07-28 23:33:57 | INFO     | __main__ | After filtering:  110
2026-07-28 23:33:57 | INFO     | __main__ | Time elapsed:     77.2 seconds
2026-07-28 23:33:57 | INFO     | __main__ | CSV output:       E:\Anas\internship\Week3\Amazon_Automation\output\results.csv
2026-07-28 23:33:57 | INFO     | __main__ | JSON output:      E:\Anas\internship\Week3\Amazon_Automation\output\results.json
2026-07-28 23:33:57 | INFO     | __main__ | SQLite output:    E:\Anas\internship\Week3\Amazon_Automation\output\results.db
2026-07-28 23:33:57 | INFO     | __main__ | ============================================================
2026-07-28 23:33:57 | INFO     | __main__ | Scraping completed successfully!
2026-07-28 23:33:57 | INFO     | __main__ | ============================================================
2026-07-28 23:34:00 | INFO     | scraper.driver | Chrome WebDriver closed successfully.
2026-07-28 23:39:24 | INFO     | __main__ | ============================================================
2026-07-28 23:39:24 | INFO     | __main__ | Amazon Product Search Scraper — Starting
2026-07-28 23:39:24 | INFO     | __main__ | ============================================================
2026-07-28 23:39:24 | INFO     | __main__ | Keyword:    oneplus cases
2026-07-28 23:39:24 | INFO     | __main__ | Pages:      5
2026-07-28 23:39:24 | INFO     | __main__ | Headless:   True
2026-07-28 23:39:24 | INFO     | __main__ | Resume:     False
2026-07-28 23:39:24 | INFO     | __main__ | Location:   Zip Code 10001
2026-07-28 23:39:24 | INFO     | __main__ | ------------------------------------------------------------
2026-07-28 23:39:24 | INFO     | scraper.driver | Initializing Chrome WebDriver (headless=True)...
2026-07-28 23:39:31 | INFO     | scraper.driver | Chrome WebDriver initialized successfully.
2026-07-28 23:39:31 | INFO     | scraper.search | Starting scrape: keyword='oneplus cases', pages 1 to 5
2026-07-28 23:39:31 | INFO     | scraper.search | ━━━ Scraping page 1 of 5 ━━━
2026-07-28 23:39:31 | INFO     | scraper.search | Setting delivery location to zipcode: 10001
2026-07-28 23:39:43 | INFO     | scraper.search | Delivery location successfully updated.
2026-07-28 23:39:43 | INFO     | scraper.search | Navigating to Amazon homepage...
2026-07-28 23:39:45 | DEBUG    | scraper.search | Search input found. Typing keyword: 'oneplus cases'
2026-07-28 23:39:52 | INFO     | scraper.search | Search submitted for keyword: 'oneplus cases'
2026-07-28 23:39:53 | INFO     | scraper.parser | Found 22 product cards on the page.
2026-07-28 23:39:53 | DEBUG    | scraper.parser | Product 1 parsed: Silicone Case for OnePlus 13, Green | Soft Silicone Silky To
2026-07-28 23:39:54 | DEBUG    | scraper.parser | Product 2 parsed: For OnePlus Nord N200 5G Case: Shockproof Non Slip Drop Prot
2026-07-28 23:39:54 | DEBUG    | scraper.parser | Product 3 parsed: FNTCASE for OnePlus 15 Case, Fit for Magsafe, Screen Protect
2026-07-28 23:39:54 | DEBUG    | scraper.parser | Product 4 parsed: OnePlus 15 Magnetic Case Sandstone, Textured Grip, N52 Magne
2026-07-28 23:39:54 | DEBUG    | scraper.parser | Product 5 parsed: Oneplus Nord N200 5G Case: Military Grade 16ft Drop Tested, 
2026-07-28 23:39:54 | DEBUG    | scraper.parser | Product 6 parsed: FNTCASE for Oneplus 15 Clear Case One Plus 15 Case Compatibl
2026-07-28 23:39:54 | DEBUG    | scraper.parser | Product 7 parsed: Poetic Revolution Case for OnePlus 15 5G, | Slide Camera Cov
2026-07-28 23:39:54 | DEBUG    | scraper.parser | Product 8 parsed: Poetic Guardian Case for OnePlus 15 5G, | Magsafe Compatible
2026-07-28 23:39:55 | DEBUG    | scraper.parser | Product 9 parsed: Nillkin for OnePlus 15 MagSafe Case, MagSafe Compatible, Sho
2026-07-28 23:39:55 | DEBUG    | scraper.parser | Product 10 parsed: MAKAVO Magnetic for OnePlus 12 Case [Compatible with MagSafe
2026-07-28 23:39:55 | DEBUG    | scraper.parser | Product 11 parsed: Gritup Fit for OnePlus Nord N30 5G Case with Slide Camera Co
2026-07-28 23:39:55 | DEBUG    | scraper.parser | Product 12 parsed: Poetic Guardian Case for OnePlus 15R 5G, 20FT Mil-Grade Drop
2026-07-28 23:39:55 | DEBUG    | scraper.parser | Product 13 parsed: Poetic for OnePlus 15 Case, | Compatible with MagSafe | 360°
2026-07-28 23:39:55 | DEBUG    | scraper.parser | Product 14 parsed: Poetic Revolution Case for OnePlus 13 5G, [Slide Camera Cove
2026-07-28 23:39:55 | DEBUG    | scraper.parser | Product 15 parsed: FNTCASE for OnePlus 15 Case, Built-in Screen Protector, Kick
2026-07-28 23:39:55 | DEBUG    | scraper.parser | Product 16 parsed: FNTCASE for OnePlus 13 Case: Non Slip One Plus 13 Matte TPU 
2026-07-28 23:39:55 | DEBUG    | scraper.parser | Product 17 parsed: Super Thin for OnePlus 13R Case, Ultra Slim Skin-Friendly An
2026-07-28 23:39:56 | DEBUG    | scraper.parser | Product 18 parsed: Poetic Guardian Case for OnePlus 13 5G, Built-in Screen Prot
2026-07-28 23:39:56 | DEBUG    | scraper.parser | Product 19 parsed: Spigen Ultra Hybrid Designed for Oneplus 13 Case (2025) [Ant
2026-07-28 23:39:56 | DEBUG    | scraper.parser | Product 20 parsed: TUDIA MergeGrip [Military Grade] for OnePlus 15 5G Case (202
2026-07-28 23:39:56 | DEBUG    | scraper.parser | Product 21 parsed: case for OnePlus Buds 4 with Carabiner and Cleaning Pen, Sil
2026-07-28 23:39:56 | DEBUG    | scraper.parser | Product 22 parsed: GiiYoon Silicone Case Compatible with OnePlus 15R, Full Body
2026-07-28 23:39:56 | INFO     | scraper.search | Page 1: Extracted 22 products (total: 22)
2026-07-28 23:39:56 | DEBUG    | utils.resume | Progress saved: keyword='oneplus cases', last_completed_page=1
2026-07-28 23:39:56 | INFO     | scraper.search | ━━━ Scraping page 2 of 5 ━━━
2026-07-28 23:39:56 | INFO     | scraper.search | Navigating to page 2: https://www.amazon.com/s?k=oneplus cases&page=2
2026-07-28 23:40:00 | DEBUG    | scraper.search | Page 2 loaded successfully.
2026-07-28 23:40:00 | INFO     | scraper.parser | Found 22 product cards on the page.
2026-07-28 23:40:00 | DEBUG    | scraper.parser | Product 1 parsed: for OnePlus 12 Case with Slide Camera Cover, 360° Rotation R
2026-07-28 23:40:00 | DEBUG    | scraper.parser | Product 2 parsed: Silverback for OnePlus 12 Case Clear with Ring Kickstand | P
2026-07-28 23:40:00 | DEBUG    | scraper.parser | Product 3 parsed: for OnePlus Nord N10 5G Case with [2 Pack] Tempered Glass Sc
2026-07-28 23:40:00 | DEBUG    | scraper.parser | Product 4 parsed: LeYi for OnePlus-15 Case MagSafe Fit Matte Translucent Shock
2026-07-28 23:40:01 | DEBUG    | scraper.parser | Product 5 parsed: OtterBox OnePlus Nord N200 5G Commuter Series Lite Case - Bl
2026-07-28 23:40:01 | DEBUG    | scraper.parser | Product 6 parsed: ENCASED Falcon Armor for OnePlus 10 Pro 5G Case (2022) Ultra
2026-07-28 23:40:01 | DEBUG    | scraper.parser | Product 7 parsed: FNTCASE for OnePlus 15 Case: Non Slip One Plus 15 Matte TPU 
2026-07-28 23:40:01 | DEBUG    | scraper.parser | Product 8 parsed: Ringke Onyx for OnePlus 15 Case [Compatible with MagSafe] Oi
2026-07-28 23:40:01 | DEBUG    | scraper.parser | Product 9 parsed: ENCASED Falcon Armor Designed for OnePlus 9 Case with Screen
2026-07-28 23:40:01 | DEBUG    | scraper.parser | Product 10 parsed: ATUMP for OnePlus Nord N200 5G Case with HD Screen Protector
2026-07-28 23:40:01 | DEBUG    | scraper.parser | Product 11 parsed: GiiYoon Silicone Case Compatible with OnePlus 15R, Full Body
2026-07-28 23:40:01 | DEBUG    | scraper.parser | Product 12 parsed: Poetic Revolution Case for OnePlus 15 5G, | Slide Camera Cov
2026-07-28 23:40:01 | DEBUG    | scraper.parser | Product 13 parsed: Nillkin for OnePlus 15 Case | Slide Camera Cover | Full Came
2026-07-28 23:40:02 | DEBUG    | scraper.parser | Product 14 parsed: Compatible with Oneplus 15 Case Slim Silicone Liquid Full Bo
2026-07-28 23:40:02 | DEBUG    | scraper.parser | Product 15 parsed: Poetic Revolution Case Compatible with OnePlus 12 5G (2024),
2026-07-28 23:40:02 | DEBUG    | scraper.parser | Product 16 parsed: Ringke for OnePlus 15 Case [Fusion-X Camo Black] | Enhanced 
2026-07-28 23:40:02 | DEBUG    | scraper.parser | Product 17 parsed: FNTCASE for OnePlus 15R Case, Fit for Magsafe, Screen Protec
2026-07-28 23:40:02 | DEBUG    | scraper.parser | Product 18 parsed: Spigen Liquid Air Designed for OnePlus 12 Case (2024) - Matt
2026-07-28 23:40:02 | DEBUG    | scraper.parser | Product 19 parsed: FNTCASE for OnePlus 13 Case: Non Slip One Plus 13 Matte TPU 
2026-07-28 23:40:02 | DEBUG    | scraper.parser | Product 20 parsed: Poetic Revolution Case Compatible with OnePlus 12R 5G (2024)
2026-07-28 23:40:02 | DEBUG    | scraper.parser | Product 21 parsed: Poetic Guardian Case for OnePlus 15R 5G, 20FT Mil-Grade Drop
2026-07-28 23:40:02 | DEBUG    | scraper.parser | Product 22 parsed: Silicone Case for OnePlus 15R, Mint Green | Soft Silicone Si
2026-07-28 23:40:02 | INFO     | scraper.search | Page 2: Extracted 22 products (total: 44)
2026-07-28 23:40:02 | DEBUG    | utils.resume | Progress saved: keyword='oneplus cases', last_completed_page=2
2026-07-28 23:40:02 | INFO     | scraper.search | ━━━ Scraping page 3 of 5 ━━━
2026-07-28 23:40:02 | INFO     | scraper.search | Navigating to page 3: https://www.amazon.com/s?k=oneplus cases&page=3
2026-07-28 23:40:06 | DEBUG    | scraper.search | Page 3 loaded successfully.
2026-07-28 23:40:06 | INFO     | scraper.parser | Found 22 product cards on the page.
2026-07-28 23:40:06 | DEBUG    | scraper.parser | Product 1 parsed: for OnePlus 12 Case with Slide Camera Cover, 360° Rotation R
2026-07-28 23:40:07 | DEBUG    | scraper.parser | Product 2 parsed: Silverback for OnePlus 12 Case Clear with Ring Kickstand | P
2026-07-28 23:40:07 | DEBUG    | scraper.parser | Product 3 parsed: for OnePlus 8【Not fit 8T】 Case, for OnePlus 1+8 Case Dual La
2026-07-28 23:40:07 | DEBUG    | scraper.parser | Product 4 parsed: Nillkin for OnePlus 15 MagSafe Case, MagSafe Compatible, Mat
2026-07-28 23:40:07 | DEBUG    | scraper.parser | Product 5 parsed: Dionsibei Military Grade Drop Impact for Oneplus Nord N200 5
2026-07-28 23:40:07 | DEBUG    | scraper.parser | Product 6 parsed: for OnePlus Nord N30 5G Phone Case with 3 Pack Tempered Glas
2026-07-28 23:40:07 | DEBUG    | scraper.parser | Product 7 parsed: Poetic Revolution Case for OnePlus Nord N30 5G, [20FT Mil-Gr
2026-07-28 23:40:07 | DEBUG    | scraper.parser | Product 8 parsed: case for OnePlus 15 Magnetic Mobile Phone Case,Translucent M
2026-07-28 23:40:07 | DEBUG    | scraper.parser | Product 9 parsed: MAKAVO Magnetic for OnePlus 13R Case [Fit for MagSafe] Trans
2026-07-28 23:40:07 | DEBUG    | scraper.parser | Product 10 parsed: for OnePlus Nord N20 5G Case with Slide Camera Cover and 2pc
2026-07-28 23:40:08 | DEBUG    | scraper.parser | Product 11 parsed: GiiYoon Silicone Case Compatible with OnePlus 15R, Full Body
2026-07-28 23:40:08 | DEBUG    | scraper.parser | Product 12 parsed: kwmobile Case Compatible with OnePlus 9 Pro Case - Soft Slim
2026-07-28 23:40:08 | DEBUG    | scraper.parser | Product 13 parsed: MAKAVO Magnetic for OnePlus 13 Case [Compatible with MagSafe
2026-07-28 23:40:08 | DEBUG    | scraper.parser | Product 14 parsed: Designed for OnePlus 15 Case, Flexible TPU [Brushed Texture]
2026-07-28 23:40:09 | DEBUG    | scraper.parser | Product 15 parsed: Magnetic Leather Case for OnePlus Open with Rotating Kicksta
2026-07-28 23:40:09 | DEBUG    | scraper.parser | Product 16 parsed: for Oneplus Open Case with 360° Magnetic Rotatable Ring Stan
2026-07-28 23:40:09 | DEBUG    | scraper.parser | Product 17 parsed: Designed for OnePlus 15R Case,Flexible TPU [Brushed Texture]
2026-07-28 23:40:09 | DEBUG    | scraper.parser | Product 18 parsed: TUDIA MergeGrip [Magsafe Compatible] for OnePlus 15 5G Case 
2026-07-28 23:40:09 | DEBUG    | scraper.parser | Product 19 parsed: Poetic Guardian Case Compatible with OnePlus 12 5G (2024), B
2026-07-28 23:40:09 | DEBUG    | scraper.parser | Product 20 parsed: Zeking for OnePlus Open Case, Crystal Clear Slim Fit Thin Li
2026-07-28 23:40:09 | DEBUG    | scraper.parser | Product 21 parsed: Silicone Case for OnePlus 15, Deep Purple | Soft Silicone Si
2026-07-28 23:40:10 | DEBUG    | scraper.parser | Product 22 parsed: for oneplus 15 Case 5G [Buffertech Military-Grade Drop Prote
2026-07-28 23:40:10 | INFO     | scraper.search | Page 3: Extracted 22 products (total: 66)
2026-07-28 23:40:10 | DEBUG    | utils.resume | Progress saved: keyword='oneplus cases', last_completed_page=3
2026-07-28 23:40:10 | INFO     | scraper.search | ━━━ Scraping page 4 of 5 ━━━
2026-07-28 23:40:10 | INFO     | scraper.search | Navigating to page 4: https://www.amazon.com/s?k=oneplus cases&page=4
2026-07-28 23:40:13 | DEBUG    | scraper.search | Page 4 loaded successfully.
2026-07-28 23:40:13 | INFO     | scraper.parser | Found 22 product cards on the page.
2026-07-28 23:40:13 | DEBUG    | scraper.parser | Product 1 parsed: for OnePlus 12 Case with Slide Camera Cover, 360° Rotation R
2026-07-28 23:40:14 | DEBUG    | scraper.parser | Product 2 parsed: Poetic Guardian Case for OnePlus 15R 5G, 20FT Mil-Grade Drop
2026-07-28 23:40:14 | DEBUG    | scraper.parser | Product 3 parsed: FNTCASE for Oneplus 15 Clear Case One Plus 15 Case with Scre
2026-07-28 23:40:14 | DEBUG    | scraper.parser | Product 4 parsed: Nillkin for OnePlus Open Case with Camera Cover, [Hinge Prot
2026-07-28 23:40:14 | DEBUG    | scraper.parser | Product 5 parsed: DETUOSI Oneplus Nord N200 5G Phone Case, Built in Screen Pro
2026-07-28 23:40:14 | DEBUG    | scraper.parser | Product 6 parsed: kwmobile Case Compatible with OnePlus Nord N200 5G Case - TP
2026-07-28 23:40:14 | DEBUG    | scraper.parser | Product 7 parsed: for OnePlus 6T/OnePlus 7 Case with [2 Pack] Tempered Glass S
2026-07-28 23:40:15 | DEBUG    | scraper.parser | Product 8 parsed: Spigen Liquid Air Designed for OnePlus 11 Case (2023) - Matt
2026-07-28 23:40:15 | DEBUG    | scraper.parser | Product 9 parsed: Osophter for Oneplus Nord N10 Case Shock-Absorption Flexible
2026-07-28 23:40:15 | DEBUG    | scraper.parser | Product 10 parsed: kwmobile Case Compatible with OnePlus 6T Case - TPU Silicone
2026-07-28 23:40:15 | DEBUG    | scraper.parser | Product 11 parsed: Silicone Case for OnePlus 12, Purple | Soft Silicone Silky T
2026-07-28 23:40:15 | DEBUG    | scraper.parser | Product 12 parsed: Silverback for OnePlus 12 Case Clear with Ring Kickstand | P
2026-07-28 23:40:15 | DEBUG    | scraper.parser | Product 13 parsed: for Oneplus Open Case, Built-in Screen Protector, Full Hinge
2026-07-28 23:40:16 | DEBUG    | scraper.parser | Product 14 parsed: TUDIA MergeGrip for OnePlus 13 Case 5G (2025) - [Military Gr
2026-07-28 23:40:16 | DEBUG    | scraper.parser | Product 15 parsed: for Oneplus Open Case with 360° Magnetic Rotatable Ring Stan
2026-07-28 23:40:16 | DEBUG    | scraper.parser | Product 16 parsed: TUDIA MergeGrip Phone Case for OnePlus 12 5G 2024 - Military
2026-07-28 23:40:16 | DEBUG    | scraper.parser | Product 17 parsed: for OnePlus Nord N200 5G Case, Slim Flexible TPU for Girls W
2026-07-28 23:40:16 | DEBUG    | scraper.parser | Product 18 parsed: Cresee Case for OnePlus Open, Thin Hard Matte Phone Case wit
2026-07-28 23:40:16 | DEBUG    | scraper.parser | Product 19 parsed: TUDIA DualShield Grip Designed for OnePlus10T Case 5G, [Merg
2026-07-28 23:40:16 | DEBUG    | scraper.parser | Product 20 parsed: Poetic Revolution Series Case for OnePlus Nord N10 5G, Full-
2026-07-28 23:40:16 | DEBUG    | scraper.parser | Product 21 parsed: Poetic Revolution Case for OnePlus 15 5G, | Slide Camera Cov
2026-07-28 23:40:17 | DEBUG    | scraper.parser | Product 22 parsed: GiiYoon Silicone Case Compatible with OnePlus 15R, Full Body
2026-07-28 23:40:17 | INFO     | scraper.search | Page 4: Extracted 22 products (total: 88)
2026-07-28 23:40:17 | DEBUG    | utils.resume | Progress saved: keyword='oneplus cases', last_completed_page=4
2026-07-28 23:40:17 | INFO     | scraper.search | ━━━ Scraping page 5 of 5 ━━━
2026-07-28 23:40:17 | INFO     | scraper.search | Navigating to page 5: https://www.amazon.com/s?k=oneplus cases&page=5
2026-07-28 23:40:22 | DEBUG    | scraper.search | Page 5 loaded successfully.
2026-07-28 23:40:22 | INFO     | scraper.parser | Found 22 product cards on the page.
2026-07-28 23:40:22 | DEBUG    | scraper.parser | Product 1 parsed: Poetic Revolution Case for OnePlus 15 5G, | Slide Camera Cov
2026-07-28 23:40:22 | DEBUG    | scraper.parser | Product 2 parsed: Poetic Guardian Case for OnePlus 15R 5G, 20FT Mil-Grade Drop
2026-07-28 23:40:22 | DEBUG    | scraper.parser | Product 3 parsed: MAKAVO Magnetic for OnePlus 13 Case [Compatible with MagSafe
2026-07-28 23:40:22 | DEBUG    | scraper.parser | Product 4 parsed: for Oneplus 9 5G Phone case,1+9 5G Case Shockproof, Scratch 
2026-07-28 23:40:22 | DEBUG    | scraper.parser | Product 5 parsed: for OnePlus 15 Case,high qualit,PC Material,Scratch Resistan
2026-07-28 23:40:22 | DEBUG    | scraper.parser | Product 6 parsed: for OnePlus Nord N20 5G Case with [2 Pack] Tempered Glass Sc
2026-07-28 23:40:22 | DEBUG    | scraper.parser | Product 7 parsed: OnePlus 15 Magnetic Case Aramid Fiber, Ultra Slim 1.3mm Drop
2026-07-28 23:40:23 | DEBUG    | scraper.parser | Product 8 parsed: Osophter Cellular Phone Case for Oneplus 8T 5G, Shock-Absorp
2026-07-28 23:40:23 | DEBUG    | scraper.parser | Product 9 parsed: Nillkin for OnePlus Open Case with Metal Kickstand Camera Le
2026-07-28 23:40:23 | DEBUG    | scraper.parser | Product 10 parsed: Poetic Revolution Case for OnePlus 10 Pro 5G, [20FT Mil-Grad
2026-07-28 23:40:23 | DEBUG    | scraper.parser | Product 11 parsed: Silverback for OnePlus 12 Case Clear with Ring Kickstand | P
2026-07-28 23:40:23 | DEBUG    | scraper.parser | Product 12 parsed: GiiYoon Silicone Case Compatible with OnePlus 15R, Full Body
2026-07-28 23:40:23 | DEBUG    | scraper.parser | Product 13 parsed: MAKAVO Slim Fit for OnePlus Nord N300 5G Case with Screen Pr
2026-07-28 23:40:23 | DEBUG    | scraper.parser | Product 14 parsed: Osophter for Oneplus 8 Case [Not Compatible with Oneplus 8T]
2026-07-28 23:40:23 | DEBUG    | scraper.parser | Product 15 parsed: Compatible for OnePlus 11 5G Phone Case, 360° Rotatable Ring
2026-07-28 23:40:24 | DEBUG    | scraper.parser | Product 16 parsed: Oneplus Nord N20 5G Case, Built in Screen Protector Full Bod
2026-07-28 23:40:24 | DEBUG    | scraper.parser | Product 17 parsed: TUDIA DualShield Grip Designed for OnePlus 11 Case 5G (2023)
2026-07-28 23:40:24 | DEBUG    | scraper.parser | Product 18 parsed: Poetic Guardian Case for OnePlus Nord N30 5G, [20FT Mil-Grad
2026-07-28 23:40:24 | DEBUG    | scraper.parser | Product 19 parsed: OtterBox OnePlus Nord N300 5G Commuter Series Lite Case - Bl
2026-07-28 23:40:24 | DEBUG    | scraper.parser | Product 20 parsed: MAKAVO for OnePlus Nord N30 5G Case with Glass Screen Protec
2026-07-28 23:40:24 | DEBUG    | scraper.parser | Product 21 parsed: for OnePlus 12 Case with Slide Camera Cover, 360° Rotation R
2026-07-28 23:40:24 | DEBUG    | scraper.parser | Product 22 parsed: Silicone Case for OnePlus 15, Green | Soft Silicone Silky To
2026-07-28 23:40:24 | INFO     | scraper.search | Page 5: Extracted 22 products (total: 110)
2026-07-28 23:40:24 | DEBUG    | utils.resume | Progress saved: keyword='oneplus cases', last_completed_page=5
2026-07-28 23:40:24 | INFO     | scraper.search | Scraping complete. Total products extracted: 110
2026-07-28 23:40:24 | INFO     | __main__ | Scraping finished: 110 products extracted.
2026-07-28 23:40:24 | INFO     | filters.product_filter | No filters applied. All 110 products kept.
2026-07-28 23:40:24 | INFO     | exporters.csv_exporter | CSV export complete: 110 products saved to 'E:\Anas\internship\Week3\Amazon_Automation\output\results.csv'
2026-07-28 23:40:24 | INFO     | exporters.json_exporter | JSON export complete: 110 products saved to 'E:\Anas\internship\Week3\Amazon_Automation\output\results.json'
2026-07-28 23:40:24 | INFO     | exporters.sqlite_exporter | SQLite export complete: 110 products saved to 'E:\Anas\internship\Week3\Amazon_Automation\output\results.db' (0 skipped — no ASIN)
2026-07-28 23:40:24 | DEBUG    | utils.resume | Progress file cleared.
2026-07-28 23:40:24 | INFO     | __main__ | ------------------------------------------------------------
2026-07-28 23:40:24 | INFO     | __main__ | SCRAPE SUMMARY
2026-07-28 23:40:24 | INFO     | __main__ | ------------------------------------------------------------
2026-07-28 23:40:24 | INFO     | __main__ | Keyword:          oneplus cases
2026-07-28 23:40:24 | INFO     | __main__ | Pages scraped:    5
2026-07-28 23:40:24 | INFO     | __main__ | Products found:   110
2026-07-28 23:40:24 | INFO     | __main__ | After filtering:  110
2026-07-28 23:40:24 | INFO     | __main__ | Time elapsed:     60.3 seconds
2026-07-28 23:40:24 | INFO     | __main__ | CSV output:       E:\Anas\internship\Week3\Amazon_Automation\output\results.csv
2026-07-28 23:40:24 | INFO     | __main__ | JSON output:      E:\Anas\internship\Week3\Amazon_Automation\output\results.json
2026-07-28 23:40:24 | INFO     | __main__ | SQLite output:    E:\Anas\internship\Week3\Amazon_Automation\output\results.db
2026-07-28 23:40:24 | INFO     | __main__ | ============================================================
2026-07-28 23:40:24 | INFO     | __main__ | Scraping completed successfully!
2026-07-28 23:40:24 | INFO     | __main__ | ============================================================
2026-07-28 23:40:27 | INFO     | scraper.driver | Chrome WebDriver closed successfully.
